locationid,study_county,latitude,longitude,ctadi_score,refined_need_percentile,trial_access_disadvantage_percentile,weighted_avg_miles_reduced,weighted_distance_reduction,target_tracts_improved,target_tracts_within_5mi_after,target_tracts_within_10mi_after,modeled_depression_burden_within_5mi_after,modeled_depression_burden_within_10mi_after,critical_deserts_within_5mi_after,critical_deserts_within_10mi_after,optimization_rank
34013000900,"Essex County, NJ",40.7541922,-74.1877721,87.20182249927504,82.94214876033058,91.68026101141925,5.683309335408911,173685.50245157088,61,45,52,25250.504999999997,29372.277000000002,6,7,1
34013000700,"Essex County, NJ",40.7593348,-74.1919364,93.80547527498416,95.50413223140495,92.13703099510604,5.678530466536944,173539.45721767758,61,45,52,25250.504999999997,29372.277000000002,6,7,2
34013000800,"Essex County, NJ",40.7611259,-74.1853896,87.9145905613827,84.36363636363636,91.61500815660685,5.677295353113042,173501.71137578253,61,45,53,25250.504999999997,29651.167,6,7,3
34013009000,"Essex County, NJ",40.7551713,-74.1807919,72.23423266689578,57.81818181818181,90.2446982055465,5.66751141630127,173202.70812242807,61,45,52,25250.504999999997,29372.277000000002,6,7,4
34013009100,"Essex County, NJ",40.761005,-74.17987,80.76252081282679,72.19834710743802,90.34257748776508,5.654259316383155,172797.71562651097,61,45,53,25250.504999999997,29651.167,6,7,5
34013001600,"Essex County, NJ",40.750948,-74.1928048,74.4075363723202,60.13223140495868,92.07177814029363,5.648846626333054,172632.30041936936,60,45,51,25250.504999999997,28903.781,6,7,6
34013001000,"Essex County, NJ",40.7477293,-74.1824031,76.70329748354501,64.26446280991736,91.54975530179445,5.643897039945904,172481.03795100018,60,45,50,25250.504999999997,28353.621,6,6,7
34013010800,"Essex County, NJ",40.7598132,-74.1973712,75.11250959135108,60.7603305785124,92.85481239804241,5.6381877761421535,172306.5592636965,61,45,52,25250.504999999997,29372.277000000002,6,7,8
34013008900,"Essex County, NJ",40.7551992,-74.1755375,81.77747104553832,76.19834710743801,87.76508972267537,5.629206159321286,172032.0754131271,61,45,52,25250.504999999997,29372.277000000002,6,7,9
34013001500,"Essex County, NJ",40.7462516,-74.1918795,78.79668134736413,67.60330578512396,91.84339314845025,5.625474208138196,171918.02464127817,60,45,50,25250.504999999997,28353.621,6,6,10
34013001700,"Essex County, NJ",40.7506022,-74.1976609,85.4156373129019,78.7107438016529,92.69168026101143,5.613871195225015,171563.42927987102,60,45,50,25250.504999999997,28353.621,6,6,11
34013001100,"Essex County, NJ",40.7432323,-74.1824756,78.95626416314683,70.61157024793388,88.28711256117455,5.611826015295159,171500.92729682606,60,45,50,25250.504999999997,28353.621,6,6,12
34013000500,"Essex County, NJ",40.7679859,-74.1836562,76.49960706052487,63.90082644628099,91.58238172920066,5.607635069538009,171372.84936254178,61,45,55,25250.504999999997,30579.142,6,8,13
34013000600,"Essex County, NJ",40.7685977,-74.1872466,81.34573169791128,72.09917355371901,91.77814029363785,5.603499839051846,171246.47412192845,61,45,55,25250.504999999997,30579.142,6,8,14
34013008800,"Essex County, NJ",40.7528574,-74.1730126,51.92410943772005,30.776859504132233,87.60195758564437,5.5990087100599295,171109.22239947232,61,45,52,25250.504999999997,29372.277000000002,6,7,15
34013008200,"Essex County, NJ",40.740562,-74.1885922,84.6421734164545,81.05785123966942,88.38499184339315,5.584700092564543,170671.94206289275,58,46,50,25891.944999999996,28353.621,6,6,16
34013010300,"Essex County, NJ",40.7662302,-74.198587,63.936387298669096,43.900826446280995,93.11582381729201,5.584671080854843,170671.05544682473,61,45,54,25250.504999999997,30097.716999999997,6,7,17
34013001300,"Essex County, NJ",40.7422664,-74.194362,81.98898578585539,75.14049586776859,89.46166394779772,5.574769235161975,170368.4488240163,59,46,50,25891.944999999996,28353.621,6,6,18
34013010700,"Essex County, NJ",40.761853,-74.2030768,80.97614059552207,70.14876033057851,93.4747145187602,5.574443345244432,170358.48942347482,61,45,53,25250.504999999997,29651.167,6,7,19
34013009400,"Essex County, NJ",40.7665025,-74.1729955,90.62835490325033,93.6198347107438,87.73246329526917,5.563593697465566,170026.9173736914,61,45,55,25250.504999999997,30579.142,6,8,20
34013008700,"Essex County, NJ",40.7556026,-74.1695751,80.1364562303904,73.55371900826447,87.30831973898859,5.5603051139015385,169926.41619471923,61,45,52,25250.504999999997,29372.277000000002,6,7,21
34013022900,"Essex County, NJ",40.7451733,-74.1717157,88.47526589980471,92.06611570247934,85.02446982055464,5.557549069753068,169842.1897547253,60,45,50,25250.504999999997,28353.621,6,6,22
34013006400,"Essex County, NJ",40.7375916,-74.1840038,49.20666783048495,27.53719008264463,87.92822185970635,5.55259058352221,169690.65530154321,57,46,50,25891.944999999996,28353.621,6,6,23
34013001400,"Essex County, NJ",40.743114,-74.1985579,59.4177365839492,39.30578512396694,89.8205546492659,5.549227246046415,169587.86959608144,59,46,50,25891.944999999996,28353.621,6,6,24
34013010900,"Essex County, NJ",40.7540742,-74.2053959,80.89385103261779,69.88429752066115,93.6378466557912,5.54377451951948,169421.23084906457,60,45,51,25250.504999999997,28903.781,6,7,25
34013009200,"Essex County, NJ",40.7594232,-74.1674201,79.70212701680167,74.11570247933884,85.70962479608482,5.526278269629934,168886.53446466208,61,45,53,25250.504999999997,29651.167,6,7,26
34013010200,"Essex County, NJ",40.7722747,-74.1975582,73.59665011699768,58.14876033057851,93.14845024469821,5.510663399963746,168409.3342414065,61,44,55,24685.101,30579.142,6,8,27
34013001800,"Essex County, NJ",40.7449098,-74.20381,68.56685978848743,51.00826446280992,92.16965742251223,5.508367560954809,168339.17195948903,59,45,50,25250.504999999997,28353.621,6,6,28
34013000400,"Essex County, NJ",40.7743272,-74.1828886,63.740039695642125,44.3305785123967,91.64763458401305,5.5058961792975465,168263.6449839966,61,44,58,24685.101,32168.51,6,8,29
34013022800,"Essex County, NJ",40.733385,-74.1842883,82.03509401465895,76.79338842975206,87.63458401305057,5.497495001539677,168006.8997157126,54,46,50,25891.944999999996,28353.621,6,6,30
34013008100,"Essex County, NJ",40.7341337,-74.1767784,87.95251585964448,90.08264462809917,85.87275693311582,5.4865480771478445,167672.35483154646,55,46,50,25891.944999999996,28353.621,6,6,31
34013010600,"Essex County, NJ",40.7644839,-74.2096265,92.606511204759,91.17355371900825,94.06199021207178,5.4771576233624595,167385.37666658874,61,45,53,25250.504999999997,29651.167,6,7,32
34013009300,"Essex County, NJ",40.7658745,-74.1658556,87.31863936437463,88.99173553719008,85.67699836867862,5.473692398931814,167279.4772318009,61,45,55,25250.504999999997,30579.142,6,8,33
34013000200,"Essex County, NJ",40.7738296,-74.1751406,75.94424498205284,65.52066115702479,88.02610114192497,5.473022237697963,167258.99668362807,61,44,57,24685.101,31737.464,6,8,34
34013015900,"Essex County, NJ",40.7763477,-74.1913835,86.33819180737238,80.56198347107438,92.52854812398043,5.469573564786506,167153.60307366113,61,44,58,24685.101,32168.51,6,8,35
34013011100,"Essex County, NJ",40.7568504,-74.2116695,93.32610156795452,92.62809917355372,94.02936378466558,5.4615062554470635,166907.06103391616,60,45,52,25250.504999999997,29372.277000000002,6,7,36
34013003100,"Essex County, NJ",40.7317801,-74.1923583,80.1398882115077,72.39669421487604,88.71125611745514,5.452815849050552,166641.4767567975,53,46,50,25891.944999999996,28353.621,6,6,37
34013002800,"Essex County, NJ",40.7359373,-74.2008767,60.37591380122645,40.925619834710744,89.07014681892332,5.442127958690608,166314.8481153212,54,46,50,25891.944999999996,28353.621,6,6,38
34013006200,"Essex County, NJ",40.7296971,-74.1862308,86.07588050147335,84.89256198347107,87.27569331158239,5.4393971932342,166231.39420803188,52,46,50,25891.944999999996,28353.621,6,6,39
34017013400,"Hudson County, NJ",40.7520111,-74.1621893,80.2323617801975,75.30578512396694,85.48123980424144,5.4295957780704525,165931.8568052645,60,45,52,25250.504999999997,29372.277000000002,6,7,40
34013000300,"Essex County, NJ",40.7772697,-74.1782731,86.5929330384546,82.9090909090909,90.44045676998368,5.4287877294535045,165907.16233206991,61,43,58,24220.799,32168.51,6,8,41
34017013700,"Hudson County, NJ",40.7475329,-74.162839,66.15596296198844,52.29752066115702,83.68678629690048,5.4251879422337534,165797.15057394057,60,45,50,25250.504999999997,28353.621,6,6,42
34013008000,"Essex County, NJ",40.7331957,-74.1685287,66.01893049981433,52.0,83.81729200652529,5.390292618827907,164730.7275761295,55,46,50,25891.944999999996,28353.621,6,6,43
34013006600,"Essex County, NJ",40.7270642,-74.1871371,62.95005862550079,45.421487603305785,87.24306688417617,5.3881490747949465,164665.21952432027,49,46,50,25891.944999999996,28353.621,6,6,44
34013009500,"Essex County, NJ",40.7741049,-74.1674883,83.35439188530803,79.37190082644628,87.53670473083197,5.386056356766906,164601.26474714052,61,43,58,24220.799,32168.51,6,8,45
34013002600,"Essex County, NJ",40.739782,-74.2086392,59.25303168601754,39.17355371900826,89.6247960848287,5.384269891138082,164546.66923560968,54,46,50,25891.944999999996,28353.621,6,6,46
34013010400,"Essex County, NJ",40.7719308,-74.2103109,89.947445321868,85.68595041322314,94.42088091353997,5.383501407821767,164523.1839028497,61,44,55,24685.101,30579.142,6,8,47
34013011200,"Essex County, NJ",40.7597713,-74.2160036,81.08972266668788,69.52066115702479,94.58401305057096,5.380894452701464,164443.51371718562,60,45,52,25250.504999999997,29372.277000000002,6,7,48
34013003800,"Essex County, NJ",40.7307815,-74.1997539,85.46852255842977,82.31404958677686,88.74388254486134,5.3805865944082445,164434.10537440746,52,46,50,25891.944999999996,28353.621,6,6,49
34017013300,"Hudson County, NJ",40.7589647,-74.1592232,67.14653623336257,53.5206611570248,84.24143556280588,5.375400900267655,164275.62730481572,61,44,52,24333.369,29372.277000000002,6,7,50
34013023100,"Essex County, NJ",40.7349696,-74.2058432,76.59636295371284,65.78512396694215,89.18433931484503,5.368691000840793,164070.56856446297,54,46,50,25891.944999999996,28353.621,6,6,51
34013001900,"Essex County, NJ",40.7453469,-74.2135065,85.46011763948935,78.87603305785123,92.59380097879281,5.362542728250361,163882.6734929374,59,45,50,25250.504999999997,28353.621,6,6,52
34013003900,"Essex County, NJ",40.7270499,-74.1945932,85.82365122062883,83.30578512396694,88.41761827079935,5.356722839739126,163704.81404509983,48,46,50,25891.944999999996,28353.621,6,6,53
34013006700,"Essex County, NJ",40.7253517,-74.18008,86.04741940624868,85.0909090909091,87.01468189233279,5.34866706683951,163458.62456620095,48,46,50,25891.944999999996,28353.621,6,6,54
34013010100,"Essex County, NJ",40.7781914,-74.206363,29.831699550761517,9.454545454545455,94.12724306688418,5.313372819953589,162380.01021631178,61,44,58,24685.101,32168.51,6,8,55
34013010500,"Essex County, NJ",40.7697668,-74.2164122,81.3803633519369,69.85123966942149,94.81239804241436,5.308230214378148,162222.8489603309,61,45,54,25250.504999999997,30097.716999999997,6,7,56
34013011700,"Essex County, NJ",40.7516645,-74.2187485,68.92249038899031,50.67768595041322,93.73572593800978,5.3057111408036555,162145.86448989707,59,45,50,25250.504999999997,28353.621,6,6,57
34013011600,"Essex County, NJ",40.7557156,-74.2194905,70.57164255975839,52.892561983471076,94.15986949429038,5.305474630391313,162138.63658316553,60,45,51,25250.504999999997,28903.781,6,7,58
34013022700,"Essex County, NJ",40.7226675,-74.187981,83.79632518133413,80.72727272727272,86.98205546492659,5.296519638360979,161864.96640291545,48,46,50,25891.944999999996,28353.621,6,6,59
34017013600,"Hudson County, NJ",40.748205,-74.1565017,62.34120241637749,47.00826446280992,82.67536704730833,5.293890086262151,161784.60563939658,60,44,51,24333.369,28903.781,6,7,60
34017013800,"Hudson County, NJ",40.7397282,-74.1588124,34.85569845406903,14.677685950413222,82.77324632952691,5.284426115932846,161495.38076268768,60,45,50,25250.504999999997,28353.621,6,6,61
34013007900,"Essex County, NJ",40.732585,-74.1620882,88.82080195761544,94.3801652892562,83.5889070146819,5.2826638700442645,161441.52542162882,55,46,50,25891.944999999996,28353.621,6,6,62
34013013300,"Essex County, NJ",40.7384217,-74.2139934,72.48385781448776,58.578512396694215,89.69004893964112,5.279778487268034,161353.3463119449,54,46,50,25891.944999999996,28353.621,6,6,63
34013007800,"Essex County, NJ",40.7272878,-74.1670688,86.39544985674263,89.15702479338843,83.71941272430668,5.279023925829223,161330.28644050448,50,46,50,25891.944999999996,28353.621,6,6,64
34017013200,"Hudson County, NJ",40.7577922,-74.1548596,74.13675705373228,65.42148760330578,84.01305057096248,5.278145284401774,161303.43460668818,61,43,52,23617.733999999997,29372.277000000002,5,7,65
34013011300,"Essex County, NJ",40.7642198,-74.2203846,84.47594890661024,75.00826446280992,95.13866231647634,5.275544800331485,161223.96218037634,60,45,52,25250.504999999997,29372.277000000002,6,7,66
34013015800,"Essex County, NJ",40.7847677,-74.1881044,61.22712087448268,40.52892561983471,92.49592169657423,5.267797339243065,160987.19490404977,61,42,62,23692.244,34035.596,6,8,67
34013015700,"Essex County, NJ",40.7838707,-74.1964872,46.19253204634374,22.84297520661157,93.4094616639478,5.263697229659961,160861.8929802901,61,42,61,23692.244,33668.998999999996,6,8,68
34013009600,"Essex County, NJ",40.7728435,-74.1584934,88.08881745771737,91.93388429752066,84.40456769983686,5.260662974903252,160769.16424939004,61,40,57,22059.472999999998,31737.464,5,8,69
34013003500,"Essex County, NJ",40.7332973,-74.2116682,87.41051459229118,85.71900826446281,89.13539967373573,5.2550491928430745,160597.6035441332,53,46,50,25891.944999999996,28353.621,6,6,70
34013003700,"Essex County, NJ",40.7287222,-74.2078113,85.0540119336214,81.48760330578513,88.77650897226754,5.241313689747636,160177.8379435362,48,46,50,25891.944999999996,28353.621,6,6,71
34013014700,"Essex County, NJ",40.7851938,-74.1790842,81.18943743858709,72.72727272727273,90.63621533442088,5.238193161864605,160082.47265171557,61,42,62,23692.244,34035.596,6,8,72
34013000100,"Essex County, NJ",40.7824422,-74.1691008,79.81378567620516,72.52892561983471,87.83034257748777,5.2288936107713555,159798.27253011704,61,40,61,22059.472999999998,33668.998999999996,5,8,73
34013009700,"Essex County, NJ",40.7772693,-74.1600205,86.32343718150928,87.10743801652893,85.54649265905383,5.215748037427976,159396.53555322337,61,40,59,22059.472999999998,32664.518999999997,5,8,74
34013002500,"Essex County, NJ",40.7437187,-74.2209241,74.54748733949013,59.933884297520656,92.72430668841763,5.198728349738942,158876.4032089532,56,45,50,25250.504999999997,28353.621,6,6,75
34017013000,"Hudson County, NJ",40.7586956,-74.1515496,67.53933486700296,55.768595041322314,81.79445350734095,5.195796703941309,158786.8102722817,61,43,52,23617.733999999997,29372.277000000002,5,7,76
34017013100,"Hudson County, NJ",40.7654927,-74.1525094,59.52998328444164,43.239669421487605,81.95758564437195,5.194895269570043,158759.26187178819,61,41,54,22588.028,30097.716999999997,5,7,77
34013006900,"Essex County, NJ",40.7236411,-74.1663917,89.2125365640592,95.43801652892562,83.39314845024471,5.194476292724034,158746.45767625349,48,46,50,25891.944999999996,28353.621,6,6,78
34013004100,"Essex County, NJ",40.7246108,-74.2059732,77.13811761242539,67.27272727272727,88.45024469820555,5.19144128539837,158653.70594637352,48,46,50,25891.944999999996,28353.621,6,6,79
34013005700,"Essex County, NJ",40.7182857,-74.1846161,86.44963832991768,86.0495867768595,86.85154975530179,5.183307646966349,158405.13684790418,46,46,50,25891.944999999996,28353.621,6,6,80
34013023200,"Essex County, NJ",40.7187885,-74.1936395,91.16970504153649,94.77685950413223,87.69983686786297,5.179255724145671,158281.3075418659,46,46,50,25891.944999999996,28353.621,6,6,81
34013007700,"Essex County, NJ",40.7282826,-74.1598126,82.29829309541303,81.0909090909091,83.5236541598695,5.170963430679055,158027.88984590277,51,46,50,25891.944999999996,28353.621,6,6,82
34013010000,"Essex County, NJ",40.7796727,-74.2147834,62.46735412615338,41.057851239669425,95.04078303425774,5.16280177942933,157778.46465813214,61,43,58,24124.932999999997,32168.51,6,8,83
34013011800,"Essex County, NJ",40.7479509,-74.224278,63.44257266130867,43.074380165289256,93.442088091354,5.162350681353182,157764.67881763206,58,45,50,25250.504999999997,28353.621,6,6,84
34013018400,"Essex County, NJ",40.7679202,-74.2243989,65.46324525702586,44.8595041322314,95.53017944535074,5.1611304341463216,157727.38729666587,60,45,53,25250.504999999997,29651.167,6,7,85
34013011500,"Essex County, NJ",40.7557179,-74.2259294,45.25830395132772,21.68595041322314,94.45350734094616,5.158992576044536,157662.05301048417,58,45,50,25250.504999999997,28353.621,6,6,86
34017013500,"Hudson County, NJ",40.7506025,-74.1506335,80.90998238215019,79.33884297520662,82.51223491027733,5.158185086972227,157637.37563732514,60,43,52,23617.733999999997,29372.277000000002,5,7,87
34013006800,"Essex County, NJ",40.7191013,-74.1737618,89.89984045567162,94.9090909090909,85.15497553017944,5.156786371525371,157594.63001486525,46,45,50,25348.948,28353.621,6,6,88
34017012500,"Hudson County, NJ",40.7700282,-74.1515041,44.05293278982567,23.669421487603305,81.99021207177815,5.132705908205251,156858.71593308836,61,40,55,22059.472999999998,30579.142,5,8,89
34013005400,"Essex County, NJ",40.7200828,-74.2032278,90.15207873867713,92.36363636363636,87.99347471451875,5.131364270719567,156817.71464896732,46,46,50,25891.944999999996,28353.621,6,6,90
34013013200,"Essex County, NJ",40.732213,-74.2173723,82.74434198664167,76.72727272727272,89.23327895595432,5.127747672576861,156707.18913847508,51,46,50,25891.944999999996,28353.621,6,6,91
34017012900,"Hudson County, NJ",40.7589129,-74.1485287,71.42079520700554,62.51239669421488,81.59869494290375,5.116498366737928,156363.4032873877,61,43,52,23617.733999999997,29372.277000000002,5,7,92
34013007600,"Essex County, NJ",40.7300384,-74.155392,84.10113368785069,85.65289256198348,82.57748776508971,5.098120202442524,155801.75504489322,52,44,50,24431.811999999998,28353.621,6,6,93
34013004200,"Essex County, NJ",40.7256766,-74.2134274,79.489913874167,71.30578512396694,88.61337683523655,5.091154753693781,155588.88655677685,48,46,50,25891.944999999996,28353.621,6,6,94
34013012600,"Essex County, NJ",40.7350915,-74.2215294,74.61080896831031,62.247933884297524,89.42903752039152,5.08447621104267,155384.78609918334,53,46,50,25891.944999999996,28353.621,6,6,95
34017013900,"Hudson County, NJ",40.7384835,-74.1512501,55.44253169584261,38.31404958677686,80.2283849918434,5.081900517172657,155306.0712769604,58,43,50,23617.733999999997,28353.621,5,6,96
34013007000,"Essex County, NJ",40.7223247,-74.1612616,88.88178187081499,94.84297520661157,83.2952691680261,5.076909013142049,155153.52777908253,48,43,50,24123.135999999995,28353.621,5,6,97
34013015600,"Essex County, NJ",40.7890843,-74.202714,40.96753615048309,17.81818181818182,94.19249592169658,5.074825308168918,155089.8484465211,61,37,62,20473.662,34035.596,6,8,98
34013002400,"Essex County, NJ",40.741788,-74.2261363,76.22806691673861,62.71074380165289,92.65905383360521,5.062382470597547,154709.5875161434,54,46,50,25891.944999999996,28353.621,6,6,99
34013015500,"Essex County, NJ",40.7922068,-74.187749,47.9659413859212,24.760330578512395,92.92006525285481,5.05763233368351,154564.42034892834,61,35,62,19762.867,34035.596,6,8,100
34013009900,"Essex County, NJ",40.7823152,-74.2182406,57.54256375638295,34.743801652892564,95.30179445350734,5.043616775127973,154136.09607759377,61,38,59,21180.591,32741.39,6,8,101
34013005000,"Essex County, NJ",40.7149833,-74.1977885,75.76252611242117,65.71900826446281,87.34094616639479,5.040109966234627,154028.92579551047,46,46,50,25891.944999999996,28353.621,6,6,102
34013011400,"Essex County, NJ",40.7558759,-74.2308702,60.08953453380768,38.14876033057851,94.64926590538336,5.0348496824008215,153868.16821805114,58,45,50,25250.504999999997,28353.621,6,6,103
34013005300,"Essex County, NJ",40.7192041,-74.2091284,64.65479414758377,47.47107438016529,88.05872756933117,5.026383592036405,153609.43917974544,46,46,50,25891.944999999996,28353.621,6,6,104
34013013000,"Essex County, NJ",40.7302398,-74.2210452,68.1335515548558,52.09917355371901,89.10277324632952,5.01788254614641,153349.64187862576,48,46,50,25891.944999999996,28353.621,6,6,105
34013014500,"Essex County, NJ",40.7873906,-74.1611661,74.1805198014862,62.909090909090914,87.47145187601959,5.001553210230796,152850.60711809748,61,38,62,20948.189,34035.596,5,8,106
34013002000,"Essex County, NJ",40.7486312,-74.2319149,90.37221866992515,87.00826446280992,93.86623164763458,4.981567928427002,152239.84435526462,58,45,50,25250.504999999997,28353.621,6,6,107
34013005200,"Essex County, NJ",40.7191637,-74.2131884,74.43133384987095,62.84297520661157,88.15660685154975,4.9583108982585555,151529.0949077251,46,46,50,25891.944999999996,28353.621,6,6,108
34017012800,"Hudson County, NJ",40.7537092,-74.1428351,73.77694235862334,67.10743801652893,81.10929853181077,4.950323136590556,151284.98389477597,61,43,52,23617.733999999997,29372.277000000002,5,7,109
34013007200,"Essex County, NJ",40.7240163,-74.1537615,84.9547324584079,87.50413223140497,82.47960848287113,4.947503429931983,151198.81188849275,48,40,50,21784.405,28353.621,3,6,110
34013018300,"Essex County, NJ",40.7748448,-74.2300527,88.68645842516696,81.71900826446281,96.24796084828712,4.945456499649882,151136.256413584,61,40,55,22173.448,30579.142,6,8,111
34013012500,"Essex County, NJ",40.733558,-74.2267165,60.47059059904047,40.85950413223141,89.49429037520392,4.942592014280239,151048.7159417691,51,46,50,25891.944999999996,28353.621,6,6,112
34013005100,"Essex County, NJ",40.714564,-74.2068234,68.22266412086152,53.090909090909086,87.66721044045677,4.935322451036665,150826.5535237045,46,46,50,25891.944999999996,28353.621,6,6,113
34013007100,"Essex County, NJ",40.720505,-74.1564595,87.14493337689568,92.16528925619835,82.39804241435563,4.927123687209232,150575.9941522521,46,41,50,22500.039999999997,28353.621,4,6,114
34013018200,"Essex County, NJ",40.7787717,-74.228222,91.06250735720616,86.21487603305785,96.18270799347471,4.919777405222929,150351.48716122974,61,38,55,20975.308,30579.142,6,8,115
34013018700,"Essex County, NJ",40.7633953,-74.2353303,93.84703073276022,92.099173553719,95.62805872756933,4.9132947189283955,150153.37219689254,59,42,52,23307.623,29372.277000000002,6,7,116
34013007300,"Essex County, NJ",40.7274681,-74.1500122,89.25062029706089,96.82644628099175,82.26753670473084,4.91076346481139,150076.01548143,50,40,50,21784.405,28353.621,3,6,117
34013018100,"Essex County, NJ",40.7840636,-74.2237223,67.18570191482294,47.074380165289256,95.88907014681892,4.8972033052246395,149661.60848857558,61,34,59,18947.16,32741.39,6,8,118
34017012600,"Hudson County, NJ",40.7709484,-74.1427474,62.74874274439114,48.33057851239669,81.46818923327895,4.892192814528354,149508.48474627084,61,40,55,22059.472999999998,30579.142,5,8,119
34013018600,"Essex County, NJ",40.7700126,-74.234578,95.0890440977111,93.78512396694215,96.4110929853181,4.887437669863514,149363.16453904635,60,40,53,22173.448,29651.167,6,7,120
34013002300,"Essex County, NJ",40.7386751,-74.2321692,51.35121884023978,28.52892561983471,92.43066884176183,4.880056535405438,149137.59243459898,53,46,50,25891.944999999996,28353.621,6,6,121
34013013100,"Essex County, NJ",40.7223296,-74.2211666,75.5656276085673,64.46280991735537,88.58075040783035,4.873849649337566,148947.90609839314,46,46,50,25891.944999999996,28353.621,6,6,122
34013004801,"Essex County, NJ",40.710854,-74.2020184,76.08576379631887,66.3801652892562,87.21044045676999,4.8722360569440495,148898.593701499,46,45,50,25258.363999999998,28353.621,6,6,123
34013002100,"Essex County, NJ",40.7432015,-74.2346173,75.94966994935518,61.81818181818181,93.3115823817292,4.8634190835052395,148629.1414560826,54,45,50,25250.504999999997,28353.621,6,6,124
34013004300,"Essex County, NJ",40.7186439,-74.2182831,74.75446981835218,63.272727272727266,88.31973898858075,4.851380644746995,148261.2392073996,46,45,50,25258.363999999998,28353.621,6,6,125
34013014600,"Essex County, NJ",40.7920348,-74.1589486,59.37895093564816,40.82644628099173,86.36215334420882,4.848694558421924,148179.15072242278,61,34,62,19122.864,34035.596,5,8,126
34013011900,"Essex County, NJ",40.7272226,-74.228207,65.67668732432443,48.46280991735537,89.00489396411093,4.806951993831584,146903.47173389405,46,46,50,25891.944999999996,28353.621,6,6,127
34013015400,"Essex County, NJ",40.8004234,-74.1951196,79.0280842322582,66.51239669421489,93.89885807504078,4.785822274012559,146257.73422659995,61,25,63,14214.46,34767.236,5,8,128
34013004400,"Essex County, NJ",40.714256,-74.2167472,68.73550652287386,53.752066115702476,87.89559543230017,4.7685953977576325,145731.27006964013,46,44,50,24633.883999999995,28353.621,6,6,129
34013004900,"Essex County, NJ",40.7092563,-74.2070889,83.73583443214542,80.4297520661157,87.17781402936379,4.767074674686827,145684.79581757067,46,44,50,24633.883999999995,28353.621,6,6,130
34013014000,"Essex County, NJ",40.8007967,-74.1734983,33.68224582306587,12.429752066115702,91.27243066884176,4.75650400075082,145361.7493836227,60,23,63,13712.232,34767.236,5,8,131
34013015300,"Essex County, NJ",40.8021653,-74.1818755,50.0908804263693,27.107438016528924,92.56117455138663,4.749330546515524,145142.52411720823,60,21,63,12978.481,34767.236,5,8,132
34013012900,"Essex County, NJ",40.7225101,-74.2270789,73.97570036256474,61.6198347107438,88.80913539967374,4.7475593204709545,145088.39433694276,46,45,50,25258.363999999998,28353.621,6,6,133
34017012400,"Hudson County, NJ",40.7816643,-74.1419758,39.46530305472243,19.669421487603305,79.18433931484502,4.72552026487075,144414.86695710602,61,35,61,19369.327999999998,33668.998999999996,4,8,134
34013012300,"Essex County, NJ",40.7319697,-74.2346379,78.63506019721446,68.89256198347108,89.75530179445352,4.72235815107714,144318.2307737418,48,45,50,25258.363999999998,28353.621,6,6,135
34013014100,"Essex County, NJ",40.8002652,-74.1661727,41.49331218866176,19.537190082644628,88.12398042414355,4.711550674987448,143987.94751726364,60,24,63,14089.742999999999,34767.236,5,8,136
34013017700,"Essex County, NJ",40.7859149,-74.2307107,80.30690863162998,66.64462809917356,96.7699836867863,4.695717171310065,143504.06570132214,61,30,59,16910.989999999998,32741.39,6,8,137
34013018800,"Essex County, NJ",40.7579267,-74.2428385,61.66980649473693,39.93388429752066,95.23654159869494,4.6839792325669345,143145.34692181728,57,42,50,23307.623,28353.621,6,6,138
34013017200,"Essex County, NJ",40.7956148,-74.2198092,24.870635867228405,6.446280991735537,95.95432300163132,4.659126873926041,142385.8432342814,61,27,62,15408.499,34035.596,6,8,139
34013004600,"Essex County, NJ",40.7098469,-74.2157763,85.98913313916722,84.59504132231405,87.40619902120717,4.657552649378553,142337.73394348516,46,43,50,24194.863999999998,28353.621,6,6,140
34013002202,"Essex County, NJ",40.7357252,-74.2400533,70.60719757846736,53.91735537190082,92.46329526916803,4.630828355568121,141521.02274157866,50,45,50,25258.363999999998,28353.621,6,6,141
34013015200,"Essex County, NJ",40.8064332,-74.1879502,72.19197932492774,55.73553719008264,93.5073409461664,4.618512327407722,141144.63718643755,60,19,63,11735.301000000001,34767.236,5,8,142
34017012300,"Hudson County, NJ",40.7766078,-74.1347627,45.64043260030575,27.27272727272727,76.3784665579119,4.601560062544857,140626.56532607717,61,33,58,18397.14,32168.51,3,8,143
34013014200,"Essex County, NJ",40.8016319,-74.1582866,36.410114150345436,15.338842975206612,86.4274061990212,4.5805980460674425,139985.95293822166,60,22,63,13549.797999999999,34767.236,5,8,144
34013016000,"Essex County, NJ",40.8047984,-74.204569,53.472163243326094,30.11570247933884,94.94290375203916,4.579733478758735,139959.5312183127,60,20,63,12088.745,34767.236,5,8,145
34013017800,"Essex County, NJ",40.772868,-74.2435147,55.35632391309486,31.5702479338843,97.06362153344209,4.574448657709817,139798.02376814996,60,34,53,18779.852,29651.167,6,7,146
34013014400,"Essex County, NJ",40.7936754,-74.1456584,61.89877065093689,46.54545454545455,82.31647634584013,4.564697410153597,139500.0195189743,60,27,62,15943.897,34035.596,4,8,147
34013004700,"Essex County, NJ",40.7053578,-74.2124364,60.47665456945896,42.01652892561983,87.04730831973899,4.556020867873978,139234.8589379746,46,41,50,22896.826999999997,28353.621,6,6,148
34013004500,"Essex County, NJ",40.7108933,-74.2230091,77.21099330203263,67.90082644628099,87.79771615008156,4.548973294163062,139019.48065943914,46,43,50,24194.863999999998,28353.621,6,6,149
34013002204,"Essex County, NJ",40.7377548,-74.2445054,24.93151338025795,6.677685950413223,93.08319738988581,4.529957587453237,138438.34872037848,50,44,50,24633.883999999995,28353.621,6,6,150
34013012800,"Essex County, NJ",40.7166669,-74.2311462,62.46616276272863,44.099173553719005,88.48287112561175,4.522410546761342,138207.70641723523,46,43,50,24194.863999999998,28353.621,6,6,151
34013018900,"Essex County, NJ",40.7635143,-74.2474224,83.85974334728058,73.19008264462809,96.08482871125612,4.521200756578074,138170.73446947715,59,37,50,20646.945999999996,28353.621,6,6,152
34003038200,"Bergen County, NJ",40.7843013,-74.1359075,59.90773018393078,45.58677685950413,78.72756933115824,4.5207566137942905,138157.16118707968,61,30,61,17381.061,33668.998999999996,3,8,153
34013014300,"Essex County, NJ",40.800487,-74.1508739,65.17556344895169,50.18181818181818,84.64926590538336,4.49762972783899,137450.38902842544,60,21,63,12843.838,34767.236,4,8,154
34013019100,"Essex County, NJ",40.7501927,-74.2482557,28.033830924871275,8.297520661157025,94.71451876019576,4.494234980469551,137346.64341688826,55,41,50,22816.412,28353.621,6,6,155
34013007501,"Essex County, NJ",40.7361742,-74.1332933,85.60130146880381,94.04958677685951,77.91190864600325,4.487280500851742,137134.1101523019,55,38,50,20578.589,28353.621,3,6,156
34013017600,"Essex County, NJ",40.793212,-74.231819,75.47689642857547,58.71074380165289,97.03099510603589,4.48194112241372,136970.93539406572,61,27,62,15408.499,34035.596,6,8,157
34013004802,"Essex County, NJ",40.6998157,-74.2008175,88.51682581521898,90.24793388429751,86.81892332789559,4.470185549106452,136611.6776912062,46,38,50,21033.19,28353.621,5,6,158
34013012200,"Essex County, NJ",40.7268609,-74.241426,83.5659227894978,78.11570247933885,89.39641109298532,4.465311121660932,136462.7121272936,46,44,50,24633.883999999995,28353.621,6,6,159
34013012400,"Essex County, NJ",40.7209987,-74.2374704,79.51069132970287,71.10743801652892,88.90701468189233,4.4621391489692925,136365.77464981412,46,44,50,24633.883999999995,28353.621,6,6,160
34013017100,"Essex County, NJ",40.8060523,-74.2117571,69.44374730197428,50.446280991735534,95.59543230016313,4.461328102502966,136340.98856045984,60,20,63,12652.437000000002,34767.236,5,8,161
34013002203,"Essex County, NJ",40.7370639,-74.2488562,93.13574456959567,93.05785123966942,93.21370309951061,4.394626307051694,134302.53980223427,49,42,50,23251.169999999995,28353.621,6,6,162
34003038300,"Bergen County, NJ",40.793858,-74.1380763,56.04033419600247,39.63636363636363,79.23327895595432,4.391386132315725,134203.5180274487,60,23,62,13856.062,34035.596,3,8,163
34013017000,"Essex County, NJ",40.8053947,-74.2200399,39.55196480578231,16.231404958677686,96.3784665579119,4.360850013315259,133270.31505387955,60,21,63,13368.072000000002,34767.236,6,8,164
34013013900,"Essex County, NJ",40.8142783,-74.173092,64.59663184693308,45.25619834710744,92.20228384991843,4.345663247536998,132806.1979542915,60,19,63,12049.098000000002,34767.236,5,8,165
34013016700,"Essex County, NJ",40.8113136,-74.2087626,58.02851298921065,35.27272727272727,95.46492659053834,4.331175021625825,132363.42867173,60,18,63,11424.510000000002,34767.236,5,8,166
34013012700,"Essex County, NJ",40.7119067,-74.2342188,72.38671561980881,59.37190082644628,88.25448613376835,4.325183958196184,132180.3380108868,46,42,50,23558.215999999997,28353.621,6,6,167
34013019200,"Essex County, NJ",40.7418608,-74.2524054,89.22815518746211,84.7603305785124,93.93148450244698,4.324532514736967,132160.4294896617,52,39,50,21558.351,28353.621,6,6,168
34013012100,"Essex County, NJ",40.7225781,-74.2440055,78.11414941569387,68.33057851239668,89.29853181076672,4.317593712304396,131948.37532970167,46,42,50,23558.215999999997,28353.621,6,6,169
34013017900,"Essex County, NJ",40.7674524,-74.2535368,26.782504036800336,7.404958677685951,96.86786296900489,4.284535279057008,130938.08884871403,59,34,51,18779.852,28903.781,6,7,170
34039032200,"Union County, NJ",40.7024627,-74.222479,52.17649712618388,31.239669421487605,87.14518760195759,4.281960522530064,130859.40267228395,46,38,50,20876.079,28353.621,6,6,171
34013015100,"Essex County, NJ",40.8172755,-74.1859845,44.66033726009412,21.25619834710744,93.83360522022839,4.275728226670589,130668.93979688922,60,17,63,10610.878,34767.236,5,8,172
34013013700,"Essex County, NJ",40.8125569,-74.1575154,68.47765174400425,54.21487603305785,86.4926590538336,4.264329371177716,130320.5836144591,60,19,63,11845.378,34767.236,4,8,173
34003038100,"Bergen County, NJ",40.782,-74.1253118,53.97955492884462,38.64462809917356,75.39967373572594,4.25065693709343,129902.74544245075,61,26,60,15192.597,33096.11899999999,3,8,174
34013017500,"Essex County, NJ",40.7874003,-74.2462919,53.92190925029541,29.78512396694215,97.61827079934747,4.231109231506985,129305.35528362126,61,25,58,14567.719000000001,32168.51,6,8,175
34013007502,"Essex County, NJ",40.730293,-74.1279553,80.75309184118048,85.81818181818181,75.98694942903752,4.21760655091546,128892.70488495816,51,37,50,19940.764,28353.621,3,6,176
34013007400,"Essex County, NJ",40.7180744,-74.1338723,82.84475363802022,86.24793388429752,79.57585644371942,4.206636965991807,128557.4674807086,46,35,50,18593.709,28353.621,2,6,177
34013015000,"Essex County, NJ",40.8198567,-74.1890077,39.712175469697506,16.7603305785124,94.09461663947798,4.186264463142543,127934.87099954841,60,17,63,10610.878,34767.236,5,8,178
34013019600,"Essex County, NJ",40.7297716,-74.2528454,65.12430905542267,45.917355371900825,92.36541598694943,4.175830553933222,127616.00418153725,46,38,50,21124.123,28353.621,6,6,179
34013012000,"Essex County, NJ",40.7157615,-74.2467312,82.15252267040692,75.96694214876032,88.84176182707994,4.095934722471691,125174.33739688322,46,39,50,21224.914,28353.621,6,6,180
34013016800,"Essex County, NJ",40.8151508,-74.218319,56.06762337622972,32.52892561983471,96.6394779771615,4.083047356967904,124780.49141372395,60,17,63,10530.772,34767.236,5,8,181
34013016900,"Essex County, NJ",40.8093451,-74.2291071,24.520191766000433,6.181818181818182,97.25938009787927,4.076652041363368,124585.04655254252,60,18,63,11447.908000000001,34767.236,5,8,182
34039032300,"Union County, NJ",40.7025438,-74.2326802,47.93724073181608,26.28099173553719,87.43882544861337,4.075534320668667,124550.88830617536,46,39,50,21483.147,28353.621,6,6,183
34013013800,"Essex County, NJ",40.8220079,-74.1660328,49.8835606424534,27.07438016528926,91.90864600326265,4.064637738265329,124217.88190479277,58,17,63,10360.475999999999,34767.236,3,8,184
34013016500,"Essex County, NJ",40.8232082,-74.2044896,40.51237770060453,17.157024793388427,95.66068515497554,3.9843391257323244,121763.90587764494,59,16,63,9966.396,34767.236,5,8,185
34013016600,"Essex County, NJ",40.8200923,-74.2141691,43.918952494959235,20.0,96.4437194127243,3.980478029894393,121645.90836404021,60,16,63,9966.396,34767.236,5,8,186
34013013600,"Essex County, NJ",40.8144901,-74.1410494,52.23200123489206,33.02479338842975,82.61011419249591,3.9627103729744872,121102.91761034424,58,14,63,8660.251,34767.236,2,8,187
34003031300,"Bergen County, NJ",40.8098023,-74.1326293,49.982823684770864,32.36363636363636,77.19412724306687,3.909693787667378,119482.69746854031,58,14,63,8961.974,34767.236,1,8,188
34013013500,"Essex County, NJ",40.8217242,-74.1497848,45.14293306129564,23.570247933884296,86.4600326264274,3.908979714771631,119460.87495240309,58,13,63,8103.535,34767.236,2,8,189
34013019300,"Essex County, NJ",40.7419997,-74.2647892,46.287780385025755,22.644628099173552,94.61663947797716,3.8782341659692467,118521.2716725638,49,30,50,16234.494999999999,28353.621,6,6,190
34017012700,"Hudson County, NJ",40.7507388,-74.1105231,72.46207022442759,72.3305785123967,72.59380097879283,3.833437565403841,117152.25942667924,60,29,50,15969.919,28353.621,1,6,191
34039031602,"Union County, NJ",40.6858566,-74.2090533,69.51686177193767,56.85950413223141,84.99184339314844,3.7952488576993684,115985.18853643176,46,32,50,16962.99,28353.621,2,6,192
34003031400,"Bergen County, NJ",40.803458,-74.1220882,62.15549465239635,51.43801652892562,75.10603588907014,3.7943491357653265,115957.69246909523,58,12,63,7821.909,34767.236,1,8,193
34013019500,"Essex County, NJ",40.7306845,-74.2650862,33.78950752070684,12.231404958677686,93.3442088091354,3.783805721563898,115635.4791097553,46,31,50,16941.424,28353.621,6,6,194
34013013400,"Essex County, NJ",40.8297682,-74.1589109,45.11295046193694,22.446280991735538,90.66884176182708,3.781963677144382,115579.18507547698,58,13,63,7731.186,34767.236,1,8,195
34013018000,"Essex County, NJ",40.7693486,-74.2671592,40.19512087853415,16.59504132231405,97.35725938009789,3.7730273022828373,115306.08384759682,58,23,50,12879.594,28353.621,6,6,196
34013019700,"Essex County, NJ",40.7187125,-74.2597606,38.92683597179145,16.925619834710744,89.52691680261012,3.772612978633571,115293.42185667684,46,33,50,18000.828999999998,28353.621,6,6,197
34039032402,"Union County, NJ",40.699133,-74.2410046,43.31126114344834,21.421487603305785,87.56933115823817,3.7702432806410267,115221.00239783632,46,35,50,18919.323999999997,28353.621,6,6,198
34039032401,"Union County, NJ",40.6924331,-74.2321831,62.35972893901948,44.892561983471076,86.6231647634584,3.723066005613836,113779.23524531795,46,33,50,17668.95,28353.621,3,6,199
34013019000,"Essex County, NJ",40.7529556,-74.2705034,33.46807688225755,11.669421487603305,95.98694942903751,3.7003307488709054,113084.4315213399,53,25,50,13319.030999999999,28353.621,6,6,200
34039032500,"Union County, NJ",40.6871222,-74.2217626,65.43728247974052,49.6198347107438,86.2969004893964,3.692995041913079,112860.24770982898,46,32,50,16962.99,28353.621,2,6,201
34013014800,"Essex County, NJ",40.8357765,-74.1842352,27.780803032590963,8.165289256198346,94.51876019575856,3.686410828844122,112659.0300235058,55,16,63,9088.990999999998,34767.236,1,8,202
34013014900,"Essex County, NJ",40.8358522,-74.1731552,44.06722869637517,20.760330578512395,93.5399673735726,3.6785096556146533,112417.56520761635,55,15,63,8481.923,34767.236,1,8,203
34039032600,"Union County, NJ",40.7061685,-74.2532528,35.098456310299014,13.917355371900827,88.51549755301794,3.6676859454888677,112086.7858288001,46,30,50,15977.34,28353.621,6,6,204
34039031500,"Union County, NJ",40.6816889,-74.200938,80.00107855231322,76.03305785123968,84.17618270799348,3.6642594643084814,111982.07041207125,46,30,50,15925.549,28353.621,1,6,205
34013016300,"Essex County, NJ",40.8348781,-74.2000227,37.120915011709236,14.380165289256198,95.82381729200652,3.6448677186375167,111389.44648620285,54,14,63,8393.18,34767.236,3,8,206
34013017400,"Essex County, NJ",40.8018747,-74.2547519,43.099820678147914,18.90909090909091,98.23817292006525,3.641232330348319,111278.34673703348,60,16,62,10268.833999999999,34035.596,6,8,207
34003031200,"Bergen County, NJ",40.8165242,-74.1255956,58.055610743189845,44.59504132231405,75.57911908646004,3.6037084107614956,110131.59218915335,58,10,63,6074.705,34767.236,0,8,208
34013016400,"Essex County, NJ",40.8322409,-74.2158367,32.791473930606195,11.074380165289256,97.09624796084829,3.5689066398601277,109068.02821463082,54,9,63,5532.25,34767.236,3,8,209
34003031100,"Bergen County, NJ",40.7940315,-74.1053146,61.8883890916005,52.396694214876035,73.0995106035889,3.4635049577335435,105846.88661578462,58,8,62,5277.239,34035.596,0,8,210
34031124402,"Passaic County, NJ",40.8313394,-74.1354192,45.23251124591351,23.735537190082646,86.19902120717782,3.432951526125665,104913.1545580605,54,11,63,6575.661,34767.236,1,8,211
34013019800,"Essex County, NJ",40.7225681,-74.2722696,29.95433768482846,9.652892561983471,92.95269168026101,3.43030592319878,104832.30327115614,46,27,50,14111.216999999999,28353.621,6,6,212
34013016200,"Essex County, NJ",40.8463309,-74.1928473,24.97659373736798,6.5123966942148765,95.79119086460032,3.3997351735486947,103898.04196318632,46,10,63,5110.785000000001,34767.236,2,8,213
34039031601,"Union County, NJ",40.6773442,-74.2111919,63.18160426390553,47.40495867768595,84.20880913539968,3.3936185872956006,103711.11524602909,46,28,50,14467.435000000001,28353.621,1,6,214
34031124322,"Passaic County, NJ",40.8468564,-74.1639982,37.66240633411062,15.206611570247933,93.27895595432301,3.38294134106755,103384.81189590805,48,13,63,6578.694,34767.236,2,8,215
34031124403,"Passaic County, NJ",40.8429824,-74.151065,31.48664373406967,10.809917355371901,91.71288743882545,3.366192172534578,102872.94678693524,48,11,63,5613.806,34767.236,2,8,216
34039031301,"Union County, NJ",40.675013,-74.1973405,68.4780927575368,56.49586776859504,83.00163132137031,3.365190720355302,102842.34177941698,46,26,50,12834.664,28353.621,0,6,217
34013021200,"Essex County, NJ",40.8242328,-74.241863,48.68276624572059,24.165289256198346,98.07504078303427,3.364177522760401,102811.37782462101,54,9,63,5421.249,34767.236,4,8,218
34013021100,"Essex County, NJ",40.8322884,-74.2326537,50.261543445441646,25.818181818181817,97.84665579119086,3.329788923706998,101760.44064124735,50,8,63,4898.669,34767.236,3,8,219
34039032702,"Union County, NJ",40.7097253,-74.2683874,32.378219990253264,11.735537190082644,89.33115823817292,3.3081121101489623,101097.98360571005,46,24,50,12281.618,28353.621,5,6,220
34039031700,"Union County, NJ",40.6768181,-74.2173518,80.43244584879885,76.52892561983471,84.53507340946166,3.3040330707341368,100973.32559952521,46,28,50,14467.435000000001,28353.621,1,6,221
34031124323,"Passaic County, NJ",40.8528699,-74.171247,50.36258860218895,26.90909090909091,94.25774877650898,3.2985764786559444,100806.56871883433,43,14,63,7006.582,34767.236,2,8,222
34013016100,"Essex County, NJ",40.8506801,-74.203834,45.875729204353185,21.71900826446281,96.90048939641109,3.2516573441499808,99372.69050275888,43,9,63,4371.967000000001,34767.236,2,8,223
34039033200,"Union County, NJ",40.6917077,-74.2523278,33.33981125178121,12.793388429752067,86.88417618270799,3.2416606334058256,99067.18474440713,46,21,50,10356.071,28353.621,2,6,224
34013019900,"Essex County, NJ",40.7305561,-74.28124,28.0363508258427,8.330578512396695,94.35562805872758,3.2129161730066413,98188.73598286838,46,22,50,11255.989000000001,28353.621,5,6,225
34003051200,"Bergen County, NJ",40.8268519,-74.1186885,39.98020353288817,21.1900826446281,75.43230016313214,3.20990387418347,98096.6782390857,54,7,63,4024.933,34767.236,0,8,226
34031124312,"Passaic County, NJ",40.8589269,-74.1865351,40.7875499367276,17.355371900826448,95.85644371941272,3.1902025901797813,97494.59462737682,41,15,63,7373.179,34767.236,2,8,227
34031175601,"Passaic County, NJ",40.8458783,-74.1386518,35.19271553728826,14.314049586776859,86.5252854812398,3.1801363583443374,97186.96426081553,47,10,63,5253.386,34767.236,2,8,228
34031124404,"Passaic County, NJ",40.8547582,-74.1499643,61.212163304407326,40.59504132231405,92.30016313213703,3.1624406786010004,96646.17317483774,40,14,63,7006.582,34767.236,2,8,229
34039031400,"Union County, NJ",40.6717643,-74.2085077,82.28675945467315,81.32231404958678,83.26264274061991,3.1606897152824622,96592.66263620493,46,27,50,13550.299,28353.621,1,6,230
34013021400,"Essex County, NJ",40.8500863,-74.2189773,59.52834358993416,36.264462809917354,97.71615008156607,3.1280889724330057,95596.36346121115,43,7,63,3413.0,34767.236,2,8,231
34031175604,"Passaic County, NJ",40.8529002,-74.1413473,59.88907546734442,39.33884297520661,91.17455138662316,3.108508853300314,94997.9827240524,41,13,63,6433.702,34767.236,2,8,232
34039031302,"Union County, NJ",40.6696989,-74.2015,52.958098057990924,34.01652892561983,82.44698205546493,3.0973501163779154,94656.96471593228,46,26,50,12834.664,28353.621,0,6,233
34031124321,"Passaic County, NJ",40.8655314,-74.1639331,47.92202871773019,24.330578512396695,94.38825448613377,3.0899503096905674,94430.82197643205,37,15,63,7373.179,34767.236,2,8,234
34039033100,"Union County, NJ",40.6983212,-74.2657326,49.43249589148158,27.96694214876033,87.37357259380097,3.089094876710889,94404.67940735466,46,20,50,9756.862,28353.621,3,6,235
34031124311,"Passaic County, NJ",40.8682616,-74.1775997,33.01347985448546,11.40495867768595,95.56280587275693,3.0628468125990884,93602.52208411421,37,15,63,7373.179,34767.236,2,8,236
34003051400,"Bergen County, NJ",40.8090901,-74.0996688,31.98010112972485,13.950413223140496,73.3115823817292,3.0627720188664345,93600.23634067328,58,8,63,4801.965,34767.236,0,8,237
34013019400,"Essex County, NJ",40.7466883,-74.2875243,27.11519086342266,7.636363636363637,96.2805872756933,3.05376598359608,93325.00624695262,46,16,50,9046.652,28353.621,5,6,238
34039032800,"Union County, NJ",40.7174385,-74.2811077,49.38070356765687,26.21487603305785,93.01794453507341,3.0447027538403963,93048.02825384172,46,19,50,10163.276,28353.621,5,6,239
34031175704,"Passaic County, NJ",40.8479165,-74.1302715,77.7010765419726,70.34710743801654,85.82381729200652,3.03461686901757,92739.7972796438,42,9,63,4619.805,34767.236,2,8,240
34017005400,"Hudson County, NJ",40.7086175,-74.1042445,34.76984810878899,16.33057851239669,74.02936378466558,3.0226944840674426,92375.4417082195,45,19,50,9899.242,28353.621,0,6,241
34031124500,"Passaic County, NJ",40.8658571,-74.15021,80.1024514865091,68.85950413223141,93.1810766721044,3.0213353323920042,92333.90517946052,37,15,61,7373.179,33134.465,2,7,242
34031175701,"Passaic County, NJ",40.8430045,-74.124879,75.96494866476286,68.66115702479338,84.04567699836868,3.020957940914237,92322.37185889523,46,8,63,4068.881,34767.236,1,8,243
34013017302,"Essex County, NJ",40.7831688,-74.2835928,52.08597102331803,27.570247933884296,98.40130505709624,3.0071133378565205,91899.27209493544,56,11,51,7179.376,28903.781,5,7,244
34013017301,"Essex County, NJ",40.8131988,-74.2674981,48.70257973075624,24.03305785123967,98.69494290375204,3.0054296663877103,91847.81803749011,53,10,62,6463.741,34035.596,4,8,245
34031175603,"Passaic County, NJ",40.859103,-74.1384038,39.19967004742444,16.826446280991735,91.32137030995105,3.002429799284371,91756.1402148727,38,15,61,7373.179,33134.465,2,7,246
34039031802,"Union County, NJ",40.6716415,-74.2229807,71.33073361296383,60.36363636363637,84.29037520391518,2.9983185031713733,91630.49642373428,46,21,50,10343.132,28353.621,1,6,247
34031154004,"Passaic County, NJ",40.8682653,-74.1994253,59.27342419677825,36.09917355371901,97.32463295269169,2.9736321126383536,90876.06482580425,38,15,63,7373.179,34767.236,2,8,248
34039033502,"Union County, NJ",40.6769876,-74.2393099,69.11923676008735,55.867768595041326,85.51386623164764,2.9673216854742983,90683.21420867449,46,19,50,9582.24,28353.621,1,6,249
34031175703,"Passaic County, NJ",40.8539301,-74.1299464,72.16570974745963,60.46280991735537,86.13376835236541,2.957287898770636,90376.57538571622,39,12,61,6002.102000000001,33134.465,2,7,250
34017004800,"Hudson County, NJ",40.7207032,-74.0954463,35.97886301498794,21.75206611570248,59.51060358890702,2.935739152144681,89718.03215605032,45,18,50,10168.107,28353.621,0,6,251
34031175501,"Passaic County, NJ",40.8642762,-74.135707,81.1306721939133,72.0,91.41924959216966,2.9165577541472008,89131.83658718353,36,15,61,7373.179,33134.465,2,7,252
34003051100,"Bergen County, NJ",40.8378398,-74.1150624,47.59747680612238,29.91735537190083,75.72593800978792,2.9163418967687673,89125.23985013853,47,6,63,3343.441,34767.236,1,8,253
34031175502,"Passaic County, NJ",40.8673169,-74.1383519,76.19260098742788,63.074380165289256,92.03915171288743,2.910197691971812,88937.46909293626,36,15,61,7373.179,33134.465,2,7,254
34031175804,"Passaic County, NJ",40.8606998,-74.1305701,83.021883671738,75.80165289256199,90.92985318107667,2.894643985347349,88462.13805064664,36,15,61,7373.179,33134.465,2,7,255
34031124602,"Passaic County, NJ",40.8784518,-74.1535647,69.78894476568786,51.63636363636363,94.32300163132138,2.8904123305624414,88332.81602290849,34,16,61,8104.819,33134.465,2,7,256
34017004000,"Hudson County, NJ",40.7291446,-74.0915519,56.64231956246131,56.00000000000001,57.29200652528548,2.8887455013629975,88281.87667579207,46,19,50,11169.59,28353.621,0,6,257
34003051300,"Bergen County, NJ",40.8288487,-74.1063455,50.8306210777688,34.44628099173554,75.00815660685156,2.8835717490426336,88123.76355572595,53,5,63,2949.265,34767.236,0,8,258
34031124202,"Passaic County, NJ",40.8818906,-74.1763089,41.04701977445959,17.487603305785125,96.3458401305057,2.879488675531014,87998.98226500965,34,16,61,8104.819,33134.465,2,7,259
34031175803,"Passaic County, NJ",40.8643493,-74.1315967,80.79963836136594,71.6694214876033,91.09298531810767,2.8720749270239496,87772.41345474334,36,15,61,7373.179,33134.465,2,7,260
34031175801,"Passaic County, NJ",40.8568573,-74.1254329,68.72707969907616,54.942148760330575,85.97063621533442,2.8643088339294294,87535.07677260927,38,13,61,6433.702,33134.465,2,7,261
34031124900,"Passaic County, NJ",40.8727123,-74.1388561,78.68565601141717,67.00826446280992,92.39804241435563,2.8525885596202616,87176.89782929973,35,15,61,7373.179,33134.465,2,7,262
34031124601,"Passaic County, NJ",40.8859407,-74.1618379,85.5962109968042,76.82644628099173,95.36704730831974,2.8396992247015196,86782.99165958265,33,16,60,8104.819,32570.089,2,7,263
34039031801,"Union County, NJ",40.6693903,-74.2279022,65.89512603465671,51.404958677685954,84.46982055464926,2.82775408929311,86417.94081986579,46,17,50,8100.728000000001,28353.621,1,6,264
34039039900,"Union County, NJ",40.6658748,-74.2156912,61.88039371186413,46.11570247933884,83.03425774877651,2.812923090147647,85964.69617200021,46,19,50,9029.257000000001,28353.621,0,6,265
34039033400,"Union County, NJ",40.6821144,-74.2559579,29.526912124878955,10.049586776859504,86.7536704730832,2.8099969393767164,85875.27116679565,46,17,50,8217.530999999999,28353.621,1,6,266
34031124800,"Passaic County, NJ",40.8795646,-74.1423883,66.60169313483544,47.50413223140496,93.3768352365416,2.807144733445479,85788.10596233002,33,16,60,8104.819,32570.089,2,7,267
34031175401,"Passaic County, NJ",40.8688075,-74.1291963,86.04952517297801,81.25619834710743,91.12561174551387,2.802679472489976,85651.64478331202,36,15,61,7373.179,33134.465,2,7,268
34017020100,"Hudson County, NJ",40.7655429,-74.0822016,8.875939737854791,1.1900826446280992,66.19902120717781,2.802328312077248,85640.91310056765,60,11,52,7022.023,29372.277000000002,0,7,269
34031124201,"Passaic County, NJ",40.8896044,-74.1718534,57.59379555143522,34.34710743801653,96.5742251223491,2.796166944195902,85452.61782872782,33,16,60,8104.819,32570.089,2,7,270
34013021000,"Essex County, NJ",40.8423084,-74.2519951,63.09558577106297,40.36363636363636,98.62969004893965,2.796082386932946,85450.03370566928,43,2,63,1150.065,34767.236,0,8,271
34039031200,"Union County, NJ",40.663508,-74.2021344,76.13184881507513,71.17355371900827,81.43556280587275,2.790936796063523,85292.78121722952,46,21,50,9988.252,28353.621,0,6,272
34039032701,"Union County, NJ",40.7037445,-74.2803688,24.609059580491,6.776859504132231,89.36378466557912,2.7860027600366686,85141.99397763672,46,14,50,7413.739,28353.621,2,6,273
34017010100,"Hudson County, NJ",40.6906385,-74.1122313,64.5888673499961,53.45454545454545,78.04241435562805,2.7799132912072615,84955.89598597732,46,19,50,10153.855,28353.621,0,6,274
34031175402,"Passaic County, NJ",40.862811,-74.1226034,81.686693823729,77.58677685950414,86.00326264274062,2.7702912223482965,84661.83951891495,36,14,61,7006.582,33134.465,2,7,275
34031183002,"Passaic County, NJ",40.8927033,-74.1601668,94.09704407779275,92.49586776859505,95.72593800978792,2.768914593695861,84619.76888276325,33,16,60,8104.819,32570.089,2,7,276
34003012002,"Bergen County, NJ",40.8457874,-74.1120331,30.902372973393664,12.561983471074381,76.01957585644372,2.751613329581329,84091.03138609775,40,7,61,3435.2999999999997,33134.465,1,7,277
34031154003,"Passaic County, NJ",40.8737916,-74.2151993,35.34201865575172,12.727272727272727,98.14029363784665,2.7467438808822733,83942.2179758038,36,14,63,6828.697,34767.236,2,8,278
34031183001,"Passaic County, NJ",40.8947294,-74.1561952,88.25904661841474,81.65289256198346,95.39967373572594,2.7295703393559023,83417.38376164324,30,16,60,8104.819,32570.089,2,7,279
34031175301,"Passaic County, NJ",40.8666645,-74.121485,83.26866927003749,78.01652892561984,88.87438825448613,2.7184347668700077,83077.07367325011,35,15,61,7373.179,33134.465,2,7,280
34003057200,"Bergen County, NJ",40.8557895,-74.1145664,74.21210049183192,67.30578512396694,81.82707993474715,2.7038777539850387,82632.2022175707,37,10,61,5075.0470000000005,33134.465,2,7,281
34039031904,"Union County, NJ",40.664936,-74.2218586,78.00709570051116,72.82644628099173,83.5562805872757,2.701199388532137,82550.34968729614,46,16,50,7385.093000000001,28353.621,0,6,282
34031264102,"Passaic County, NJ",40.8875845,-74.1957575,58.691009281925425,35.239669421487605,97.74877650897227,2.7011940120925746,82550.18537992667,34,16,61,8104.819,33134.465,2,7,283
34031125000,"Passaic County, NJ",40.87971,-74.1306877,62.65432378449379,42.54545454545455,92.26753670473083,2.6987578277986595,82475.73405796237,33,16,60,8104.819,32570.089,2,7,284
34031124700,"Passaic County, NJ",40.8881876,-74.1399034,55.36860717777261,32.69421487603306,93.76835236541598,2.686834569784506,82111.35180515314,33,16,60,8104.819,32570.089,2,7,285
34017006101,"Hudson County, NJ",40.6977897,-74.1016266,26.217830786573185,9.289256198347108,73.99673735725938,2.669853759130789,81592.40756749736,45,16,50,8906.979,28353.621,0,6,286
34039032901,"Union County, NJ",40.7116173,-74.2891087,24.419983493329,6.413223140495868,92.98531810766721,2.665379968373145,81455.68571236914,46,12,50,6709.571000000001,28353.621,3,6,287
34031125100,"Passaic County, NJ",40.8767726,-74.1245887,89.07886858078462,87.14049586776859,91.06035889070147,2.6638841683651884,81409.97312475221,33,15,60,7373.179,32570.089,2,7,288
34031175302,"Passaic County, NJ",40.8720611,-74.1210093,80.58654111228763,71.47107438016529,90.86460032626428,2.661605965183686,81340.34980479658,33,15,60,7373.179,32570.089,2,7,289
34031182100,"Passaic County, NJ",40.9019108,-74.1717199,79.99542273182063,65.88429752066116,97.12887438825449,2.661239359102138,81329.14609271307,27,16,58,8104.819,31341.549,2,5,290
34017005901,"Hudson County, NJ",40.7015964,-74.0982172,22.457007912310118,6.87603305785124,73.34420880913541,2.660168285783155,81296.41341944276,45,15,50,8664.439,28353.621,0,6,291
34039033501,"Union County, NJ",40.6778941,-74.2555846,41.82608620948541,20.264462809917354,86.3295269168026,2.6597535078032046,81283.73754389175,46,14,50,6953.273999999999,28353.621,1,6,292
34031183102,"Passaic County, NJ",40.8985737,-74.151794,71.5457864809897,53.78512396694215,95.17128874388254,2.6595648616192022,81277.9723980374,28,16,58,8104.819,31341.549,2,5,293
34013021300,"Essex County, NJ",40.8617186,-74.2391149,50.991628183689016,26.380165289256198,98.56443719412724,2.656508231024958,81184.55984749003,38,3,63,1297.5459999999998,34767.236,1,8,294
34031182900,"Passaic County, NJ",40.903857,-74.1683703,88.12988038880987,80.099173553719,96.96574225122349,2.654706645980202,81129.50227711318,25,16,57,8104.819,30500.703999999998,2,4,295
34013020200,"Essex County, NJ",40.7247741,-74.2951169,27.178580889946222,7.801652892561983,94.68189233278956,2.654235856133753,81115.11464374611,45,12,50,6942.344999999999,28353.621,4,6,296
34003057102,"Bergen County, NJ",40.8485908,-74.1079219,59.90682099120851,47.371900826446286,75.75856443719414,2.6451709105624186,80838.08421423138,37,7,61,3435.2999999999997,33134.465,1,7,297
34031182800,"Passaic County, NJ",40.9058058,-74.1613004,88.70177450079646,81.55371900826445,96.4763458401305,2.641183396413335,80716.22327764618,25,16,55,8104.819,29289.945,2,2,298
34039032102,"Union County, NJ",40.6708795,-74.2433698,21.17256256396286,5.256198347107438,85.28548123980424,2.6336846048774927,80487.05549901274,46,15,50,7660.2029999999995,28353.621,1,6,299
34031175900,"Passaic County, NJ",40.8601796,-74.1120628,80.17461697522405,77.32231404958678,83.1321370309951,2.6251739041154836,80226.96313894096,35,11,61,5571.0560000000005,33134.465,2,7,300
34039033300,"Union County, NJ",40.6849039,-74.2674533,26.095363711325223,7.8347107438016526,86.9168026101142,2.617068494252078,79979.25672325626,46,15,50,7517.65,28353.621,1,6,301
34031183101,"Passaic County, NJ",40.8971922,-74.1440822,76.12479332422595,61.28925619834711,94.55138662316477,2.614003211235212,79885.57974923978,29,16,58,8104.819,31341.549,2,5,302
34031182200,"Passaic County, NJ",40.9103755,-74.1677036,95.17104995929121,93.1900826446281,97.19412724306689,2.6091821431131743,79738.24487976289,25,16,55,8104.819,29289.945,2,2,303
34031175200,"Passaic County, NJ",40.8679442,-74.1146329,86.6515537612695,87.53719008264463,85.77487765089722,2.6062729245211282,79649.33733257857,33,15,60,7373.179,32570.089,2,7,304
34031182701,"Passaic County, NJ",40.9077957,-74.1549455,65.8385099740431,45.1900826446281,95.92169657422512,2.598778902993213,79420.31532838297,25,16,55,8104.819,29289.945,2,2,305
34017005902,"Hudson County, NJ",40.7040024,-74.0943146,40.98264516405937,27.33884297520661,61.435562805872756,2.589399700305881,79133.68100404751,45,14,50,8255.309000000001,28353.621,0,6,306
34031182301,"Passaic County, NJ",40.9118113,-74.1602174,60.853939673319736,38.28099173553719,96.73735725938009,2.5883155181989923,79100.54771798638,24,16,53,8104.819,28045.052,2,2,307
34031182702,"Passaic County, NJ",40.9053336,-74.150036,53.87558413905759,30.446280991735534,95.33442088091354,2.5858595336033527,79025.49128636664,25,16,55,8104.819,29289.945,2,2,308
34031182000,"Passaic County, NJ",40.9097312,-74.1757994,72.91138640950997,54.51239669421487,97.52039151712889,2.580713184478088,78868.21562515217,25,16,55,8104.819,29289.945,2,2,309
34017010500,"Hudson County, NJ",40.6803845,-74.1171356,66.384994501096,58.34710743801653,75.53017944535073,2.559329852535391,78214.7275720883,46,18,50,9695.349,28353.621,0,6,310
34039031100,"Union County, NJ",40.6591388,-74.2061611,78.57281286244529,76.3305785123967,80.88091353996737,2.5552230676042504,78089.22164550048,46,17,50,8160.588000000002,28353.621,0,6,311
34031181702,"Passaic County, NJ",40.9159772,-74.1642955,91.41933627721716,86.01652892561984,97.16150081566069,2.554837836905022,78077.44875340426,23,16,52,8104.819,27502.055,2,2,312
34039032101,"Union County, NJ",40.6672043,-74.2389989,36.163351740592695,15.40495867768595,84.89396411092986,2.5541148270951153,78055.35311955785,46,14,50,6743.067000000001,28353.621,1,6,313
34031264101,"Passaic County, NJ",40.8990283,-74.1938409,79.87904247463591,65.12396694214875,97.97716150081565,2.5536875002719652,78042.29374347789,29,16,60,8104.819,32570.089,2,7,314
34031182302,"Passaic County, NJ",40.9153922,-74.1576078,90.16424508139487,84.06611570247934,96.70473083197389,2.544720007575868,77768.24153503156,23,16,52,8104.819,27502.055,2,2,315
34017005600,"Hudson County, NJ",40.705969,-74.0913535,49.513726138101305,40.66115702479339,60.29363784665579,2.5337079910884674,77431.70739554652,45,13,50,7361.571,28353.621,0,6,316
34003021200,"Bergen County, NJ",40.8833684,-74.121183,80.93397348197534,71.70247933884298,91.35399673735726,2.533234602127017,77417.24033159272,32,16,59,8104.819,31864.128999999997,2,6,317
34039031903,"Union County, NJ",40.6621457,-74.2251974,81.65226144389734,79.90082644628099,83.442088091354,2.529118476781251,77291.4489560681,46,14,50,6484.773000000001,28353.621,0,6,318
34013020901,"Essex County, NJ",40.8281024,-74.2762262,21.779217766185955,4.793388429752066,98.95595432300162,2.528401637148492,77269.54188671024,44,4,63,2474.7690000000002,34767.236,2,8,319
34031182400,"Passaic County, NJ",40.9118431,-74.1493663,81.8348953878311,69.98347107438016,95.69331158238172,2.522910881060562,77101.74093242653,24,16,52,8104.819,27502.055,2,2,320
34031183200,"Passaic County, NJ",40.9185379,-74.1693732,89.67600323046727,82.54545454545455,97.42251223491027,2.5170871369894097,76923.76365625656,23,16,52,8104.819,27502.055,2,2,321
34031181800,"Passaic County, NJ",40.9157595,-74.1762561,82.21150208243252,69.1900826446281,97.68352365415987,2.5166543209267513,76910.53652556994,24,16,53,8104.819,28045.052,2,2,322
34031181900,"Passaic County, NJ",40.9091589,-74.1862517,72.59091473232593,53.81818181818182,97.91190864600327,2.5139744569415656,76828.63819920772,25,16,56,8104.819,29908.689,2,3,323
34003021600,"Bergen County, NJ",40.8699762,-74.1091938,80.16051737755004,74.94214876033057,85.74225122349102,2.496943243226085,76308.15361233092,33,14,60,6800.299,32570.089,2,7,324
34031182600,"Passaic County, NJ",40.9034134,-74.1377637,70.31088816223485,52.4297520661157,94.29037520391516,2.4942399576743735,76225.53950818673,25,16,54,8104.819,28682.877,2,2,325
34039030200,"Union County, NJ",40.6570525,-74.1921984,76.9957524416671,75.2396694214876,78.79282218597064,2.490557846127929,76113.01186693335,46,14,50,7278.053,28353.621,0,6,326
34031181400,"Passaic County, NJ",40.9215034,-74.1581117,92.0419757006228,87.3388429752066,96.99836867862969,2.4664571403666917,75376.47916344347,22,16,51,8104.819,26747.015,2,2,327
34031181500,"Passaic County, NJ",40.9225227,-74.1630577,90.63299613796713,84.42975206611571,97.29200652528547,2.4648152118783355,75326.30079769573,22,16,51,8104.819,26747.015,2,2,328
34017004900,"Hudson County, NJ",40.7137145,-74.0849329,59.94517513710613,63.00826446280992,57.03099510603589,2.4579643616546796,75116.93451247478,45,10,50,5905.249000000001,28353.621,0,6,329
34031180204,"Passaic County, NJ",40.9161898,-74.1842778,71.1170096137006,51.603305785123965,98.00978792822185,2.4549330816033073,75024.29669043791,23,16,53,8104.819,28045.052,2,2,330
34031181300,"Passaic County, NJ",40.9194704,-74.1510459,86.87770231592356,78.44628099173553,96.21533442088092,2.4479633458286614,74811.29718811768,22,16,51,8104.819,26747.015,2,2,331
34031264200,"Passaic County, NJ",40.9225193,-74.1756181,92.37566555365247,87.2396694214876,97.81402936378466,2.437230732065488,74483.30177135205,22,16,51,8104.819,26747.015,2,2,332
34003012001,"Bergen County, NJ",40.8149348,-74.0822348,64.56461607199718,58.18181818181818,71.64763458401305,2.4368442209212695,74471.4897480528,53,5,61,2949.265,33134.465,0,7,333
34017002700,"Hudson County, NJ",40.7313751,-74.0786014,64.90571061684795,81.15702479338843,51.90864600326264,2.42768907322123,74191.70268483723,45,10,50,6092.058000000001,28353.621,0,6,334
34031223801,"Passaic County, NJ",40.9002908,-74.2060598,47.82856915649053,23.2396694214876,98.43393148450245,2.426601915693626,74158.47846805045,28,15,60,7560.337,32570.089,2,7,335
34039032003,"Union County, NJ",40.6618996,-74.232453,67.10220440757179,53.553719008264466,84.07830342577488,2.420394932122813,73968.78915209354,44,10,50,4635.589,28353.621,0,6,336
34039030704,"Union County, NJ",40.6580308,-74.2173913,42.75835749751182,22.28099173553719,82.05546492659053,2.4172139202133374,73871.5754304403,45,11,50,5342.518,28353.621,0,6,337
34003057101,"Bergen County, NJ",40.8567918,-74.0989696,74.16003059001451,70.97520661157026,77.48776508972267,2.416078112608797,73836.86443674973,35,7,60,3435.2999999999997,32570.089,1,7,338
34031154006,"Passaic County, NJ",40.8825273,-74.2316455,57.07183068382484,32.99173553719008,98.72756933115824,2.408372658714253,73601.38092664882,35,12,62,5681.975,34051.600999999995,2,7,339
34017006200,"Hudson County, NJ",40.6960329,-74.0948127,74.8429334267079,77.05785123966942,72.69168026101141,2.4082330354693697,73597.11395260075,45,12,50,6763.331,28353.621,0,6,340
34003021300,"Bergen County, NJ",40.8782981,-74.1087706,80.75737241022188,72.03305785123966,90.53833605220228,2.4048027024883085,73492.28082242432,32,15,59,7373.179,31864.128999999997,2,6,341
34031182501,"Passaic County, NJ",40.9178626,-74.1435557,81.27806298157161,69.22314049586777,95.43230016313214,2.4044768961841134,73482.32397715928,22,16,51,8104.819,26747.015,2,2,342
34017001701,"Hudson County, NJ",40.7369768,-74.0769163,40.92151672477176,49.68595041322314,33.70309951060359,2.4035047918001604,73452.61585669674,49,11,50,6716.5380000000005,28353.621,0,6,343
34031180101,"Passaic County, NJ",40.9145643,-74.1929423,36.104877962194884,13.256198347107437,98.33605220228385,2.4008728909522654,73372.18331393131,25,15,55,7560.337,29289.945,2,2,344
34003011300,"Bergen County, NJ",40.8964198,-74.1232243,74.49244488159859,60.09917355371901,92.33278955954323,2.3959043257773334,73220.34084188868,26,16,54,8104.819,28682.877,2,2,345
34031154005,"Passaic County, NJ",40.8807679,-74.2351857,28.96642131788676,8.495867768595042,98.76019575856444,2.3915906457703358,73088.512071851,35,12,63,5681.975,34767.236,2,8,346
34017006102,"Hudson County, NJ",40.6912201,-74.0985351,57.06022595849421,43.768595041322314,74.38825448613376,2.3889227572654086,73006.97972368615,45,12,50,6763.331,28353.621,0,6,347
34039031000,"Union County, NJ",40.6551697,-74.1980494,72.01770866940687,65.55371900826447,79.11908646003263,2.388450365745304,72992.5431421663,46,11,50,5491.334000000001,28353.621,0,6,348
34031180301,"Passaic County, NJ",40.9226332,-74.1827485,64.5816697460995,42.51239669421488,98.10766721044045,2.386673982564951,72938.25575659255,23,15,51,7560.337,26747.015,2,2,349
34031180203,"Passaic County, NJ",40.9199991,-74.1873081,63.06281649997353,40.49586776859504,98.20554649265905,2.385396810426527,72899.2245739685,23,15,53,7560.337,28045.052,2,2,350
34017005200,"Hudson County, NJ",40.7089087,-74.085223,66.69809208145838,76.4297520661157,58.20554649265905,2.3832174099124095,72832.62072557698,45,10,50,5905.249000000001,28353.621,0,6,351
34013021701,"Essex County, NJ",40.8416707,-74.2736911,66.3889017989475,44.49586776859504,99.05383360522023,2.3792339269583613,72710.88298484369,41,1,63,542.9970000000001,34767.236,0,8,352
34031180700,"Passaic County, NJ",40.9276974,-74.168588,81.19014151305635,67.50413223140495,97.65089722675367,2.3786923395338535,72694.33173302971,20,16,51,8104.819,26747.015,2,2,353
34031181200,"Passaic County, NJ",40.9242986,-74.1499553,70.68333539931682,51.76859504132232,96.5089722675367,2.374473399130285,72565.39826477,20,16,51,8104.819,26747.015,2,2,354
34031180800,"Passaic County, NJ",40.9282134,-74.1635831,89.43618306597892,82.04958677685951,97.48776508972267,2.374308844225066,72560.36936352478,20,16,51,8104.819,26747.015,2,2,355
34039033000,"Union County, NJ",40.6958893,-74.2871527,30.13884434839736,10.28099173553719,88.35236541598694,2.371741262814167,72481.90246314705,44,10,50,5694.8369999999995,28353.621,1,6,356
34003021500,"Bergen County, NJ",40.8691038,-74.1015879,75.75191238903503,70.77685950413223,81.07667210440457,2.3694817376582638,72412.84995538367,33,13,59,6433.702,31864.128999999997,2,6,357
34017010601,"Hudson County, NJ",40.669297,-74.1270427,69.71165219208496,64.95867768595042,74.81239804241436,2.3565537705642607,72017.76316212931,46,16,50,8854.569000000001,28353.621,0,6,358
34039030802,"Union County, NJ",40.6555051,-74.212882,45.82141139111417,25.917355371900825,81.01141924959217,2.3329999997077997,71297.94513280869,44,9,50,4827.785,28353.621,0,6,359
34003021102,"Bergen County, NJ",40.8845218,-74.1086122,69.4852348470927,53.28925619834711,90.60358890701468,2.3285640056065424,71162.37836723623,31,15,57,7373.179,30722.805,2,4,360
34017004200,"Hudson County, NJ",40.7178344,-74.0795516,70.25577727100129,91.27272727272727,54.07830342577488,2.3279493487628504,71143.59406808384,45,10,50,5905.249000000001,28353.621,0,6,361
34031180600,"Passaic County, NJ",40.9293226,-74.177044,88.12268397680322,79.20661157024793,98.04241435562805,2.3237020444600494,71013.79378125085,20,15,51,7560.337,26747.015,2,2,362
34031182502,"Passaic County, NJ",40.9192763,-74.1364145,41.311100038242785,17.950413223140497,95.07340946166394,2.320366312157508,70911.85170721993,20,16,51,8104.819,26747.015,2,2,363
34031180302,"Passaic County, NJ",40.9266303,-74.1853485,76.77861581499788,59.966942148760324,98.30342577487765,2.310165328186346,70600.10323076573,21,15,51,7560.337,26747.015,2,2,364
34003011200,"Bergen County, NJ",40.9105072,-74.1264399,74.00403829382078,58.446280991735534,93.7030995106036,2.307150807844935,70507.97759599051,23,16,52,8104.819,27502.055,2,2,365
34017006000,"Hudson County, NJ",40.6987826,-74.0894038,67.48252394893109,76.39669421487604,59.60848287112561,2.3042665905829924,70419.83410515517,45,10,50,5905.249000000001,28353.621,0,6,366
34031181102,"Passaic County, NJ",40.9301511,-74.151509,57.506011336560654,34.11570247933884,96.93311582381729,2.3032614449414455,70389.1162231104,19,16,51,8104.819,26747.015,2,2,367
34039032004,"Union County, NJ",40.6611734,-74.2383714,62.2458187288657,45.85123966942149,84.50244698205547,2.302928535389318,70378.94229812764,44,8,50,4020.2509999999997,28353.621,0,6,368
34017004103,"Hudson County, NJ",40.7207058,-74.0774608,37.58543582175569,26.776859504132233,52.75693311582381,2.2889449852341337,69951.59622360939,45,9,50,5198.320000000001,28353.621,0,6,369
34031180102,"Passaic County, NJ",40.9184109,-74.2001371,41.1949902311858,17.22314049586777,98.53181076672104,2.2878229305491598,69917.30552777772,23,14,53,6915.8550000000005,28045.052,2,2,370
34031180900,"Passaic County, NJ",40.9331231,-74.1576349,79.28930814490292,64.6611570247934,97.22675367047309,2.2841695615557165,69805.65627699459,19,15,51,7560.337,26747.015,2,2,371
34003021101,"Bergen County, NJ",40.8893098,-74.1093349,84.15587031138556,78.08264462809917,90.70146818923328,2.2826677644516296,69759.76041435369,30,16,55,8104.819,29523.721999999998,2,3,372
34013021602,"Essex County, NJ",40.8645004,-74.2599958,51.39704921024675,26.67768595041322,99.02120717781403,2.2814519650532312,69722.60482120737,37,0,63,0.0,34767.236,0,8,373
34003060002,"Bergen County, NJ",40.8589439,-74.0927594,45.846402284469995,27.90082644628099,75.33442088091354,2.2800757996139036,69680.54834113916,34,6,60,3156.41,32570.089,1,7,374
34017010200,"Hudson County, NJ",40.6821849,-74.1045022,52.61934163523034,36.06611570247934,76.76998368678629,2.2794020102426007,69659.95691480729,46,12,50,6763.331,28353.621,0,6,375
34013020500,"Essex County, NJ",40.7992587,-74.3001157,36.088713072031936,13.15702479338843,98.98858075040783,2.273846931609787,69490.19022315688,45,6,52,3956.281,29182.671,2,7,376
34031180201,"Passaic County, NJ",40.9248278,-74.1927569,77.97764676086237,61.752066115702476,98.46655791190865,2.2737660863913915,69487.71954251132,21,14,51,6915.8550000000005,26747.015,2,2,377
34039039801,"Union County, NJ",40.6545325,-74.1675968,74.64405714824314,74.31404958677686,74.97553017944534,2.2719739211263885,69432.9498465194,46,14,50,7653.329,28353.621,0,6,378
34031181101,"Passaic County, NJ",40.9305265,-74.1456421,48.15147388392309,24.0,96.6068515497553,2.263583598085877,69176.53630521471,19,16,51,8104.819,26747.015,2,2,379
34013021803,"Essex County, NJ",40.8493291,-74.2737585,56.22223727918672,31.900826446280995,99.08646003262642,2.2589131090451993,69033.80322702897,39,0,63,0.0,34767.236,0,8,380
34013021702,"Essex County, NJ",40.8355284,-74.2834421,77.86231615781445,61.123966942148755,99.18433931484503,2.2551805216608565,68919.7330124702,40,1,63,542.9970000000001,34767.236,0,8,381
34017019900,"Hudson County, NJ",40.781958,-74.0676485,46.74001399329317,34.4793388429752,63.360522022838495,2.2354559051628597,68316.93634508229,58,2,53,1258.061,29180.581,0,7,382
34017004104,"Hudson County, NJ",40.7229727,-74.0752316,59.63222550687761,69.15702479338843,51.419249592169656,2.233069806998438,68244.01568668976,45,9,50,5198.320000000001,28353.621,0,6,383
34017005500,"Hudson County, NJ",40.7043624,-74.0834034,57.5835135051487,57.289256198347104,57.87928221859706,2.2302235473282273,68157.03220369542,45,10,50,5905.249000000001,28353.621,0,6,384
34003017301,"Bergen County, NJ",40.9283243,-74.1360952,14.97140664736602,2.347107438016529,95.49755301794454,2.2205556081972353,67861.57391231302,19,16,51,8104.819,26747.015,2,2,385
34003021400,"Bergen County, NJ",40.8799328,-74.0990529,83.83665382973234,79.66942148760332,88.22185970636215,2.2194238166123132,67826.98565070408,31,15,57,7373.179,30722.805,2,4,386
34017010602,"Hudson County, NJ",40.670118,-74.1193698,65.94569138245495,57.75206611570248,75.30179445350734,2.2190411707828015,67815.29175384971,46,14,50,7970.175000000001,28353.621,0,6,387
34031133701,"Passaic County, NJ",40.9332459,-74.1849374,74.86508702081656,57.09090909090909,98.17292006525285,2.2177512935091857,67775.87229431527,19,13,51,6413.615000000001,26747.015,2,2,388
34039033700,"Union County, NJ",40.6663929,-74.2554278,32.30980965226216,12.198347107438016,85.57911908646003,2.2171874530121847,67758.6409746308,44,8,50,4335.145,28353.621,1,6,389
34039032002,"Union County, NJ",40.6563508,-74.2291738,50.40892197965619,30.57851239669421,83.09951060358891,2.215964570584887,67721.26891967312,44,7,50,3711.726,28353.621,0,6,390
34017006800,"Hudson County, NJ",40.710753,-74.0793285,49.77140252598566,44.29752066115702,55.92169657422512,2.210810950338631,67563.77104843484,45,10,50,5905.249000000001,28353.621,0,6,391
34003011400,"Bergen County, NJ",40.9026932,-74.1124847,68.43107732685812,51.04132231404959,91.74551386623165,2.207901127073642,67474.84502206564,24,16,52,8104.819,27502.055,2,2,392
34039030400,"Union County, NJ",40.6514071,-74.1876056,81.89384014864606,86.84297520661157,77.22675367047309,2.2060820766388547,67419.25369840104,44,9,50,4827.785,28353.621,0,6,393
34039032902,"Union County, NJ",40.7019557,-74.29697,43.94743048789786,20.99173553719008,92.00652528548125,2.203098312396478,67328.06798932738,43,6,50,3543.448,28353.621,1,6,394
34017002800,"Hudson County, NJ",40.7266478,-74.073157,59.80968292711061,71.80165289256199,49.82055464926591,2.1915936962662363,66976.47969540079,45,9,50,5198.320000000001,28353.621,0,6,395
34039030900,"Union County, NJ",40.651464,-74.2037768,71.76583843898483,65.1900826446281,79.00489396411093,2.1895159335752052,66912.98196271212,44,9,50,4827.785,28353.621,0,6,396
34031181000,"Passaic County, NJ",40.9363084,-74.1467389,83.53233282739599,72.59504132231405,96.11745513866231,2.187685184538293,66857.03312241976,18,15,51,7560.337,26747.015,2,2,397
34017006300,"Hudson County, NJ",40.6909185,-74.0921756,68.07254677508072,64.52892561983471,71.81076672104405,2.185393492960027,66786.99758858822,45,10,50,5905.249000000001,28353.621,0,6,398
34017011100,"Hudson County, NJ",40.6647321,-74.1276412,79.57084275256646,84.26446280991735,75.13866231647634,2.1767637806371667,66523.26816047665,46,12,50,6867.894,28353.621,0,6,399
34003011100,"Bergen County, NJ",40.9181154,-74.120437,54.323171577065615,31.50413223140496,93.6704730831974,2.1716823150542117,66367.97538106253,20,16,51,8104.819,26747.015,2,2,400
34031223802,"Passaic County, NJ",40.9055976,-74.2243488,65.12994801949937,42.90909090909091,98.85807504078304,2.1712558042312855,66354.94094246186,25,13,58,6413.615000000001,31206.663999999997,2,5,401
34039030703,"Union County, NJ",40.6531682,-74.2200588,74.4074059145032,67.76859504132231,81.69657422512235,2.1663063081236884,66203.6812330925,44,7,50,3711.726,28353.621,0,6,402
34003030201,"Bergen County, NJ",40.8745878,-74.0930667,72.73422034143908,65.35537190082644,80.94616639477977,2.1649591617484774,66162.51159384788,32,12,57,6002.656,30722.805,2,4,403
34013020100,"Essex County, NJ",40.7459386,-74.3123651,19.89971215732936,4.066115702479339,97.38988580750407,2.1630949266725783,66105.53939917461,41,7,50,4671.916,28353.621,3,6,404
34003060001,"Bergen County, NJ",40.8454596,-74.0823606,32.30460167182543,15.702479338842975,66.4600326264274,2.153495222417788,65812.16640846097,35,3,60,1691.2040000000002,32570.089,0,7,405
34031203600,"Passaic County, NJ",40.9415592,-74.1740881,90.18414792740636,83.37190082644628,97.55301794453507,2.1525863108088688,65784.38949888898,18,13,51,6413.615000000001,26747.015,2,2,406
34017001800,"Hudson County, NJ",40.7343941,-74.069982,42.09090957136895,58.54545454545455,30.261011419249595,2.124695009923521,64932.01382788374,44,7,50,4025.3150000000005,28353.621,0,6,407
34031133702,"Passaic County, NJ",40.937311,-74.1905307,53.98160293128397,29.652892561983474,98.27079934747145,2.1229307187886395,64878.09598281351,19,13,51,6413.615000000001,26747.015,2,2,408
34003017302,"Bergen County, NJ",40.9302044,-74.1267828,24.479955010630142,6.31404958677686,94.91027732463296,2.1203547653366686,64799.37322760292,18,16,51,8104.819,26747.015,2,2,409
34017005801,"Hudson County, NJ",40.7000594,-74.082625,58.564826390609134,81.58677685950413,42.03915171288744,2.1101198254112883,64486.58703586322,45,10,50,5905.249000000001,28353.621,0,6,410
34031143401,"Passaic County, NJ",40.9439943,-74.1566906,62.12001580735474,40.06611570247934,96.3132137030995,2.108827954795424,64447.10665853782,17,14,51,6915.8550000000005,26747.015,2,2,411
34013020600,"Essex County, NJ",40.7730144,-74.3110432,28.758781812029746,8.396694214876032,98.49918433931485,2.1034874674241526,64283.898010605095,44,7,50,4671.916,28353.621,3,6,412
34003030401,"Bergen County, NJ",40.8665131,-74.0860646,28.662950307252355,10.710743801652892,76.7047308319739,2.0982532312957183,64123.93646738007,32,6,57,3156.41,30722.805,1,4,413
34017002900,"Hudson County, NJ",40.728186,-74.0694684,46.987698651586285,45.78512396694215,48.22185970636215,2.0675096189286277,63184.39236621945,44,7,50,4025.3150000000005,28353.621,0,6,414
34017010701,"Hudson County, NJ",40.6690459,-74.1140067,69.91160823621263,64.99173553719008,75.20391517128874,2.0495933248104854,62636.8591664001,46,10,50,5901.749,28353.621,0,6,415
34003017501,"Bergen County, NJ",40.9253933,-74.1138691,32.95648636298813,11.603305785123966,93.605220228385,2.0449571818556826,62495.1757261683,18,16,51,8104.819,26747.015,2,2,416
34003017200,"Bergen County, NJ",40.9419962,-74.1345259,69.68847943094404,51.2396694214876,94.77977161500816,2.042866331916767,62431.27803896537,16,14,51,6915.8550000000005,26747.015,2,2,417
34017004102,"Hudson County, NJ",40.7197051,-74.0710091,48.327395854552776,46.710743801652896,50.0,2.042516109543284,62420.575023289435,45,7,50,4025.3150000000005,28353.621,0,6,418
34031143402,"Passaic County, NJ",40.950252,-74.1662886,38.19999143787355,15.074380165289256,96.8026101141925,2.0188679501336257,61697.872420506355,16,13,51,6413.615000000001,26747.015,2,2,419
34039030500,"Union County, NJ",40.6473857,-74.19514,81.32803237912462,85.52066115702479,77.34094616639477,2.0139962055281253,61548.9888458696,44,6,50,3075.706,28353.621,0,6,420
34003025200,"Bergen County, NJ",40.8619243,-74.0799494,43.528897774015974,27.933884297520663,67.83034257748777,2.008754641685268,61388.803363089944,32,5,57,2709.8599999999997,30722.805,1,4,421
34003030300,"Bergen County, NJ",40.8764758,-74.0853278,66.06776861079297,56.16528925619835,77.71615008156607,2.001484295515288,61166.61701830268,31,11,54,5571.0560000000005,28980.725,2,3,422
34017004300,"Hudson County, NJ",40.71646,-74.0709387,48.815481239672664,46.909090909090914,50.799347471451874,1.9988877107464627,61087.2637570924,45,7,50,4025.3150000000005,28353.621,0,6,423
34003052200,"Bergen County, NJ",40.8938153,-74.0927066,57.529544795658424,36.72727272727273,90.1141924959217,1.9952541864824187,60976.22097370235,24,15,52,7373.179,27502.055,2,2,424
34039030701,"Union County, NJ",40.6495973,-74.2221886,67.45794592038995,55.83471074380165,81.50081566068515,1.981322404173759,60550.45695708449,44,5,50,2835.721,28353.621,0,6,425
34003030202,"Bergen County, NJ",40.8839781,-74.0877242,74.53089059542017,67.66942148760332,82.08809135399675,1.9772650491446904,60426.461639346344,26,13,52,6433.702,27502.055,2,2,426
34017004500,"Hudson County, NJ",40.7112893,-74.0724457,51.6185810513184,50.3801652892562,52.88743882544862,1.976363600596791,60398.912805606,45,8,50,4683.095,28353.621,0,6,427
34017002001,"Hudson County, NJ",40.7327129,-74.0660833,30.49213229652412,32.79338842975207,28.352365415986952,1.9731614861267806,60301.05417645025,44,5,50,2811.6040000000003,28353.621,0,6,428
34017011200,"Hudson County, NJ",40.6558188,-74.1378404,74.91760266905358,74.18181818181819,75.66068515497552,1.9703851700795052,60216.20821449793,46,9,50,5483.947,28353.621,0,6,429
34039034100,"Union County, NJ",40.6561025,-74.2463311,43.68588074854295,22.545454545454547,84.64926590538336,1.9610180715074759,59929.94379952759,44,5,50,2835.721,28353.621,0,6,430
34017005300,"Hudson County, NJ",40.7041087,-74.0756865,47.77077105103104,58.87603305785124,38.760195758564436,1.960527822587461,59914.96148465188,45,8,50,4683.095,28353.621,0,6,431
34017011000,"Hudson County, NJ",40.6628907,-74.1207859,59.97122252191174,49.12396694214876,73.21370309951061,1.9553187053874967,59755.767591655764,46,10,50,5951.928,28353.621,0,6,432
34031246104,"Passaic County, NJ",40.917529,-74.232272,55.14294339362686,30.677685950413224,99.11908646003262,1.9524484406072866,59668.05049742444,23,13,54,6413.615000000001,28652.12,2,2,433
34017003000,"Hudson County, NJ",40.7241543,-74.0671047,57.450543039922174,69.2892561983471,47.63458401305057,1.9465874457106096,59488.93481263263,44,6,50,3380.375,28353.621,0,6,434
34003052100,"Bergen County, NJ",40.9109454,-74.0957671,59.49166513593587,38.77685950413223,91.27243066884176,1.9408107869725912,59312.39649381318,19,16,51,8104.819,26747.015,2,2,435
34031143302,"Passaic County, NJ",40.9553477,-74.1489728,55.69569736257791,32.66115702479338,94.97553017944536,1.9262260822625823,58866.678758569855,16,13,51,6413.615000000001,26747.015,2,2,436
34017002002,"Hudson County, NJ",40.7294018,-74.0652543,43.84059183392679,67.86776859504133,28.31973898858075,1.9228939239122245,58764.845906762144,44,5,50,2811.6040000000003,28353.621,0,6,437
34003017502,"Bergen County, NJ",40.9244081,-74.0994955,23.523682170987634,6.016528925619834,91.97389885807505,1.9071119512422017,58282.53891076741,17,16,51,8104.819,26747.015,2,2,438
34031246101,"Passaic County, NJ",40.9387107,-74.214204,45.25158305458024,20.727272727272727,98.79282218597064,1.9024723163782653,58140.74875559955,19,13,51,6413.615000000001,26747.015,2,2,439
34003030402,"Bergen County, NJ",40.8732684,-74.0785508,53.56664909378824,37.12396694214876,77.29200652528549,1.8988604511491374,58030.367885918575,31,6,54,3156.41,28980.725,1,3,440
34017000902,"Hudson County, NJ",40.739957,-74.0623687,52.43018988059287,50.90909090909091,53.996737357259384,1.873071343359992,57242.23655612651,44,3,50,1873.9250000000002,28353.621,0,6,441
34003017400,"Bergen County, NJ",40.9355136,-74.1026947,35.29590674172859,13.388429752066116,93.05057096247961,1.8630055824611402,56934.62058168323,16,16,51,8104.819,26747.015,2,2,442
34017020000,"Hudson County, NJ",40.7911933,-74.0585315,43.89080005751434,37.75206611570248,51.02773246329527,1.856431987564142,56733.727393363384,54,0,52,0.0,28464.945999999996,0,6,443
34003017102,"Bergen County, NJ",40.9405391,-74.1060448,16.707349714831604,3.008264462809917,92.78955954323001,1.8504391866688907,56550.58363447998,16,14,51,6915.8550000000005,26747.015,2,2,444
34003017101,"Bergen County, NJ",40.9454492,-74.11176,44.67874805263075,21.520661157024794,92.75693311582381,1.849708088701457,56528.240821460124,16,14,51,6915.8550000000005,26747.015,2,2,445
34039033600,"Union County, NJ",40.6780895,-74.2881141,70.5984594571369,57.32231404958677,86.94942903752039,1.8484214238156291,56488.919534513894,42,6,50,3832.472,28353.621,1,6,446
34031143301,"Passaic County, NJ",40.9612569,-74.1539967,39.74676150776627,16.62809917355372,95.00815660685154,1.8483394013751842,56486.41287722318,16,13,51,6413.615000000001,26747.015,2,2,447
34013020300,"Essex County, NJ",40.7227534,-74.3184333,24.31197694647891,6.214876033057851,95.10603588907016,1.8472194344797015,56452.1859855495,38,3,50,2197.147,28353.621,1,6,448
34017001900,"Hudson County, NJ",40.7333233,-74.0621577,31.75284068580705,37.917355371900825,26.590538336052198,1.833766593223973,56041.05870828785,43,3,50,1873.9250000000002,28353.621,0,6,449
34017010900,"Hudson County, NJ",40.6611658,-74.1183313,72.18079575035198,71.83471074380165,72.52854812398041,1.8301793283518,55931.42964096462,46,7,50,4517.802,28353.621,0,6,450
34031163501,"Passaic County, NJ",40.9620491,-74.1761943,50.19279562351296,26.016528925619838,96.83523654159869,1.82201666498366,55681.9735222196,16,13,51,6413.615000000001,26747.015,2,2,451
34039030600,"Union County, NJ",40.6437851,-74.2042642,72.18879700111472,66.94214876033058,77.84665579119087,1.820812672554243,55645.17875746022,44,4,50,2199.701,28353.621,0,6,452
34039033900,"Union County, NJ",40.6628301,-74.2680596,64.5669881552962,48.52892561983471,85.90538336052202,1.8166568241971222,55518.17342176224,43,4,50,2199.701,28353.621,0,6,453
34017003101,"Hudson County, NJ",40.7219191,-74.0639668,24.975622105170153,13.454545454545455,46.362153344208814,1.811374384901609,55356.73875947932,44,4,50,2434.0930000000003,28353.621,0,6,454
34003025100,"Bergen County, NJ",40.8614308,-74.0698102,60.30781328572207,54.64462809917355,66.557911908646,1.8075601181905918,55240.172373402136,32,3,55,1691.2040000000002,29572.739999999998,0,4,455
34039037500,"Union County, NJ",40.7105886,-74.3149336,48.962377256794284,25.6198347107438,93.5725938009788,1.8033820428110954,55112.48776594162,39,2,50,1632.7710000000002,28353.621,1,6,456
34039033800,"Union County, NJ",40.666069,-74.2739826,46.70716569776098,25.28925619834711,86.2642740619902,1.8032892053760718,55109.650595624684,43,4,50,2199.701,28353.621,0,6,457
34003022200,"Bergen County, NJ",40.957114,-74.124205,38.21788795061435,15.735537190082644,92.82218597063621,1.7986026589175235,54966.42679266464,16,13,51,6413.615000000001,26747.015,2,2,458
34013020902,"Essex County, NJ",40.8217373,-74.3101465,55.10269514266515,30.51239669421488,99.510603588907,1.7868488994748486,54607.2245226462,35,0,57,0.0,31583.068,0,8,459
34017004600,"Hudson County, NJ",40.7102178,-74.0675923,31.768275091351832,29.223140495867767,34.53507340946167,1.7864039197749673,54593.62566356719,45,6,50,3380.375,28353.621,0,6,460
34017000400,"Hudson County, NJ",40.749776,-74.058449,34.997626125412275,23.173553719008265,52.85481239804242,1.7834909043959415,54504.60208418836,51,0,48,0.0,26720.85,0,5,461
34017003102,"Hudson County, NJ",40.7248508,-74.0623298,53.83427818817681,66.31404958677686,43.703099510603586,1.7808615215674404,54424.246493676954,43,4,49,2434.0930000000003,27436.484999999997,0,6,462
34003005000,"Bergen County, NJ",40.8264308,-74.0623347,51.51060920441201,44.19834710743802,60.0326264274062,1.779123245959449,54371.12369944644,37,3,59,1691.2040000000002,31864.128999999997,0,6,463
34017011300,"Hudson County, NJ",40.656756,-74.124645,62.74281671369907,54.31404958677686,72.47960848287113,1.7736105366316246,54202.65184036475,46,5,49,2917.267,27810.624,0,6,464
34017001000,"Hudson County, NJ",40.7446644,-74.0590106,21.786917141658044,8.991735537190081,52.78955954323001,1.7728109822431775,54178.21695612757,46,1,49,801.23,27436.484999999997,0,6,465
34039034500,"Union County, NJ",40.6486458,-74.2375406,78.83995738662466,74.7107438016529,83.19738988580751,1.7660632510974286,53972.00205468702,43,4,50,2199.701,28353.621,0,6,466
34031143202,"Passaic County, NJ",40.9671247,-74.1616525,42.724669475568916,19.173553719008265,95.20391517128874,1.763590137775311,53896.42215842914,16,11,51,5394.959,26747.015,1,2,467
34031163502,"Passaic County, NJ",40.9627564,-74.1905243,52.58001292850834,28.33057851239669,97.58564437194127,1.7570034711496918,53695.12948987349,16,11,51,5394.959,26747.015,1,2,468
34003030100,"Bergen County, NJ",40.8832848,-74.0733015,71.52426354442228,66.21487603305786,77.25938009787929,1.746069965311049,53360.994685119775,24,7,52,3859.49,27502.055,1,2,469
34003050000,"Bergen County, NJ",40.9064962,-74.0780051,42.90262546272413,20.925619834710744,87.96084828711255,1.745206542698479,53334.60794784367,18,14,51,6800.299,26747.015,2,2,470
34031143201,"Passaic County, NJ",40.9683822,-74.1501825,27.22758635065174,7.867768595041322,94.22512234910278,1.7354075843401668,53035.145626593294,16,11,51,5394.959,26747.015,1,2,471
34039034000,"Union County, NJ",40.6585,-74.2652809,65.24209594072681,49.71900826446281,85.61174551386624,1.711577296205123,52306.87705558422,43,4,50,2199.701,28353.621,0,6,472
34013020700,"Essex County, NJ",40.7857694,-74.3218539,20.295526018395453,4.1652892561983474,98.89070146818923,1.7078100572095993,52191.74786602628,40,5,50,3391.905,28353.621,2,6,473
34017011500,"Hudson County, NJ",40.6481276,-74.142575,66.61024311130494,61.98347107438017,71.58238172920065,1.6903948976892686,51659.529654232385,44,2,49,1206.844,27810.624,0,6,474
34017001100,"Hudson County, NJ",40.7406986,-74.0571457,43.72411957862305,37.15702479338843,51.45187601957586,1.685744747859461,51517.41815510401,44,1,48,801.23,26720.85,0,5,475
34039035200,"Union County, NJ",40.6436367,-74.2260873,50.396692565553586,31.33884297520661,81.04404567699837,1.6704092744382177,51048.75645655691,43,4,50,2199.701,28353.621,0,6,476
34013021802,"Essex County, NJ",40.8559245,-74.3000502,31.53471749527455,9.983471074380166,99.60848287112562,1.6656199748145788,50902.39245234193,31,0,63,0.0,34767.236,0,8,477
34003022100,"Bergen County, NJ",40.9678998,-74.1258709,37.10578864247374,14.975206611570249,91.94127243066885,1.6641663943553253,50857.97012064756,16,11,51,5394.959,26747.015,1,2,478
34017006700,"Hudson County, NJ",40.7177859,-74.0611184,59.09659220438026,76.7603305785124,45.49755301794454,1.6626060041300537,50810.283615426335,43,3,49,1942.882,27436.484999999997,0,6,479
34017007100,"Hudson County, NJ",40.7288142,-74.0577026,35.73835837009193,50.51239669421488,25.28548123980424,1.647326982897875,50343.34713122944,42,1,48,801.23,26720.85,0,5,480
34017001201,"Hudson County, NJ",40.7369538,-74.0563093,32.25653845738985,20.429752066115704,50.929853181076666,1.6411497430695257,50154.566802721514,42,1,48,801.23,26720.85,0,5,481
34017006600,"Hudson County, NJ",40.7248713,-74.058318,7.273023870564827,2.0165289256198347,26.231647634584014,1.6379356999569255,50056.343626756934,42,2,48,1382.714,26720.85,0,5,482
34003042500,"Bergen County, NJ",40.9250159,-74.0730705,21.098670502441518,4.925619834710744,90.37520391517128,1.6343575777219967,49946.993964169546,16,10,51,5058.778,26747.015,0,2,483
34031246103,"Passaic County, NJ",40.9399017,-74.2397143,53.488438349693546,28.826446280991735,99.24959216965742,1.6332361091192862,49912.7211793799,19,11,51,5394.959,26747.015,1,2,484
34031246203,"Passaic County, NJ",40.9214268,-74.2558076,37.87794590986724,14.413223140495868,99.54323001631322,1.6304311990446356,49827.001365993725,21,8,52,3749.3199999999997,27290.012,1,2,485
34003036200,"Bergen County, NJ",40.8413344,-74.0576708,35.10759715956442,19.96694214876033,61.72920065252855,1.6297239512360695,49805.38742880695,32,3,57,1691.2040000000002,30638.317,0,5,486
34003033200,"Bergen County, NJ",40.9009665,-74.0675017,34.93616714056067,14.710743801652892,82.96900489396411,1.6283944848509648,49764.75810116315,18,8,51,4355.499,26747.015,1,2,487
34031246300,"Passaic County, NJ",40.910421,-74.2642143,64.91115256414199,42.31404958677686,99.57585644371942,1.6283668207230746,49763.91266804154,24,2,55,1003.9259999999999,29153.648999999998,0,3,488
34003042400,"Bergen County, NJ",40.9421793,-74.0817574,21.09596097964551,4.892561983471074,90.96247960848287,1.618873102702853,49473.778683216464,16,9,51,4543.189,26747.015,1,2,489
34017000101,"Hudson County, NJ",40.7567825,-74.0530242,12.796531961122323,3.1735537190082646,51.598694942903755,1.6165517967067446,49402.83811417758,55,0,48,0.0,26720.85,0,5,490
34031246102,"Passaic County, NJ",40.9537751,-74.2282232,34.814379776066076,12.264462809917354,98.82544861337684,1.5929748258630958,48682.31107867872,17,11,51,5394.959,26747.015,1,2,491
34017001202,"Hudson County, NJ",40.7322156,-74.0555134,55.70048520810205,60.8595041322314,50.97879282218597,1.5919809813187427,48651.93856526136,42,1,48,801.23,26720.85,0,5,492
34017014802,"Hudson County, NJ",40.7750795,-74.0505288,38.42124601558143,27.43801652892562,53.800978792822185,1.5836062058293903,48396.00016688406,54,0,50,0.0,27739.506,0,6,493
34017004700,"Hudson County, NJ",40.7085382,-74.0625642,30.11378347600609,28.13223140495868,32.23491027732464,1.5811852974890068,48322.015687653104,44,3,49,1942.882,27436.484999999997,0,6,494
34003033300,"Bergen County, NJ",40.8951333,-74.062489,23.668625810581286,7.008264462809917,79.9347471451876,1.5701530644156514,47984.86371660511,18,4,51,2159.7,26747.015,0,2,495
34031246001,"Passaic County, NJ",40.9669256,-74.2130363,58.34975947326561,34.611570247933884,98.36867862969005,1.5659566931145863,47856.619974291476,16,10,51,4948.409000000001,26747.015,1,2,496
34039034400,"Union County, NJ",40.6493856,-74.2537777,66.52980887723058,52.19834710743802,84.79608482871126,1.559277357637379,47652.49528743456,42,4,50,2199.701,28353.621,0,6,497
34017000600,"Hudson County, NJ",40.7461586,-74.0529473,51.47599655359386,53.25619834710744,49.7553017944535,1.554115895769871,47494.75777132622,46,0,48,0.0,26720.85,0,5,498
34003033100,"Bergen County, NJ",40.910036,-74.0602781,31.357874626318473,11.338842975206612,86.721044045677,1.5369874002427033,46971.300191190545,16,3,51,1691.2040000000002,26747.015,0,2,499
34003023402,"Bergen County, NJ",40.8788824,-74.0594041,38.15257031093989,19.33884297520661,75.26916802610114,1.5364150272103216,46953.80811186635,22,3,52,1691.2040000000002,27502.055,0,2,500
34003036100,"Bergen County, NJ",40.8603646,-74.056188,53.44579391466821,44.39669421487603,64.33931484502446,1.530070878345956,46759.92693839761,31,3,53,1691.2040000000002,28342.9,0,3,501
34003023401,"Bergen County, NJ",40.888056,-74.0594114,42.97812899384809,24.132231404958677,76.5415986949429,1.5289141637025776,46724.57701247038,18,3,51,1691.2040000000002,26747.015,0,2,502
34003047300,"Bergen County, NJ",40.9805571,-74.1341328,14.366089706512696,2.2479338842975203,91.81076672104405,1.5153599159713473,46310.35068963335,16,8,51,4188.094,26747.015,0,2,503
34017000500,"Hudson County, NJ",40.7499237,-74.0513269,50.19520225928454,51.074380165289256,49.33115823817292,1.5114226104854476,46190.024161326466,50,0,48,0.0,26720.85,0,5,504
34003047500,"Bergen County, NJ",40.9711846,-74.1032693,38.42228466396843,16.264462809917354,90.76672104404567,1.4950607388403827,45689.995088473486,16,6,51,3184.168,26747.015,0,2,505
34013021801,"Essex County, NJ",40.8421993,-74.3161481,38.39048086885599,14.776859504132231,99.73898858075042,1.4916279631038636,45585.0873061562,30,0,62,0.0,34035.596,0,8,506
34003047400,"Bergen County, NJ",40.9784595,-74.1198029,44.61312265838768,21.818181818181817,91.22349102773246,1.490171830554423,45540.58698098298,16,8,51,4188.094,26747.015,0,2,507
34003023304,"Bergen County, NJ",40.8949991,-74.0558931,5.331652313060621,0.36363636363636365,78.17292006525285,1.4889389653150347,45502.909845018534,17,3,51,1691.2040000000002,26747.015,0,2,508
34039034200,"Union County, NJ",40.6536187,-74.2673512,31.042970605676814,11.305785123966942,85.23654159869494,1.485105536094772,45385.75784062461,40,4,50,2199.701,28353.621,0,6,509
34017001400,"Hudson County, NJ",40.7344942,-74.0521021,47.647698895780486,46.082644628099175,49.26590538336052,1.4830286478595007,45322.28683185312,42,0,48,0.0,26720.85,0,5,510
34017000102,"Hudson County, NJ",40.7551409,-74.0498247,30.521618066123242,18.710743801652892,49.78792822185971,1.4800754865932637,45232.036368949186,53,0,48,0.0,26720.85,0,5,511
36085032300,"Richmond County, NY",40.6369269,-74.1761443,36.12796238070103,18.512396694214875,70.50570962479608,1.4775328606652822,45154.33212380165,42,2,49,1206.844,27810.624,0,6,512
34003061400,"Bergen County, NJ",40.9858759,-74.1574703,41.40834316589785,18.24793388429752,93.96411092985318,1.4742231081404809,45053.18400809397,16,8,51,4188.094,26747.015,0,2,513
36085031902,"Richmond County, NY",40.6379208,-74.1655701,63.012334068863545,58.776859504132226,67.55301794453507,1.4629289095666944,44708.02620683648,42,2,48,1206.844,27203.556,0,6,514
34017011400,"Hudson County, NJ",40.6492544,-74.1248405,54.712838236295674,41.55371900826446,72.03915171288745,1.453925137959583,44432.86529208613,44,1,47,641.44,26584.811999999998,0,5,515
34031246202,"Passaic County, NJ",40.9413345,-74.2559784,50.97711605293874,26.14876033057851,99.38009787928222,1.4439076880958122,44126.72573321461,19,4,51,2102.163,26747.015,0,2,516
34017011600,"Hudson County, NJ",40.6454263,-74.1337887,79.14349447917125,86.9090909090909,72.07177814029365,1.4409543237756537,44036.46906485532,44,1,47,641.44,26584.811999999998,0,5,517
34003023303,"Bergen County, NJ",40.8931046,-74.051872,36.048762808005854,17.05785123966942,76.18270799347472,1.4395759530783485,43994.3451907184,17,3,51,1691.2040000000002,26747.015,0,2,518
34003023301,"Bergen County, NJ",40.9052238,-74.0504752,20.94462094836336,5.454545454545454,80.4241435562806,1.4310697279855444,43734.38960990827,16,3,51,1691.2040000000002,26747.015,0,2,519
34003061300,"Bergen County, NJ",40.98704,-74.1818341,14.908707489381841,2.3140495867768593,96.05220228384992,1.428717676209906,43662.50943053836,16,7,51,3485.014,26747.015,0,2,520
34017014900,"Hudson County, NJ",40.7600747,-74.047462,46.66192975208402,43.50413223140496,50.0489396411093,1.41567263989688,43263.8449284303,54,0,48,0.0,26720.85,0,5,521
34003023502,"Bergen County, NJ",40.8845664,-74.0507811,57.635859781819505,44.0,75.49755301794453,1.4145279437070053,43228.86229398981,18,3,51,1691.2040000000002,26747.015,0,2,522
34003042301,"Bergen County, NJ",40.9668913,-74.0846697,18.75904142982708,3.9008264462809916,90.21207177814028,1.4123479385227569,43162.23996649935,16,3,51,1594.246,26747.015,0,2,523
34017006500,"Hudson County, NJ",40.7205362,-74.0525425,17.77537707160904,15.37190082644628,20.554649265905383,1.394176657294972,42606.914200475476,42,0,44,0.0,24246.081000000002,0,3,524
34003042101,"Bergen County, NJ",40.9328192,-74.0533282,19.10445625705228,4.099173553719009,89.03752039151713,1.389507370400557,42464.217860634475,16,0,51,0.0,26747.015,0,2,525
34003034001,"Bergen County, NJ",40.9909115,-74.1436306,34.306674948442506,12.760330578512397,92.23491027732463,1.3826187718160152,42253.69796179859,16,4,51,2025.846,26747.015,0,2,526
34003023501,"Bergen County, NJ",40.8896947,-74.0472358,55.413319208422486,40.628099173553714,75.57911908646004,1.3797987874989386,42167.51747009714,16,3,51,1691.2040000000002,26747.015,0,2,527
34003023201,"Bergen County, NJ",40.898555,-74.0460739,40.30723420226414,20.628099173553718,78.76019575856444,1.3795511497798092,42159.94950588218,16,3,51,1691.2040000000002,26747.015,0,2,528
34017002200,"Hudson County, NJ",40.7253909,-74.0503721,17.113726048656588,12.661157024793388,23.132137030995107,1.3642127594483897,41691.19866472825,42,0,44,0.0,24246.081000000002,0,3,529
34017000200,"Hudson County, NJ",40.7532759,-74.046893,63.732158147593275,85.12396694214877,47.71615008156607,1.3558060001872398,41434.28282219877,48,0,48,0.0,26720.85,0,5,530
34013020400,"Essex County, NJ",40.8047189,-74.3334476,26.519491039848518,7.074380165289257,99.41272430668842,1.3539709545173941,41378.202674105654,33,0,50,0.0,28353.621,0,6,531
34017005802,"Hudson County, NJ",40.6851074,-74.0705578,2.655895268500067,0.19834710743801653,35.56280587275693,1.3444764473590007,41088.044572722465,45,0,44,0.0,24246.081000000002,0,3,532
34003023202,"Bergen County, NJ",40.905716,-74.041852,34.89173681304425,15.239669421487603,79.8858075040783,1.333414356829278,40749.98013905718,16,2,51,1046.722,26747.015,0,2,533
34017000700,"Hudson County, NJ",40.7461485,-74.046944,53.26595607418343,61.71900826446281,45.97063621533442,1.3317860470867804,40700.21797073555,44,0,48,0.0,26720.85,0,5,534
34039034600,"Union County, NJ",40.6423509,-74.2501848,48.7295569663432,28.231404958677686,84.11092985318108,1.3300197129097369,40646.23768901381,40,3,50,1671.1460000000002,28353.621,0,6,535
34003023602,"Bergen County, NJ",40.8759775,-74.0450424,66.98989810537459,70.44628099173553,63.703099510603586,1.3225903602194247,40419.19200510789,18,3,51,1691.2040000000002,26747.015,0,2,536
34013021601,"Essex County, NJ",40.8825075,-74.3045935,69.35704341669853,48.19834710743802,99.8042414355628,1.3183734269188105,40290.31987517495,26,0,59,0.0,31729.244,0,6,537
34017001300,"Hudson County, NJ",40.7380921,-74.0469768,21.60806432268612,10.314049586776859,45.26916802610114,1.3145610620128987,40173.811609456134,41,0,46,0.0,25396.145999999997,0,3,538
34017019800,"Hudson County, NJ",40.7989131,-74.0428581,29.58501669130068,19.60330578512397,44.64926590538336,1.313121145096914,40129.80684422487,42,0,49,0.0,26575.865999999998,0,4,539
34003042102,"Bergen County, NJ",40.9453844,-74.0529569,25.812842396123422,7.471074380165289,89.18433931484503,1.312824816821632,40120.75086603584,16,0,51,0.0,26747.015,0,2,540
34017007200,"Hudson County, NJ",40.7289178,-74.0480246,13.168349063778232,3.603305785123967,48.12398042414356,1.3082994619425958,39982.45317897523,42,0,44,0.0,24246.081000000002,0,3,541
34017014801,"Hudson County, NJ",40.768367,-74.0432968,51.960914489878434,54.87603305785124,49.20065252854812,1.3023039415675526,39799.226311081526,52,0,46,0.0,25396.145999999997,0,3,542
34003048200,"Bergen County, NJ",40.9280969,-74.0423524,34.14540801746509,13.520661157024794,86.23164763458401,1.2915011770708023,39469.08704384259,16,0,51,0.0,26747.015,0,2,543
34003042302,"Bergen County, NJ",40.9637031,-74.0652021,30.235812542035593,10.181818181818182,89.7879282218597,1.2816448378492495,39167.87112737597,16,0,51,0.0,26747.015,0,2,544
34003029200,"Bergen County, NJ",40.8446953,-74.0415975,42.77641445012485,31.140495867768596,58.760195758564436,1.27092241982835,38840.18729889724,31,3,53,1691.2040000000002,28342.9,0,3,545
34017010300,"Hudson County, NJ",40.6722357,-74.0804662,55.54580248353818,41.917355371900825,73.605220228385,1.2673684995819925,38731.577264279615,45,0,45,0.0,24961.715999999997,0,4,546
34039037000,"Union County, NJ",40.6644829,-74.2959093,50.23714943728718,29.15702479338843,86.557911908646,1.2668079300997677,38714.44590886093,35,1,50,641.44,28353.621,0,6,547
34013020000,"Essex County, NJ",40.7405198,-74.3445566,28.830324814708128,8.52892561983471,97.45513866231647,1.2646416394048543,38648.242704777345,27,1,50,917.1360000000001,28353.621,0,6,548
34017003500,"Hudson County, NJ",40.7198114,-74.0489345,16.007696367963494,13.289256198347108,19.282218597063622,1.2614367915365021,38550.30054125168,41,0,44,0.0,24246.081000000002,0,3,549
34003023100,"Bergen County, NJ",40.8950671,-74.0356922,33.60312356880552,15.008264462809917,75.23654159869494,1.2577574700994631,38437.85816749393,16,2,51,1046.722,26747.015,0,2,550
36085022300,"Richmond County, NY",40.6366982,-74.149025,50.34753098155543,39.14049586776859,64.76345840130506,1.2563354106375715,38394.39913727436,42,1,47,641.44,26584.811999999998,0,5,551
34003034002,"Bergen County, NJ",40.9988168,-74.1393167,40.07359791140802,17.553719008264462,91.48450244698205,1.255342499354081,38364.05514489506,15,1,51,731.64,26747.015,0,2,552
34017002300,"Hudson County, NJ",40.7235905,-74.047691,19.408368748549577,21.223140495867767,17.748776508972266,1.2549756172404223,38352.842997096894,41,0,44,0.0,24246.081000000002,0,3,553
34003047100,"Bergen County, NJ",40.9886396,-74.0981374,27.438362023171276,8.363636363636363,90.0163132137031,1.2392413843983265,37871.99496022459,16,0,51,0.0,26747.015,0,2,554
34003047200,"Bergen County, NJ",40.9965911,-74.1216005,18.420266462453807,3.7355371900826446,90.83197389885808,1.2382139312723746,37840.595347447124,16,1,51,731.64,26747.015,0,2,555
34017017700,"Hudson County, NJ",40.7576451,-74.0431183,43.10167246531033,39.404958677685954,47.14518760195758,1.2375033848610597,37818.88060288879,49,0,46,0.0,25396.145999999997,0,3,556
36085020701,"Richmond County, NY",40.6391004,-74.1389016,60.04098923919167,54.01652892561983,66.73735725938009,1.2367926782441174,37797.16096234588,42,1,47,641.44,26584.811999999998,0,5,557
34031246201,"Passaic County, NJ",40.9570626,-74.2633978,47.67259213790506,22.876033057851238,99.34747145187602,1.2360758716869105,37775.254903797664,15,1,51,731.64,26747.015,0,2,558
34017000800,"Hudson County, NJ",40.7440833,-74.0440275,49.525542028605656,57.85123966942148,42.39804241435563,1.2227084618192325,37366.73846340639,40,0,46,0.0,25396.145999999997,0,3,559
34039037602,"Union County, NJ",40.688053,-74.322864,43.36394773441715,20.56198347107438,91.45187601957586,1.2190141060901238,37253.83663224134,30,0,50,0.0,28353.621,0,6,560
34003048100,"Bergen County, NJ",40.9228884,-74.0338874,20.659635552624618,5.024793388429752,84.94290375203916,1.2152490880220972,37138.77531562248,16,0,51,0.0,26747.015,0,2,561
34003023601,"Bergen County, NJ",40.8659653,-74.0382408,46.29348882044187,35.37190082644628,60.58727569331158,1.2085138332153773,36932.94169893789,22,3,51,1691.2040000000002,26747.015,0,2,562
34013020800,"Essex County, NJ",40.7766705,-74.3447536,40.15227241699874,16.297520661157026,98.92332789559543,1.2021141520266911,36737.36342276319,23,0,50,0.0,28353.621,0,6,563
34017010800,"Hudson County, NJ",40.6594176,-74.0945977,36.19656116078237,17.520661157024794,74.77977161500816,1.2002160357032428,36679.355795887124,43,0,45,0.0,24961.715999999997,0,4,564
34017002400,"Hudson County, NJ",40.7265797,-74.0452695,24.189291222005274,12.462809917355372,46.94942903752039,1.1959316636802393,36548.422696245936,41,0,44,0.0,24246.081000000002,0,3,565
34017007800,"Hudson County, NJ",40.7318932,-74.0440617,49.915334192463675,56.92561983471074,43.768352365415986,1.188526958406157,36322.13025285877,40,0,44,0.0,24246.081000000002,0,3,566
34017000300,"Hudson County, NJ",40.7503272,-74.0425551,35.073817932374226,28.760330578512395,42.77324632952691,1.1869181824491342,36272.965049288614,44,0,46,0.0,25396.145999999997,0,3,567
34039034300,"Union County, NJ",40.6458863,-74.2689317,31.280493191618124,11.570247933884298,84.56769983686786,1.1813380370473567,36102.43230143656,38,1,50,641.44,28353.621,0,6,568
34017017600,"Hudson County, NJ",40.7600392,-74.0410421,48.73961564064338,50.8099173553719,46.7536704730832,1.176595706224531,35957.50369327119,49,0,45,0.0,24831.77,0,3,569
34003061200,"Bergen County, NJ",41.0058474,-74.1763627,30.618237052679795,9.884297520661157,94.84502446982054,1.167624659434291,35683.34286947586,14,1,51,731.64,26747.015,0,2,570
34003020200,"Bergen County, NJ",40.9976017,-74.2164992,37.05188806205198,14.016528925619834,97.94453507340947,1.1604242366957112,35463.293428664634,14,1,51,731.64,26747.015,0,2,571
34003054400,"Bergen County, NJ",40.8913807,-74.0275805,37.291151948107135,18.84297520661157,73.80097879282218,1.1592708007309818,35428.04370121595,16,1,51,544.482,26747.015,0,2,572
34003029100,"Bergen County, NJ",40.8544746,-74.0361891,38.49045124359122,25.157024793388427,58.890701468189235,1.1560585147638303,35329.87422471979,24,3,52,1691.2040000000002,27502.055,0,2,573
34017010400,"Hudson County, NJ",40.6673453,-74.0821518,49.77590973744729,33.58677685950413,73.76835236541599,1.1537456555703747,35259.19179527463,45,0,45,0.0,24961.715999999997,0,4,574
34003004001,"Bergen County, NJ",40.8793539,-74.0295331,23.402371362727315,9.024793388429753,60.685154975530175,1.1480227875163327,35084.29735353845,16,2,51,1046.722,26747.015,0,2,575
34017017100,"Hudson County, NJ",40.7647859,-74.0392588,50.68970334134768,56.132231404958674,45.774877650897224,1.1399676426832381,34838.127068746886,51,0,44,0.0,24224.702,0,3,576
34039037601,"Union County, NJ",40.6979658,-74.3344355,49.508007759325835,26.611570247933887,92.10440456769985,1.1349628665080298,34685.177965795025,29,0,50,0.0,28353.621,0,6,577
36085020702,"Richmond County, NY",40.639424,-74.1303523,63.13496673725842,61.02479338842976,65.31810766721044,1.1272375740309581,34449.0881761533,42,1,45,641.44,25241.027,0,4,578
34017006400,"Hudson County, NJ",40.7181459,-74.0454757,17.79357091165486,17.024793388429753,18.59706362153344,1.125684188088419,34401.61572621112,40,0,44,0.0,24246.081000000002,0,3,579
34003037203,"Bergen County, NJ",40.9221294,-74.0256076,18.897782356384976,4.429752066115703,80.61990212071778,1.1243758395036398,34361.63177180741,16,0,51,0.0,26747.015,0,2,580
34017007300,"Hudson County, NJ",40.7131981,-74.0468222,21.328998712515602,18.214876033057852,24.97553017944535,1.1119849017410353,33982.95693217909,40,0,44,0.0,24246.081000000002,0,3,581
34003004002,"Bergen County, NJ",40.8718323,-74.0289908,41.36503054137178,28.958677685950413,59.086460032626434,1.110566338413083,33939.604746008314,16,1,51,544.482,26747.015,0,2,582
36085031901,"Richmond County, NY",40.6303035,-74.1633211,68.909586681876,74.44628099173553,63.78466557911908,1.1043005390903606,33748.1179837363,41,1,45,641.44,25191.947,0,5,583
34031246003,"Passaic County, NJ",40.9770103,-74.2610348,46.08892042718299,21.388429752066116,99.31484502446982,1.0991102671448263,33589.500013550525,13,0,51,0.0,26747.015,0,2,584
34017007001,"Hudson County, NJ",40.7238615,-74.0428615,20.09509164269461,26.446280991735538,15.269168026101143,1.0933745277514948,33414.21221560237,40,0,43,0.0,23681.704999999998,0,3,585
34017007002,"Hudson County, NJ",40.721067,-74.0435001,13.972050890466027,11.801652892561984,16.541598694942905,1.0895664696027518,33297.83556708731,40,0,43,0.0,23681.704999999998,0,3,586
34003027000,"Bergen County, NJ",40.9995,-74.0965826,23.8550894632738,6.347107438016529,89.6574225122349,1.0857758002504316,33181.99033111123,15,0,51,0.0,26747.015,0,2,587
34003040002,"Bergen County, NJ",40.9498249,-74.0336664,21.8658828993229,5.421487603305785,88.18923327895595,1.0857583777995234,33181.45789007004,16,0,51,0.0,26747.015,0,2,588
34039035100,"Union County, NJ",40.6354321,-74.2481143,70.8515263896525,60.23140495867768,83.3442088091354,1.0821212363517365,33070.304563273196,39,1,49,641.44,27598.581,0,6,589
34017019200,"Hudson County, NJ",40.7379415,-74.0397646,31.26480073644677,25.454545454545453,38.401305057096245,1.0703060388331647,32709.224707071764,39,0,43,0.0,23681.704999999998,0,3,590
34003037204,"Bergen County, NJ",40.9257906,-74.0209599,33.923552830862654,13.652892561983471,84.29037520391518,1.0617512485759732,32447.784944338666,16,0,51,0.0,26747.015,0,2,591
34017017800,"Hudson County, NJ",40.754805,-74.038233,54.676618213276726,73.15702479338843,40.864600326264274,1.0553253223510193,32251.404603373543,45,0,43,0.0,23681.704999999998,0,3,592
34017017000,"Hudson County, NJ",40.7689342,-74.0361912,48.98413641551712,80.46280991735537,29.820554649265908,1.0520246465033933,32150.533876620564,47,0,43,0.0,23681.704999999998,0,3,593
34003061100,"Bergen County, NJ",41.0151006,-74.1616755,31.894085435205433,10.909090909090908,93.24632952691681,1.0514564753209388,32133.17020846893,13,0,51,0.0,26747.015,0,2,594
34003056200,"Bergen County, NJ",41.013227,-74.1368912,46.71360790782265,23.93388429752066,91.17455138662316,1.0501701997761403,32093.860820029073,14,0,51,0.0,26747.015,0,2,595
34017017500,"Hudson County, NJ",40.7586953,-74.037573,54.98934512796422,70.47933884297521,42.90375203915171,1.0470429964336612,31998.291521975432,44,0,43,0.0,23681.704999999998,0,3,596
34017019000,"Hudson County, NJ",40.7425882,-74.0387528,52.35395876758813,72.29752066115702,37.91190864600326,1.047027581636209,31997.82043608468,38,0,43,0.0,23681.704999999998,0,3,597
34003054300,"Bergen County, NJ",40.9054744,-74.0166798,44.46346496707279,25.785123966942148,76.6721044045677,1.0456512743151158,31955.759620020614,16,0,51,0.0,26747.015,0,2,598
36085023100,"Richmond County, NY",40.6301244,-74.1563206,51.559132473298675,44.066115702479344,60.32626427406199,1.0410324391343824,31814.605116233786,40,1,44,641.44,24485.987,0,4,599
34039034700,"Union County, NJ",40.6372306,-74.256915,56.43163245318845,38.082644628099175,83.6215334420881,1.0409952714104087,31813.469247247536,38,1,49,641.44,27598.581,0,6,600
34003046200,"Bergen County, NJ",40.8634266,-74.0262327,38.2562356082473,25.88429752066116,56.541598694942905,1.0388492374224725,31747.885100850548,17,1,51,544.482,26747.015,0,2,601
34003058100,"Bergen County, NJ",40.9916063,-74.0702306,30.383205026268854,10.479338842975206,88.09135399673735,1.020300012983714,31181.009152948107,16,0,51,0.0,26747.015,0,2,602
34003037201,"Bergen County, NJ",40.9342232,-74.0184616,27.921861035803023,9.12396694214876,85.44861337683524,1.0040183077149112,30683.43001489879,16,0,51,0.0,26747.015,0,2,603
34039038000,"Union County, NJ",40.713698,-74.3499805,62.696347372864224,41.48760330578513,94.74714518760196,1.0026549580198012,30641.76519202225,24,0,50,0.0,28353.621,0,6,604
34003054500,"Bergen County, NJ",40.8858056,-74.0140311,22.47165160195399,8.661157024793388,58.303425774877645,0.9922663732471554,30324.28351725997,16,0,51,0.0,26747.015,0,2,605
34017019100,"Hudson County, NJ",40.7399172,-74.0371493,44.41067419764215,55.20661157024793,35.725938009787924,0.9916505723196182,30305.46425418677,38,0,43,0.0,23681.704999999998,0,3,606
34017017400,"Hudson County, NJ",40.7613982,-74.0355936,50.89799353634858,62.64462809917355,41.35399673735726,0.9911883951549514,30291.339829783778,46,0,43,0.0,23681.704999999998,0,3,607
34003056100,"Bergen County, NJ",41.0123472,-74.1104655,37.78677439599253,15.867768595041323,89.9836867862969,0.9848232145440865,30096.815912933926,14,0,51,0.0,26747.015,0,2,608
34003058200,"Bergen County, NJ",40.9856464,-74.0565524,41.521648508190815,19.702479338842977,87.50407830342577,0.9839735017285279,30070.84815566435,16,0,51,0.0,26747.015,0,2,609
34003003401,"Bergen County, NJ",40.9178709,-74.0120843,13.106117683610819,2.2148760330578514,77.55301794453507,0.9802504620819296,29957.069725967096,16,0,51,0.0,26747.015,0,2,610
34039037200,"Union County, NJ",40.6549994,-74.2976027,50.89349563041343,30.34710743801653,85.35073409461664,0.9789762151984469,29918.127940971135,32,1,49,641.44,27598.581,0,6,611
34017016700,"Hudson County, NJ",40.7728466,-74.033158,30.74589433518454,32.62809917355372,28.97226753670473,0.9666589090722777,29541.703330393506,46,0,43,0.0,23681.704999999998,0,3,612
34003046300,"Bergen County, NJ",40.8524944,-74.0245865,49.40067378402185,45.22314049586777,53.964110929853184,0.9652528719868373,29498.733954060466,20,1,51,544.482,26747.015,0,2,613
34017014700,"Hudson County, NJ",40.7808748,-74.0323078,31.690602471117618,31.60330578512397,31.778140293637847,0.9648854223027953,29487.504460954948,45,0,43,0.0,23681.704999999998,0,3,614
34017018900,"Hudson County, NJ",40.7445621,-74.0360765,41.96162105376567,50.01652892561983,35.20391517128875,0.9645843199319936,29478.30258340867,38,0,43,0.0,23681.704999999998,0,3,615
36085021300,"Richmond County, NY",40.6326156,-74.138903,57.85504874683131,53.586776859504134,62.46329526916803,0.9614572022146101,29382.735902111726,40,1,44,641.44,24485.987,0,4,616
34017007702,"Hudson County, NJ",40.7317131,-74.0368277,21.93228603872118,12.859504132231406,37.40619902120718,0.9514675513954919,29077.445899502804,38,0,43,0.0,23681.704999999998,0,3,617
36085023900,"Richmond County, NY",40.6295171,-74.1493007,33.61628076451986,19.041322314049587,59.34747145187602,0.949476966428336,29016.612372804026,40,1,44,641.44,24485.987,0,4,618
34017017200,"Hudson County, NJ",40.7640375,-74.033921,40.719268932402,59.438016528925615,27.895595432300162,0.946135233526761,28914.486916698224,45,0,43,0.0,23681.704999999998,0,3,619
34017007601,"Hudson County, NJ",40.7215458,-74.0386861,16.147099945150185,18.41322314049587,14.159869494290374,0.9390380724529476,28697.593217211368,39,0,43,0.0,23681.704999999998,0,3,620
34039037700,"Union County, NJ",40.72727,-74.3587872,30.390428121677473,9.553719008264462,96.6721044045677,0.9385532527069916,28682.77682130447,21,0,50,0.0,28353.621,0,6,621
34003037100,"Bergen County, NJ",40.9446805,-74.0168847,36.98713575844162,15.570247933884298,87.86296900489397,0.9379978623573918,28665.803743431337,16,0,51,0.0,26747.015,0,2,622
34017014600,"Hudson County, NJ",40.8046906,-74.0290786,25.377991278263487,16.958677685950413,37.97716150081566,0.9351899864868873,28579.993293461324,34,0,46,0.0,24903.220999999998,0,3,623
34017018501,"Hudson County, NJ",40.7489196,-74.0350497,37.38154142744062,39.438016528925615,35.43230016313213,0.9349802174560473,28573.582620142308,37,0,43,0.0,23681.704999999998,0,3,624
36085009701,"Richmond County, NY",40.6422286,-74.1121243,57.163357268510104,47.66942148760331,68.54812398042415,0.9271203053432079,28333.378769889365,41,0,43,0.0,23568.851,0,4,625
34003003402,"Bergen County, NJ",40.9153571,-74.0055605,11.776755786926081,1.8181818181818181,76.2805872756933,0.9095816200174723,27797.38553190715,16,0,51,0.0,26747.015,0,2,626
34003054200,"Bergen County, NJ",40.8994666,-74.0045472,31.13360720908552,13.818181818181818,70.14681892332788,0.9043139689349007,27636.40280669883,16,0,51,0.0,26747.015,0,2,627
34003020100,"Bergen County, NJ",41.0244298,-74.1971092,31.403191919008194,10.214876033057852,96.5415986949429,0.9023084821000874,27575.113869565954,13,0,51,0.0,26747.015,0,2,628
34017007500,"Hudson County, NJ",40.7157935,-74.0393021,26.512372756098596,41.752066115702476,16.835236541598693,0.9010585286380361,27536.91450678539,39,0,43,0.0,23681.704999999998,0,3,629
34003039300,"Bergen County, NJ",41.0108782,-74.2418077,29.06449935726371,8.561983471074381,98.66231647634584,0.8995838010157164,27491.84590450714,13,0,51,0.0,26747.015,0,2,630
34017016900,"Hudson County, NJ",40.7669837,-74.0320357,45.199641186618734,74.54545454545455,27.40619902120718,0.8984512321749968,27457.233889472904,45,0,43,0.0,23681.704999999998,0,3,631
34039037100,"Union County, NJ",40.6657049,-74.3174238,32.341806953955185,12.066115702479339,86.68841761827079,0.8970906433587647,27415.65344078873,29,0,49,0.0,27598.581,0,6,632
34031246002,"Passaic County, NJ",40.9986721,-74.2637747,22.173438754931652,4.958677685950414,99.15171288743882,0.8962021807293175,27388.501464871537,13,0,51,0.0,26747.015,0,2,633
34003054601,"Bergen County, NJ",40.8676535,-74.0111807,15.230919522319358,4.495867768595041,51.598694942903755,0.8934583302763074,27304.647671868603,16,0,51,0.0,26747.015,0,2,634
34017018502,"Hudson County, NJ",40.7469477,-74.0337523,25.107698131588027,18.578512396694215,33.931484502446985,0.8921144274995763,27263.577159030538,36,0,43,0.0,23681.704999999998,0,3,635
34039034800,"Union County, NJ",40.6404726,-74.2765981,53.19373107072686,33.78512396694215,83.75203915171289,0.8847214979548277,27037.644589327057,32,1,49,641.44,27598.581,0,6,636
34003040001,"Bergen County, NJ",40.9656758,-74.0245048,21.888758262189135,5.520661157024794,86.7862969004894,0.8799292868436919,26891.19160822573,16,0,51,0.0,26747.015,0,2,637
36085013302,"Richmond County, NY",40.6358875,-74.1235004,58.457553277295,52.925619834710744,64.56769983686786,0.875534531202935,26756.885115904242,40,0,44,0.0,24485.987,0,4,638
34003054602,"Bergen County, NJ",40.8764089,-74.0059329,22.356115105241102,9.520661157024794,52.49592169657422,0.8713983529107969,26630.48090974509,16,0,51,0.0,26747.015,0,2,639
34003003300,"Bergen County, NJ",40.9292543,-74.0049945,34.04723585466656,13.884297520661157,83.4910277324633,0.8712323638391605,26625.408179473478,16,0,51,0.0,26747.015,0,2,640
34017016800,"Hudson County, NJ",40.7703897,-74.0303902,43.69305230690609,70.41322314049587,27.112561174551388,0.8631297385309067,26377.786861542943,46,0,43,0.0,23681.704999999998,0,3,641
34017016600,"Hudson County, NJ",40.7751685,-74.0293954,44.42336184322456,70.57851239669421,27.96084828711256,0.8521422734279634,26042.003027785373,45,0,43,0.0,23681.704999999998,0,3,642
34003059200,"Bergen County, NJ",40.986422,-74.0410943,63.238100374093044,46.14876033057851,86.65579119086459,0.8467833208078568,25878.23007025192,15,0,51,0.0,26747.015,0,2,643
34017018402,"Hudson County, NJ",40.7547973,-74.0319117,29.942579159594686,24.958677685950413,35.92169657422512,0.8448948218660308,25820.516356598026,40,0,43,0.0,23681.704999999998,0,3,644
34003046100,"Bergen County, NJ",40.8509297,-74.01552649999999,37.94569759073981,29.024793388429753,49.60848287112562,0.8435789194374668,25780.30155198438,16,0,50,0.0,26015.375,0,2,645
34017017300,"Hudson County, NJ",40.7612139,-74.0311767,30.14031155351227,34.54545454545455,26.296900489396414,0.8398226340844342,25665.507112619944,40,0,43,0.0,23681.704999999998,0,3,646
34003001002,"Bergen County, NJ",41.0311638,-74.1429597,26.5880541252476,7.735537190082645,91.38662316476346,0.8369537133919652,25577.83109455408,13,0,51,0.0,26747.015,0,2,647
34017018800,"Hudson County, NJ",40.7421106,-74.0318013,31.05236745820974,30.28099173553719,31.843393148450243,0.8289409701202308,25332.956628106178,36,0,43,0.0,23681.704999999998,0,3,648
34017019300,"Hudson County, NJ",40.7370719,-74.0318678,43.561926723119086,59.47107438016529,31.908646003262643,0.8187730276331334,25022.21792015529,36,0,43,0.0,23681.704999999998,0,3,649
34003045200,"Bergen County, NJ",40.8301975,-74.0201875,8.088198377159411,1.4545454545454546,44.97553017944535,0.8097529564534227,24746.558880230048,26,0,49,0.0,25830.938,0,2,650
34031196401,"Passaic County, NJ",40.9887073,-74.2884642,62.529066758306115,39.239669421487605,99.64110929853182,0.8095442327994552,24740.18015428476,13,0,51,0.0,26747.015,0,2,651
34003054102,"Bergen County, NJ",40.8862178,-73.997779,9.178342706752549,1.6198347107438016,52.006525285481246,0.8069656583341711,24661.37729926131,16,0,51,0.0,26747.015,0,2,652
34003014000,"Bergen County, NJ",40.9749901,-74.0232476,46.897448336587836,25.553719008264466,86.06851549755302,0.7916604246116006,24193.639744896405,16,0,51,0.0,26747.015,0,2,653
36085013301,"Richmond County, NY",40.6355984,-74.1189103,72.29356069295147,79.53719008264463,65.70962479608482,0.7914762009818584,24188.009755077645,40,0,42,0.0,22976.836,0,3,654
34003054101,"Bergen County, NJ",40.9024305,-73.9946688,18.723245104518497,5.1570247933884295,67.97716150081567,0.7912238804346177,24180.298680694745,16,0,51,0.0,26747.015,0,2,655
36085024700,"Richmond County, NY",40.6275152,-74.1417619,41.496080412215676,29.851239669421485,57.68352365415987,0.7870984474666353,24054.22285838993,40,1,43,641.44,23893.971999999998,0,3,656
34039037300,"Union County, NJ",40.6450673,-74.293536,42.41467940211336,21.322314049586776,84.37194127243067,0.7868754217960091,24047.40705383378,28,1,49,641.44,27598.581,0,6,657
34017018600,"Hudson County, NJ",40.7468565,-74.0302386,27.545425912886362,24.09917355371901,31.484502446982056,0.7854174887910926,24002.85170561052,34,0,43,0.0,23681.704999999998,0,3,658
34017007703,"Hudson County, NJ",40.7320976,-74.0314349,22.950404006153725,16.0,32.92006525285481,0.7849917986598799,23989.842347864018,36,0,43,0.0,23681.704999999998,0,3,659
36085030302,"Richmond County, NY",40.6235288,-74.1587435,43.76741406781532,33.45454545454545,57.25938009787929,0.781001186730444,23867.886741165825,40,1,43,641.44,23893.971999999998,0,3,660
34003053100,"Bergen County, NJ",41.023696,-74.0925529,17.28888462748435,3.371900826446281,88.64600326264274,0.7806311750323193,23856.578951300973,13,0,51,0.0,26747.015,0,2,661
34003003200,"Bergen County, NJ",40.9253052,-73.9958947,30.857526057282218,12.165289256198347,78.27079934747145,0.7791174652273111,23810.319029038656,16,0,51,0.0,26747.015,0,2,662
34017018401,"Hudson County, NJ",40.7511401,-74.0299113,37.36768233395454,42.4793388429752,32.87112561174552,0.7760975209818308,23718.02763634883,34,0,43,0.0,23681.704999999998,0,3,663
34003026200,"Bergen County, NJ",41.005349,-74.0542374,45.252298091042775,23.702479338842974,86.394779771615,0.7626419279221783,23306.816262231103,14,0,51,0.0,26747.015,0,2,664
34017007701,"Hudson County, NJ",40.7264658,-74.0317951,16.884680011013717,20.297520661157026,14.045676998368679,0.762627109235765,23306.363393868065,37,0,43,0.0,23681.704999999998,0,3,665
34017019400,"Hudson County, NJ",40.7392323,-74.0296934,29.619575286535987,28.991735537190085,30.261011419249595,0.7588261753792882,23190.20446819877,35,0,43,0.0,23681.704999999998,0,3,666
34017018200,"Hudson County, NJ",40.762826,-74.0283183,28.64486384251294,33.48760330578512,24.502446982055464,0.7542525574770919,23050.431832840834,39,0,43,0.0,23681.704999999998,0,3,667
34003001001,"Bergen County, NJ",41.0362288,-74.125459,16.856166347235877,3.1404958677685952,90.47308319738988,0.7436462377883871,22726.29604230461,13,0,50,0.0,26196.855,0,1,668
34017014502,"Hudson County, NJ",40.7944872,-74.0230625,46.821446506834114,72.56198347107437,30.21207177814029,0.7348940602586558,22458.824000561985,34,0,44,0.0,24177.781000000003,0,3,669
34003010300,"Bergen County, NJ",40.9470434,-73.9991367,46.02442699215622,24.462809917355372,86.5905383360522,0.7330682746481362,22403.026845697263,16,0,51,0.0,26747.015,0,2,670
34017007602,"Hudson County, NJ",40.7190814,-74.0326147,7.389321952899166,4.462809917355372,12.234910277324634,0.7272728243227623,22225.91424416697,37,0,43,0.0,23681.704999999998,0,3,671
34039035400,"Union County, NJ",40.6213262,-74.2251144,42.56735956781535,23.140495867768596,78.30342577487765,0.7237357883754569,22117.820204331845,36,1,45,641.44,25191.947,0,5,672
34003010200,"Bergen County, NJ",40.9400177,-73.9949154,48.96647435543807,28.56198347107438,83.94779771615009,0.7187423632824115,21965.217997579453,16,0,51,0.0,26747.015,0,2,673
34039035300,"Union County, NJ",40.6244815,-74.2441142,62.263057126986006,47.33884297520661,81.89233278955955,0.7113038926675956,21737.89366417458,32,1,45,641.44,25191.947,0,5,674
34003003500,"Bergen County, NJ",40.9175862,-73.9884116,54.690843853792174,40.29752066115703,74.22512234910276,0.708846133612671,21662.78300396471,16,0,51,0.0,26747.015,0,2,675
34039034900,"Union County, NJ",40.6322627,-74.2717927,61.66872215077852,46.18181818181818,82.34910277324633,0.7037108017685312,21505.84403778035,29,1,46,641.44,25810.691,0,6,676
34017007400,"Hudson County, NJ",40.7130269,-74.0338313,14.44836348589313,13.057851239669422,15.98694942903752,0.7007225067237255,21414.51986453908,37,0,42,0.0,23043.88,0,3,677
34017016500,"Hudson County, NJ",40.7711363,-74.0253313,39.32840539361773,63.04132231404959,24.535073409461663,0.7002224871878141,21399.238953505555,43,0,43,0.0,23681.704999999998,0,3,678
34017016400,"Hudson County, NJ",40.7751385,-74.0246971,45.71951835479129,80.89256198347108,25.840130505709624,0.700051572582258,21394.01569582409,43,0,43,0.0,23681.704999999998,0,3,679
34003041100,"Bergen County, NJ",40.8504658,-74.0023419,29.29404091138057,21.024793388429753,40.815660685154974,0.6999838167735211,21391.945035757926,16,0,49,0.0,25442.495,0,2,680
34017018702,"Hudson County, NJ",40.7489596,-74.0272178,51.21827259447336,87.20661157024794,30.081566068515496,0.6960954412542646,21273.11383796006,32,0,43,0.0,23681.704999999998,0,3,681
34003015300,"Bergen County, NJ",40.8963444,-73.9867428,41.36398756070219,26.512396694214875,64.53507340946166,0.6955820652719465,21257.4247455364,16,0,49,0.0,25442.495,0,2,682
34003039200,"Bergen County, NJ",41.0371647,-74.2199352,51.35828605958352,26.975206611570247,97.78140293637847,0.6922177750892136,21154.609924752265,13,0,49,0.0,25728.359,0,1,683
34017016200,"Hudson County, NJ",40.7797809,-74.0237409,45.73716086216193,76.69421487603306,27.275693311582383,0.689335916595556,21066.538519357044,40,0,43,0.0,23681.704999999998,0,3,684
34031196404,"Passaic County, NJ",41.0069951,-74.2846158,44.33841300051888,19.768595041322314,99.44535073409462,0.6875388131601781,21011.617909777273,13,0,49,0.0,25728.359,0,1,685
34039036400,"Union County, NJ",40.668327,-74.3353777,48.46761026297698,25.983471074380166,90.40783034257748,0.6743239057513323,20607.762040300615,20,0,49,0.0,27598.581,0,6,686
34003028001,"Bergen County, NJ",40.8657867,-73.9922042,13.95107695598574,4.8264462809917354,40.32626427406199,0.6735955799685652,20585.503946985125,16,0,49,0.0,25442.495,0,2,687
34017018701,"Hudson County, NJ",40.7445156,-74.0264857,29.423796114993827,30.413223140495866,28.466557911908648,0.6733215419152233,20577.129171977016,32,0,43,0.0,23681.704999999998,0,3,688
34017018301,"Hudson County, NJ",40.7359899,-74.026884,13.970970131577461,6.809917355371901,28.66231647634584,0.6646764888762189,20312.930921946,33,0,43,0.0,23681.704999999998,0,3,689
34003003100,"Bergen County, NJ",40.9304752,-73.9866374,36.32407754832457,16.892561983471076,78.10766721044045,0.6594775891383541,20154.049281008287,16,0,51,0.0,26747.015,0,2,690
34017014501,"Hudson County, NJ",40.7989796,-74.018772,45.92345412814715,71.50413223140497,29.494290375203914,0.6549401595978182,20015.38258470926,33,0,42,0.0,22947.941,0,2,691
36085014100,"Richmond County, NY",40.6288617,-74.1268936,36.61121414502575,23.041322314049587,58.17292006525285,0.652088812837893,19928.243637058502,40,0,42,0.0,22976.836,0,3,692
34017016000,"Hudson County, NJ",40.7859664,-74.0212766,43.03332884055319,69.38842975206612,26.688417618270798,0.6441181502002822,19684.655181216374,37,0,42,0.0,23159.125,0,2,693
34003015402,"Bergen County, NJ",40.8833929,-73.9841232,9.453712645418436,2.0495867768595044,43.605220228384994,0.643220675002251,19657.227775543295,16,0,49,0.0,25442.495,0,2,694
34039037900,"Union County, NJ",40.7031637,-74.3682175,36.082839928130156,13.851239669421489,93.99673735725939,0.6312650146804623,19291.855287863844,15,0,48,0.0,26757.735999999997,0,5,695
34003009200,"Bergen County, NJ",40.9627374,-73.99747,16.549800362426904,3.206611570247934,85.41598694942904,0.6244069045805127,19082.2671362641,16,0,51,0.0,26747.015,0,2,696
34039037800,"Union County, NJ",40.7187645,-74.3771469,57.99024890869652,34.97520661157025,96.15008156606851,0.622239043236517,19016.015932158185,12,0,48,0.0,26757.735999999997,0,5,697
34003032102,"Bergen County, NJ",41.0497587,-74.1822789,43.45277510282336,19.90082644628099,94.87765089722674,0.6143836373047368,18775.94979362833,13,0,47,0.0,25002.918999999998,0,1,698
34003059100,"Bergen County, NJ",40.9890347,-74.015393,37.51655919921236,16.727272727272727,84.14355628058728,0.6120423534989026,18704.398690178004,14,0,50,0.0,26196.855,0,1,699
34031196403,"Passaic County, NJ",41.0138951,-74.2873766,53.825582377930466,29.123966942148762,99.47797716150082,0.6086200327960832,18599.81042025642,13,0,49,0.0,25728.359,0,1,700
36085010500,"Richmond County, NY",40.633799,-74.1118714,62.727829394413895,58.74380165289256,66.98205546492659,0.606433146701502,18532.977807824922,39,0,40,0.0,21696.825,0,2,701
34017015500,"Hudson County, NJ",40.7903166,-74.0190333,47.04997771637777,82.74380165289256,26.753670473083197,0.6058256253227275,18514.411572961533,33,0,40,0.0,21929.285,0,1,702
34017016300,"Hudson County, NJ",40.7774412,-74.0212514,36.15223289015767,52.3305785123967,24.97553017944535,0.6042548686963006,18466.40826401082,40,0,42,0.0,23159.125,0,2,703
34003035200,"Bergen County, NJ",41.0259773,-74.0610613,35.452191558391085,14.644628099173554,85.82381729200652,0.6032874022151697,18436.841880771157,13,0,48,0.0,25449.469,0,1,704
36085008100,"Richmond County, NY",40.6430458,-74.0937905,54.38057040325041,41.52066115702479,71.22349102773246,0.601294849510937,18375.948218791556,39,0,40,0.0,21696.825,0,2,705
34003041301,"Bergen County, NJ",40.8419283,-73.9978246,35.67386732002606,35.14049586776859,36.215334420880914,0.5941594862142915,18157.887035383665,16,0,43,0.0,22780.576,0,1,706
34003041200,"Bergen County, NJ",40.8482555,-73.9931222,23.108982010169353,15.603305785123966,34.22512234910277,0.5873868128770918,17950.909884908495,16,0,44,0.0,23276.585,0,1,707
34039036100,"Union County, NJ",40.6348845,-74.2898473,51.63537773234624,32.19834710743802,82.80587275693311,0.5851330082368463,17882.03219969614,25,1,45,641.44,24969.846,0,5,708
34017014402,"Hudson County, NJ",40.8044903,-74.0144327,19.851524428213402,13.586776859504132,29.004893964110927,0.5832431748710967,17824.277705209108,31,0,42,0.0,22947.941,0,2,709
34017018302,"Hudson County, NJ",40.7536355,-74.0232118,32.196412978295,34.87603305785124,29.72267536704731,0.5808186637119569,17750.183121574355,30,0,43,0.0,23681.704999999998,0,3,710
34003044201,"Bergen County, NJ",41.0512807,-74.1341677,27.408333587256532,8.264462809917356,90.89722675367047,0.5784429545353287,17677.57995717317,13,0,47,0.0,25002.918999999998,0,1,711
34039035000,"Union County, NJ",40.6250808,-74.2641334,55.215021353272576,37.785123966942145,80.68515497553018,0.5730626671889979,17513.15499700794,28,1,43,641.44,23759.087,0,3,712
34003015200,"Bergen County, NJ",40.9070229,-73.9757766,42.360824898322726,27.735537190082642,64.69820554649266,0.5717272503138078,17472.343818650177,16,0,46,0.0,24251.134,0,1,713
36085030301,"Richmond County, NY",40.6189198,-74.15612,29.16712912752181,16.16528925619835,52.626427406199014,0.5672848241978025,17336.580486667677,39,1,43,641.44,23893.971999999998,0,3,714
34003015401,"Bergen County, NJ",40.8957936,-73.975734,59.44208270343981,60.16528925619835,58.727569331158236,0.5671794530703695,17333.36027883946,16,0,45,0.0,23884.537,0,1,715
34039037400,"Union County, NJ",40.6444709,-74.3109261,40.4138060602509,19.305785123966942,84.60032626427406,0.5588179557630204,17077.827670042985,21,0,46,0.0,25576.914,0,5,716
34003028002,"Bergen County, NJ",40.8612818,-73.9837564,6.2158427173017765,1.1570247933884297,33.393148450244695,0.5582765728153604,17061.282667169886,16,0,42,0.0,22501.686,0,1,717
36085020100,"Richmond County, NY",40.6240388,-74.1342646,42.930219990590984,35.93388429752066,51.288743882544864,0.5572527859363218,17029.995097200524,39,0,40,0.0,21889.88,0,2,718
34003010100,"Bergen County, NJ",40.9459556,-73.9823234,45.707745034398584,24.264462809917354,86.10114192495921,0.553052792098951,16901.640647902408,16,0,48,0.0,25163.605,0,2,719
34039036900,"Union County, NJ",40.6513307,-74.3231515,63.352209806983375,46.578512396694215,86.16639477977162,0.5491660130857211,16782.85824033133,18,0,46,0.0,25576.914,0,5,720
34003055201,"Bergen County, NJ",40.9185855,-73.974518,7.55838236848007,0.7933884297520661,72.00652528548123,0.5468225009709639,16711.239038360924,16,0,46,0.0,24251.134,0,1,721
34039038300,"Union County, NJ",40.6807216,-74.36029189999999,39.81568092195158,17.322314049586776,91.51712887438825,0.5329672268086916,16287.813158744362,13,0,47,0.0,26119.910999999996,0,5,722
34003045102,"Bergen County, NJ",40.8336113,-73.9975252,16.6508321816484,7.669421487603306,36.150081566068515,0.5284696322513585,16150.363844548683,16,0,41,0.0,21798.606,0,1,723
36085012500,"Richmond County, NY",40.6286776,-74.1188468,25.60734629605014,10.611570247933884,61.79445350734094,0.5256996223897958,16065.710603592077,39,0,39,0.0,21174.245,0,1,724
34017018100,"Hudson County, NJ",40.7721095,-74.0196427,27.055399851601916,33.09090909090909,22.120717781402938,0.5256215073730427,16063.323359623275,38,0,42,0.0,23159.125,0,2,725
34003026100,"Bergen County, NJ",41.0128814,-74.0285215,34.10367154455192,14.148760330578513,82.20228384991843,0.5243629144056074,16024.8599681325,13,0,46,0.0,24521.494,0,0,726
34017016100,"Hudson County, NJ",40.7794444,-74.0180971,37.857652316857816,59.60330578512397,24.045676998368677,0.5227143602131042,15974.479116705035,38,0,40,0.0,21929.285,0,1,727
34003044100,"Bergen County, NJ",41.0579146,-74.1593861,49.95553008742651,26.942148760330582,92.62642740619901,0.5204992977020441,15906.785415290939,13,0,46,0.0,24521.494,0,0,728
34003045101,"Bergen County, NJ",40.8279365,-74.0013674,23.164036938387348,15.96694214876033,33.605220228384994,0.5203506334376656,15902.242142009245,16,0,41,0.0,21798.606,0,1,729
34017014401,"Hudson County, NJ",40.8103056,-74.0100151,36.05223329852506,44.66115702479339,29.102773246329527,0.5188277847894036,15855.702930957827,27,0,41,0.0,22107.096,0,1,730
34003019303,"Bergen County, NJ",40.8507415,-73.9849105,23.996200023637083,19.40495867768595,29.67373572593801,0.51425791681029,15716.044895604276,16,0,41,0.0,21798.606,0,1,731
34017015900,"Hudson County, NJ",40.7843141,-74.0166923,42.204101055491606,74.47933884297521,23.915171288743885,0.5110147842632935,15616.932728256166,34,0,40,0.0,21929.285,0,1,732
34003041302,"Bergen County, NJ",40.8447259,-73.9877415,23.156795444371188,17.884297520661157,29.983686786296897,0.5071221493349727,15497.97136024235,16,0,40,0.0,21352.056000000004,0,1,733
34003055202,"Bergen County, NJ",40.929381,-73.9724728,10.823032945746572,1.5206611570247934,77.03099510603589,0.5008496216493449,15306.278974974486,16,0,44,0.0,23245.732,0,0,734
36085000700,"Richmond County, NY",40.6478262,-74.0809582,77.81760246824884,81.6198347107438,74.19249592169658,0.489962727138608,14973.568641673839,34,0,39,0.0,21174.245,0,1,735
34017032400,"Hudson County, NJ",40.7928412,-74.013482,48.88806334805566,95.07438016528926,25.138662316476346,0.48845897736101496,14927.6131041043,32,0,40,0.0,21929.285,0,1,736
34017015100,"Hudson County, NJ",40.7960957,-74.0124925,40.9797896189517,65.65289256198346,25.579119086460032,0.4853262729243251,14831.875689156856,30,0,40,0.0,21929.285,0,1,737
36085006700,"Richmond County, NY",40.6355428,-74.1012037,31.15812475455009,14.115702479338843,68.77650897226754,0.48487518541770197,14818.090171668067,38,0,39,0.0,21174.245,0,1,738
34003049002,"Bergen County, NJ",40.9961979,-74.0051124,33.411374630513144,13.71900826446281,81.37030995106036,0.48071461672197985,14690.940579458025,13,0,44,0.0,23517.568,0,0,739
34003015500,"Bergen County, NJ",40.8799094,-73.9707474,19.234483389822937,11.041322314049587,33.507340946166394,0.4803597133527053,14680.094509610979,16,0,40,0.0,21352.056000000004,0,1,740
34003018200,"Bergen County, NJ",40.8211103,-74.0030322,47.90753230630005,76.46280991735537,30.0163132137031,0.47957872879681124,14656.227131118618,17,0,40,0.0,21352.056000000004,0,1,741
34003039100,"Bergen County, NJ",41.0490303,-74.2428792,58.16583645250785,34.314049586776854,98.59706362153344,0.47692670225167855,14575.179534406529,13,0,44,0.0,23363.172,0,0,742
34017014300,"Hudson County, NJ",40.8012764,-74.0101614,40.379871493280746,62.314049586776854,26.16639477977161,0.4679157783023112,14299.800039585109,30,0,41,0.0,22397.781,0,1,743
34003019204,"Bergen County, NJ",40.8536228,-73.9784402,28.36661365407226,29.256198347107436,27.50407830342578,0.46004511705646994,14059.267689077096,16,0,40,0.0,21352.056000000004,0,1,744
34003008002,"Bergen County, NJ",40.9403515,-73.9716469,13.348254047032068,2.181818181818182,81.66394779771615,0.45656604806166773,13952.945155714158,15,0,40,0.0,21532.488999999998,0,0,745
34017015700,"Hudson County, NJ",40.7862982,-74.0135541,38.634631954283876,64.89256198347107,23.00163132137031,0.4468377450538454,13655.642106346852,32,0,40,0.0,21929.285,0,1,746
34031236603,"Passaic County, NJ",41.0394346,-74.2731384,22.48192049673281,5.090909090909091,99.28221859706362,0.444530881489326,13585.142907087282,13,0,43,0.0,22867.162999999997,0,0,747
34003019103,"Bergen County, NJ",40.8631054,-73.9727789,16.440408500679226,9.256198347107437,29.200652528548126,0.4439855780658711,13568.478092011803,16,0,39,0.0,20801.896000000004,0,0,748
36085025100,"Richmond County, NY",40.6180182,-74.146035,42.109086247440636,36.46280991735537,48.629690048939636,0.44321463500470415,13544.917587904438,37,1,39,641.44,21049.035,0,1,749
34031236601,"Passaic County, NJ",41.0253311,-74.297336,66.69519745060919,44.62809917355372,99.673735725938,0.442018404492207,13508.360032200666,13,0,43,0.0,22867.162999999997,0,0,750
34017018000,"Hudson County, NJ",40.7771499,-74.0156502,33.6455290509698,49.85123966942149,22.70799347471452,0.4392817446484635,13424.725988732676,37,0,40,0.0,21929.285,0,1,751
34017015802,"Hudson County, NJ",40.7821643,-74.0143112,39.3011909309467,69.6198347107438,22.185970636215334,0.43524194165492025,13301.267072223,33,0,40,0.0,21929.285,0,1,752
34003043001,"Bergen County, NJ",41.0389364,-74.0539866,31.221061722892895,11.50413223140496,84.73083197389886,0.43454736120992565,13280.040257622164,13,0,42,0.0,22359.246,0,0,753
34003019203,"Bergen County, NJ",40.8557254,-73.9749353,20.93073823483109,16.49586776859504,26.557911908646005,0.4326249287584653,13221.289514603339,16,0,39,0.0,20801.896000000004,0,0,754
34017015600,"Hudson County, NJ",40.7878553,-74.0122195,41.221202978486644,74.08264462809917,22.936378466557912,0.4264003014399011,13031.060994634732,32,0,40,0.0,21929.285,0,1,755
34003019304,"Bergen County, NJ",40.836444,-73.9852903,6.3264735509312535,1.421487603305785,28.156606851549753,0.42414135755126936,12962.02625076421,16,0,40,0.0,21352.056000000004,0,1,756
34017014000,"Hudson County, NJ",40.80784,-74.0054304,37.735532955921094,54.082644628099175,26.32952691680261,0.4149876467608356,12682.283100408578,23,0,41,0.0,22107.096,0,1,757
34003053201,"Bergen County, NJ",41.0567198,-74.0943553,29.950736789267793,10.115702479338843,88.67862969004894,0.41446592359283896,12666.338912748484,13,0,42,0.0,22359.246,0,0,758
36085029102,"Richmond County, NY",40.6111984,-74.1906935,44.85312338649524,30.049586776859506,66.94942903752039,0.4076984275728483,12459.519984338614,32,1,41,641.44,22530.547,0,1,759
36085029104,"Richmond County, NY",40.6137234,-74.1635029,58.73370170077807,66.24793388429751,52.07177814029363,0.4039702486018928,12345.584493661474,35,1,40,641.44,21613.411,0,1,760
34003006102,"Bergen County, NJ",40.8263462,-73.9904891,27.57467924201308,26.710743801652892,28.466557911908648,0.39906140642596716,12195.567193974977,16,0,40,0.0,21352.056000000004,0,1,761
34003015100,"Bergen County, NJ",40.8972149,-73.961185,10.738243974243876,2.0826446280991737,55.36704730831974,0.3990496679330676,12195.208458260104,16,0,38,0.0,20333.4,0,0,762
34003006101,"Bergen County, NJ",40.8304459,-73.9869014,33.437028343418056,37.553719008264466,29.771615008156605,0.39569517533542437,12092.69305782927,16,0,39,0.0,20801.896000000004,0,0,763
34017017900,"Hudson County, NJ",40.7692684,-74.0155633,16.38616275387733,13.785123966942148,19.477977161500814,0.3923221318288276,11989.610729970704,33,0,40,0.0,21929.285,0,1,764
34003043002,"Bergen County, NJ",41.0300805,-74.0312102,37.758013202131295,17.75206611570248,80.30995106035888,0.38982807682795034,11913.39084285839,13,0,40,0.0,21431.637,0,0,765
34039038104,"Union County, NJ",40.7094658,-74.3980707,38.00343917219998,15.041322314049587,96.01957585644372,0.3774677816475013,11535.652459784516,10,0,44,0.0,24462.319,0,3,766
34003018102,"Bergen County, NJ",40.8191442,-73.9945744,37.80479519859643,55.239669421487605,25.872756933115827,0.37738542733776126,11533.135660359729,16,0,39,0.0,20801.896000000004,0,0,767
34003044202,"Bergen County, NJ",41.0687072,-74.1352022,59.223709133801975,38.54545454545455,90.99510603588908,0.3739035339050308,11426.726810399936,11,0,40,0.0,21431.637,0,0,768
34003019104,"Bergen County, NJ",40.8605397,-73.9673063,15.769017471500943,9.586776859504132,25.938009787928223,0.37109280413355805,11340.829143424062,16,0,38,0.0,20333.4,0,0,769
36085000900,"Richmond County, NY",40.6422065,-74.0828564,61.93212971715704,52.694214876033065,72.78955954323003,0.36504113127731824,11155.886220440807,32,0,39,0.0,21174.245,0,1,770
36085007700,"Richmond County, NY",40.6378663,-74.0902676,50.56430778142623,35.63636363636364,71.74551386623165,0.3645533811861455,11140.980271343802,32,0,39,0.0,21174.245,0,1,771
34017015003,"Hudson County, NJ",40.7940831,-74.0075184,37.05426040518107,61.256198347107436,22.414355628058726,0.3631077536110743,11096.800984784517,29,0,40,0.0,21929.285,0,1,772
34003007001,"Bergen County, NJ",40.9743993,-73.9745798,12.150885622431302,1.7851239669421488,82.70799347471451,0.35396810694252645,10817.487642826096,13,0,38,0.0,20333.4,0,0,773
34003018101,"Bergen County, NJ",40.8125076,-73.9982783,43.385307749029714,77.75206611570248,24.208809135399672,0.3514043777629323,10739.13846905628,16,0,38,0.0,20333.4,0,0,774
34003019305,"Bergen County, NJ",40.8428048,-73.9741674,14.572198459851498,9.487603305785123,22.38172920065253,0.3496920233635908,10686.807843240822,16,0,38,0.0,20333.4,0,0,775
34039035500,"Union County, NJ",40.6196181,-74.2795894,72.11287266651613,65.91735537190083,78.89070146818923,0.33997039423546205,10389.708751828199,20,0,41,0.0,22530.547,0,1,776
34017015202,"Hudson County, NJ",40.7881653,-74.0079522,33.479853602612565,54.44628099173554,20.587275693311582,0.3303289257108774,10095.059418801351,30,0,40,0.0,21929.285,0,1,777
34039036500,"Union County, NJ",40.6604409,-74.3619969,34.42095316673293,13.090909090909092,90.50570962479608,0.3297616772320853,10077.723949053108,11,0,42,0.0,23236.507,0,2,778
34003019306,"Bergen County, NJ",40.8332051,-73.9780631,1.5557273879985998,0.09917355371900827,24.404567699836868,0.3254552347860809,9946.116363424613,16,0,38,0.0,20333.4,0,0,779
34003006201,"Bergen County, NJ",40.8215255,-73.9866199,28.620812426759503,33.5206611570248,24.437194127243067,0.3203367291323069,9789.691616184811,16,0,38,0.0,20333.4,0,0,780
34017014200,"Hudson County, NJ",40.7962396,-74.0046864,22.112845361339616,22.776859504132233,21.468189233278956,0.31863465270655383,9737.675091696861,26,0,39,0.0,21088.44,0,0,781
34039036600,"Union County, NJ",40.6501942,-74.349312,36.98403004571118,15.272727272727273,89.55954323001632,0.3172693351340342,9695.950129250845,11,0,42,0.0,23236.507,0,2,782
34017015300,"Hudson County, NJ",40.7903039,-74.0065809,41.060103235503654,80.36363636363636,20.97879282218597,0.31689929655073845,9684.641517758282,29,0,40,0.0,21929.285,0,1,783
34003006301,"Bergen County, NJ",40.8130503,-73.9938644,37.77092953735394,63.37190082644628,22.512234910277325,0.3149662027002692,9625.564955690306,16,0,38,0.0,20333.4,0,0,784
34003024200,"Bergen County, NJ",40.9916807,-73.9802021,25.92401957310731,8.462809917355372,79.41272430668842,0.3103878122862555,9485.646469374056,13,0,38,0.0,20333.4,0,0,785
34003006202,"Bergen County, NJ",40.8268422,-73.9809038,13.080870143528786,6.380165289256198,26.818923327895593,0.30646695482266445,9365.822602958415,16,0,38,0.0,20333.4,0,0,786
36085015100,"Richmond County, NY",40.6195298,-74.1275942,45.2461007329591,40.429752066115704,50.636215334420875,0.3009398888537882,9196.911995910104,34,0,38,0.0,20333.4,0,0,787
34003053202,"Bergen County, NJ",41.0707849,-74.1043503,19.008692833713326,4.033057851239669,89.59216965742252,0.298086392881443,9109.70736697807,11,0,39,0.0,21065.04,0,0,788
36085019700,"Richmond County, NY",40.6169844,-74.1352404,21.197458262672832,9.851239669421489,45.61174551386623,0.295673529376186,9035.96874296079,34,0,38,0.0,20333.4,0,0,789
34003049001,"Bergen County, NJ",41.0264842,-74.0114185,28.337911422467812,10.545454545454545,76.15008156606852,0.29470983103749476,9006.5175165205,11,0,38,0.0,20333.4,0,0,790
34017014102,"Hudson County, NJ",40.8023667,-74.0006497,32.343157551067605,47.570247933884296,21.99021207177814,0.29429667617213506,8993.89124437071,21,0,38,0.0,20333.4,0,0,791
34003008001,"Bergen County, NJ",40.9403826,-73.9547427,16.631647695519582,3.43801652892562,80.45676998368678,0.2869697168519809,8769.974766160638,13,0,38,0.0,20333.4,0,0,792
36085012100,"Richmond County, NY",40.6258789,-74.1096443,23.211829898295992,8.429752066115702,63.91517128874388,0.285452419157413,8723.605195740152,33,0,38,0.0,20333.4,0,0,793
34003006302,"Bergen County, NJ",40.8144344,-73.989388,25.59805733936526,31.041322314049584,21.109298531810765,0.2850917300833324,8712.582311120768,16,0,38,0.0,20333.4,0,0,794
34039038101,"Union County, NJ",40.6940706,-74.3995278,18.281559433288226,3.5371900826446283,94.48613376835236,0.2842480158730645,8686.797874996042,8,0,42,0.0,23236.507,0,2,795
34039036200,"Union County, NJ",40.6221849,-74.2973595,51.03879580952072,32.56198347107438,80.0,0.27971555896501477,8548.283145468644,15,0,41,0.0,22530.547,0,1,796
34039036700,"Union County, NJ",40.6429066,-74.3436217,41.026164313832496,19.00826446280992,88.54812398042414,0.2773679028885048,8476.537301424634,10,0,41,0.0,22530.547,0,1,797
34003019202,"Bergen County, NJ",40.8504916,-73.9630761,13.724417863544405,9.785123966942148,19.249592169657422,0.27411275028624377,8377.05779363895,16,0,38,0.0,20333.4,0,0,798
34003032103,"Bergen County, NJ",41.0802034,-74.1647516,56.432100711840874,33.950413223140494,93.80097879282219,0.27378135345510957,8366.93009835976,11,0,39,0.0,21065.04,0,0,799
36085001100,"Richmond County, NY",40.6387763,-74.0826654,75.47133029551172,78.18181818181819,72.85481239804241,0.269121547551315,8224.523503546261,28,0,38,0.0,20333.4,0,0,800
36085000300,"Richmond County, NY",40.6433411,-74.0752575,49.85319475277752,33.388429752066116,74.43719412724306,0.2662048009872349,8135.385896808954,26,0,38,0.0,20333.4,0,0,801
34017015004,"Hudson County, NJ",40.7920632,-74.0034164,27.68304712470208,38.3801652892562,19.967373572593804,0.2638054047735286,8062.058841679024,26,0,39,0.0,21088.44,0,0,802
34003013002,"Bergen County, NJ",40.8450519,-73.9644827,24.726457053134325,33.917355371900825,18.02610114192496,0.2588294816806818,7909.99150704409,16,0,38,0.0,20333.4,0,0,803
34003035100,"Bergen County, NJ",41.0545938,-74.047298,44.496127431457815,23.60330578512397,83.88254486133768,0.25690814114814897,7851.274133753424,11,0,38,0.0,20333.4,0,0,804
34003009100,"Bergen County, NJ",40.9541028,-73.9549208,15.196110159649379,2.7107438016528924,85.18760195758564,0.25588075393418364,7819.876535287662,13,0,38,0.0,20333.4,0,0,805
34039036800,"Union County, NJ",40.6348546,-74.332674,41.401192670421,20.198347107438018,84.86133768352366,0.2547763890461276,7786.126450759122,10,0,41,0.0,22530.547,0,1,806
36085007500,"Richmond County, NY",40.6335987,-74.0909457,31.546156087045755,14.049586776859504,70.83197389885808,0.2545542910027715,7779.338995074901,29,0,38,0.0,20333.4,0,0,807
34039036301,"Union County, NJ",40.6254882,-74.3119932,50.02990760180575,30.8099173553719,81.23980424143556,0.25106116040263926,7672.586730222282,12,0,41,0.0,22530.547,0,1,808
34003013004,"Bergen County, NJ",40.8150656,-73.9848407,10.910079543911833,5.884297520661157,20.22838499184339,0.24708106845867664,7550.952620886783,15,0,38,0.0,20333.4,0,0,809
36085029105,"Richmond County, NY",40.6076064,-74.1745417,33.797183398201284,20.132231404958677,56.7373572593801,0.24700235567918583,7548.547108913319,30,1,39,641.44,21049.035,0,1,810
36061006900,"New York County, NY",40.7294288,-74.0125049,10.317176157872279,48.69421487603306,2.1859706362153344,0.2460976818724821,7520.899709238424,27,0,40,0.0,21929.285,0,1,811
34031236604,"Passaic County, NJ",41.0422075,-74.3087683,56.09381772855789,31.537190082644628,99.77161500815662,0.24423547262660553,7463.989425202871,11,0,39,0.0,21065.04,0,0,812
36061031703,"New York County, NY",40.7167676,-74.0155925,25.508882492743755,51.735537190082646,12.577487765089723,0.2342147057292291,7157.748495701245,27,0,39,0.0,21174.245,0,1,813
34003019102,"Bergen County, NJ",40.8598925,-73.9552408,11.362375727197955,5.950413223140496,21.69657422512235,0.23267143183179956,7110.585076208056,16,0,38,0.0,20333.4,0,0,814
36061009901,"New York County, NY",40.7489402,-74.0092348,18.00866683615244,25.48760330578512,12.72430668841762,0.22056529977524417,6740.6140778167455,25,0,40,0.0,21929.285,0,1,815
34017015801,"Hudson County, NJ",40.7821296,-74.0050711,7.233320496433349,2.975206611570248,17.58564437194127,0.21992307191352858,6720.987191038737,29,0,40,0.0,21929.285,0,1,816
34003032104,"Bergen County, NJ",41.0828858,-74.2180501,79.26971763855589,64.19834710743801,97.87928221859707,0.20025919275417464,6120.046694863258,9,0,38,0.0,20333.4,0,0,817
34003032201,"Bergen County, NJ",41.0846108,-74.124972,37.52019575805376,15.504132231404958,90.79934747145188,0.19965710550494584,6101.646530411455,9,0,38,0.0,20333.4,0,0,818
36061031704,"New York County, NY",40.7065686,-74.0181436,14.782584352183726,59.80165289256198,3.6541598694942903,0.19953027245181026,6097.77043265551,23,0,39,0.0,21174.245,0,1,819
34039038103,"Union County, NJ",40.698693,-74.4147587,17.613236302642626,3.239669421487603,95.75856443719412,0.19907933378923887,6083.98946393442,7,0,40,0.0,21966.171,0,1,820
36061007500,"New York County, NY",40.7338139,-74.0095895,9.584072640802704,59.900826446280995,1.533442088091354,0.1939397568098101,5926.920763749656,26,0,40,0.0,21929.285,0,1,821
36061007900,"New York County, NY",40.7371288,-74.0090592,8.31173730415001,64.16528925619835,1.0766721044045677,0.19284705036387628,5893.526968533963,26,0,40,0.0,21929.285,0,1,822
34003055100,"Bergen County, NJ",40.9159994,-73.9419313,25.38085985272,9.818181818181818,65.61174551386623,0.19084978290070956,5832.489220560435,13,0,38,0.0,20333.4,0,0,823
34003016000,"Bergen County, NJ",40.8846338,-73.9446545,8.436349317543218,3.1074380165289255,22.903752039151712,0.1892991493900315,5785.100886664479,15,0,38,0.0,20333.4,0,0,824
36061003900,"New York County, NY",40.7204979,-74.0122661,23.65003768328556,70.11570247933885,7.977161500815661,0.18361362060447878,5611.347556422681,27,0,39,0.0,21174.245,0,1,825
34003013003,"Bergen County, NJ",40.8080633,-73.9837042,10.146460928867839,6.479338842975206,15.889070146818923,0.17995812689169768,5499.633372882246,15,0,38,0.0,20333.4,0,0,826
34039036000,"Union County, NJ",40.6072039,-74.2667312,59.45465566047417,46.4793388429752,76.05220228384992,0.17500060332244974,5348.128339243533,13,0,41,0.0,22530.547,0,1,827
36085018901,"Richmond County, NY",40.6119223,-74.140048,45.41638617743403,52.033057851239676,39.64110929853181,0.17163772522194348,5245.356672579046,30,0,38,0.0,20333.4,0,0,828
34039038500,"Union County, NJ",40.6554917,-74.3822178,41.3122357305131,18.8099173553719,90.73409461663948,0.1708474236641718,5221.204560658156,7,0,40,0.0,21966.171,0,1,829
34003007002,"Bergen County, NJ",40.9732134,-73.951582,16.637385915888125,3.3388429752066116,82.90375203915171,0.1643659739467037,5023.127386892627,11,0,38,0.0,20333.4,0,0,830
36061003700,"New York County, NY",40.7266923,-74.0097605,10.143856266797233,40.95867768595041,2.5122349102773245,0.16343486565596246,4994.67213278449,27,0,39,0.0,21174.245,0,1,831
36061009902,"New York County, NY",40.7525256,-74.0066652,30.301359388407988,64.69421487603306,14.192495921696574,0.1627913167790207,4975.004874951562,23,0,40,0.0,21929.285,0,1,832
34017015001,"Hudson County, NJ",40.7899188,-73.998621,3.446707781985486,0.6942148760330579,17.112561174551384,0.16127217286073475,4928.578882774812,21,0,38,0.0,20333.4,0,0,833
34017014101,"Hudson County, NJ",40.7940985,-73.995707,15.313899716173133,14.347107438016529,16.34584013050571,0.15957630586312338,4876.7521223104395,16,0,38,0.0,20333.4,0,0,834
36085001700,"Richmond County, NY",40.6344084,-74.0812295,43.627612944323644,26.31404958677686,72.33278955954323,0.15378632437616993,4699.806651916745,18,0,38,0.0,20333.4,0,0,835
34017015201,"Hudson County, NJ",40.7865172,-73.9999496,8.79917486323379,4.7272727272727275,16.378466557911906,0.1535579487149487,4692.827348288173,22,0,38,0.0,20333.4,0,0,836
34003024100,"Bergen County, NJ",41.0233048,-73.984223,21.32874587224142,6.578512396694215,69.15171288743882,0.15148763988008948,4629.557410125186,9,0,38,0.0,20333.4,0,0,837
34031116500,"Passaic County, NJ",41.0354714,-74.3356133,82.49490272927252,68.16528925619835,99.836867862969,0.15028283934411596,4592.737949121938,8,0,38,0.0,20333.4,0,0,838
36085005901,"Richmond County, NY",40.6241678,-74.1014233,29.74541785067248,13.190082644628099,67.07993474714519,0.14453089897236354,4416.955039098897,21,0,38,0.0,20333.4,0,0,839
34039035900,"Union County, NJ",40.6060994,-74.2794649,50.773064602100014,34.413223140495866,74.91027732463296,0.1271492507957484,3885.7609550143256,7,0,40,0.0,21966.171,0,1,840
34039035700,"Union County, NJ",40.6077104,-74.2886585,49.337295908986086,32.29752066115702,75.36704730831974,0.12420690976173844,3795.84116520244,7,0,40,0.0,21966.171,0,1,841
36081025402,"Queens County, NY",40.6979669,-73.7923343,87.11937810121574,88.95867768595042,85.31810766721044,0.12275784054695496,3751.5566999721723,1,1,38,770.472,20333.4,0,0,842
34003032202,"Bergen County, NJ",41.0954984,-74.1419814,38.498898794176306,16.132231404958677,91.87601957585645,0.1205325549811148,3683.550575583842,7,0,38,0.0,20333.4,0,0,843
36085014700,"Richmond County, NY",40.6187861,-74.1123456,41.11526801129245,28.297520661157026,59.73898858075041,0.11792058745182683,3603.7272075533338,21,0,38,0.0,20333.4,0,0,844
36081025800,"Queens County, NY",40.696042,-73.7872795,17.024631603723492,3.4049586776859506,85.12234910277324,0.11611216099107115,3548.4605592070725,1,1,38,770.472,20333.4,0,0,845
36061001300,"New York County, NY",40.709126,-74.0129925,27.854993531902736,84.03305785123966,9.233278955954322,0.11480090927683845,3508.387883344075,17,0,39,0.0,21174.245,0,1,846
36081025401,"Queens County, NY",40.6947171,-73.7975963,56.038972515728325,39.20661157024794,80.0978792822186,0.11478417608247282,3507.8765064156883,1,1,38,770.472,20333.4,0,0,847
36081026000,"Queens County, NY",40.6927524,-73.7933078,59.853217245446885,41.68595041322314,85.93800978792822,0.11459690597983395,3502.153414471996,1,1,38,770.472,20333.4,0,0,848
36081026200,"Queens County, NY",40.6910079,-73.7920924,30.959367995257395,11.140495867768594,86.03588907014682,0.11197043004628673,3421.8866604959367,1,1,38,770.472,20333.4,0,0,849
36081044000,"Queens County, NY",40.7026771,-73.7846237,54.541203057406676,35.86776859504132,82.93637846655791,0.11112473899074378,3396.041810738131,1,1,38,770.472,20333.4,0,0,850
36081026400,"Queens County, NY",40.6922318,-73.7857904,51.782824459043255,31.40495867768595,85.38336052202283,0.11100659425415128,3392.4312333920716,1,1,38,770.472,20333.4,0,0,851
36081044601,"Queens County, NY",40.7049531,-73.7977905,72.28291508468341,72.36363636363636,72.20228384991843,0.11017673595600447,3367.070242643384,1,1,38,770.472,20333.4,0,0,852
36081020400,"Queens County, NY",40.6951701,-73.8034154,65.64089346765032,58.51239669421487,73.6378466557912,0.10903661392530827,3332.2273973800043,1,1,38,770.472,20333.4,0,0,853
36081041400,"Queens County, NY",40.6996318,-73.7807705,56.18321335461655,37.586776859504134,83.98042414355628,0.10892958716298995,3328.956592309936,1,1,38,770.472,20333.4,0,0,854
36081027000,"Queens County, NY",40.6886843,-73.7913978,24.786579087309367,7.1735537190082646,85.64437194127244,0.10833150181833148,3310.6787285750293,1,1,38,770.472,20333.4,0,0,855
36081019800,"Queens County, NY",40.6918446,-73.8028034,42.28670600753995,23.272727272727273,76.83523654159869,0.10722408396761,3276.835343590151,1,1,38,770.472,20333.4,0,0,856
36081026600,"Queens County, NY",40.6918812,-73.7816949,59.922239392729125,42.214876033057855,85.05709624796086,0.10709940050215952,3273.0249385838197,1,1,38,770.472,20333.4,0,0,857
36081019600,"Queens County, NY",40.6894694,-73.7999085,63.17920150522607,49.421487603305785,80.76672104404568,0.10686501134108976,3265.8618586233524,1,1,38,770.472,20333.4,0,0,858
36081046000,"Queens County, NY",40.7082566,-73.79349,70.55484433841082,70.18181818181817,70.92985318107668,0.106755226386772,3262.5067614736154,1,1,38,770.472,20333.4,0,0,859
36081043400,"Queens County, NY",40.6961991,-73.7786464,21.120895904492166,5.289256198347108,84.33931484502448,0.10644487168804387,3253.0221269753733,1,1,38,770.472,20333.4,0,0,860
36081024000,"Queens County, NY",40.7032775,-73.8050793,76.35153820396056,79.30578512396694,73.5073409461664,0.1056726225935277,3229.4217096686566,1,1,38,770.472,20333.4,0,0,861
36081020800,"Queens County, NY",40.6983846,-73.8068764,68.2571357196585,63.735537190082646,73.0995106035889,0.10566098534094824,3229.066067921545,1,1,38,770.472,20333.4,0,0,862
36081044400,"Queens County, NY",40.7057626,-73.7818463,76.64404777225899,71.40495867768595,82.26753670473084,0.10550272868795282,3224.2296452196238,1,1,38,770.472,20333.4,0,0,863
36081027600,"Queens County, NY",40.6875883,-73.7862396,33.73967564442247,13.355371900826446,85.23654159869494,0.10515299919669174,3213.5416923339053,1,1,38,770.472,20333.4,0,0,864
36081044602,"Queens County, NY",40.7081869,-73.7998476,76.52807447318385,81.22314049586777,72.10440456769985,0.10462746495705216,3197.4810359310213,1,1,38,770.472,20333.4,0,0,865
34039038702,"Union County, NJ",40.6451977,-74.3820971,22.771263965077598,5.75206611570248,90.1468189233279,0.10435678747945687,3189.2089622281956,6,0,40,0.0,21966.171,0,1,866
36081046200,"Queens County, NY",40.7098547,-73.7879749,63.193945236223065,55.63636363636364,71.77814029363785,0.10363791213244754,3167.2396801644063,1,1,38,770.472,20333.4,0,0,867
36081019000,"Queens County, NY",40.6853862,-73.795222,45.14381706043267,24.925619834710744,81.76182707993475,0.10296974131201812,3146.819960275728,1,1,38,770.472,20333.4,0,0,868
36081027400,"Queens County, NY",40.684905,-73.788989,52.87727388833173,32.85950413223141,85.08972267536706,0.10213900985588432,3121.432285270608,1,1,38,770.472,20333.4,0,0,869
36081020600,"Queens County, NY",40.6943396,-73.8092386,61.687380701902775,51.47107438016529,73.93148450244699,0.10211735467825568,3120.7704894426606,1,1,38,770.472,20333.4,0,0,870
36081023600,"Queens County, NY",40.7073435,-73.8049191,39.2781316827844,21.15702479338843,72.92006525285481,0.10202888107477912,3118.0666805583214,1,1,38,770.472,20333.4,0,0,871
36081028000,"Queens County, NY",40.6883158,-73.7797191,49.51171661168404,28.859504132231407,84.94290375203916,0.10170192061533474,3108.0745635840467,1,1,38,770.472,20333.4,0,0,872
36081027800,"Queens County, NY",40.6860961,-73.7829164,73.03213575676504,62.876033057851245,84.82871125611744,0.10129108973889506,3095.5193139951357,1,1,38,770.472,20333.4,0,0,873
36081043200,"Queens County, NY",40.6913107,-73.7758835,14.872636405782565,2.6115702479338845,84.69820554649266,0.1008498330132617,3082.0342313472015,1,1,38,770.472,20333.4,0,0,874
36081027200,"Queens County, NY",40.6835771,-73.79132,45.753712214275666,25.85123966942149,80.97879282218598,0.10042758230778323,3069.129984611126,1,1,38,770.472,20333.4,0,0,875
36081023800,"Queens County, NY",40.7052221,-73.8090375,70.85362710679476,67.93388429752066,73.89885807504079,0.10014277710147455,3060.426158646498,1,1,38,770.472,20333.4,0,0,876
36081046800,"Queens County, NY",40.7104936,-73.7822789,61.00542206262205,45.719008264462815,81.40293637846656,0.10003486071954175,3057.128166242323,1,1,38,770.472,20333.4,0,0,877
36081019400,"Queens County, NY",40.68592,-73.8034759,26.496868621698642,8.826446280991735,79.54323001631322,0.09995743841838348,3054.7620920971326,1,1,38,770.472,20333.4,0,0,878
36061008300,"New York County, NY",40.7421983,-74.004453,40.31152870659375,95.96694214876032,16.93311582381729,0.09989046619669989,3052.715378943418,21,0,39,0.0,21174.245,0,1,879
34039035600,"Union County, NJ",40.607187,-74.2992835,34.18412782766186,15.438016528925619,75.69331158238172,0.09982464207798396,3050.7037525374117,6,0,40,0.0,21966.171,0,1,880
36081021200,"Queens County, NY",40.7009025,-73.8116224,68.20364275747713,63.33884297520661,73.442088091354,0.09964579506776697,3045.2380755878985,1,1,38,770.472,20333.4,0,0,881
36081045400,"Queens County, NY",40.7126504,-73.796012,39.65142770691886,22.24793388429752,70.66884176182708,0.099597777932065,3043.7706417657196,1,1,38,770.472,20333.4,0,0,882
36081044800,"Queens County, NY",40.7110219,-73.8026344,42.319595800220014,24.793388429752067,72.23491027732464,0.09918542124718756,3031.168762512732,1,1,38,770.472,20333.4,0,0,883
36081042400,"Queens County, NY",40.6953923,-73.7722684,7.2486625441084,0.628099173553719,83.6541598694943,0.09884794607785567,3020.855309400977,1,1,38,770.472,20333.4,0,0,884
36081019200,"Queens County, NY",40.6838157,-73.8006369,28.771417769573517,10.148760330578513,81.56606851549756,0.09875715118041752,3018.0805603153813,1,1,38,770.472,20333.4,0,0,885
36081015200,"Queens County, NY",40.6937454,-73.8137824,50.39664976274305,34.247933884297524,74.15986949429038,0.09672367844964633,2955.9363566266775,1,1,38,770.472,20333.4,0,0,886
36081046600,"Queens County, NY",40.7140095,-73.7851,47.36039510096267,31.206611570247933,71.87601957585645,0.09648583140019544,2948.667601425703,1,1,38,770.472,20333.4,0,0,887
36081018800,"Queens County, NY",40.6816256,-73.7998473,42.77406949456979,22.413223140495866,81.63132137030995,0.09594076651178471,2932.010076130977,1,1,38,770.472,20333.4,0,0,888
36081045800,"Queens County, NY",40.7152626,-73.7909261,13.778262154624723,2.677685950413223,70.89722675367047,0.09590542466999197,2930.9300072508454,1,1,38,770.472,20333.4,0,0,889
36081047000,"Queens County, NY",40.7112968,-73.7772983,55.084243910307634,37.85123966942149,80.16313213703098,0.09557959026726594,2920.9723032770557,1,1,38,770.472,20333.4,0,0,890
36081045200,"Queens County, NY",40.7146269,-73.7995759,31.10282906793228,13.619834710743802,71.02773246329527,0.0955761103067335,2920.865953497743,1,1,38,770.472,20333.4,0,0,891
36081015801,"Queens County, NY",40.6888829,-73.8123322,59.061129401563555,46.8099173553719,74.51876019575856,0.0953678904590171,2914.502624187882,1,1,38,770.472,20333.4,0,0,892
36081040400,"Queens County, NY",40.7051937,-73.7707937,54.651017530516164,37.1900826446281,80.30995106035888,0.09508523462374865,2905.8644843520647,1,1,38,770.472,20333.4,0,0,893
36081040200,"Queens County, NY",40.7000316,-73.768763,26.651787381287217,8.59504132231405,82.64274061990213,0.09488153044994327,2899.639156872802,1,1,38,770.472,20333.4,0,0,894
36081023200,"Queens County, NY",40.7095892,-73.8112809,39.30884690293546,21.123966942148762,73.14845024469821,0.0941266638282307,2876.569958851288,1,1,38,770.472,20333.4,0,0,895
34039038601,"Union County, NJ",40.6262345,-74.3542141,43.99084845072697,22.214876033057852,87.11256117455139,0.09388482384681442,2869.1791771418593,6,0,40,0.0,21966.171,0,1,896
36081045600,"Queens County, NY",40.7166298,-73.7939898,19.722530253859798,5.586776859504132,69.62479608482872,0.09377250256971822,2865.7465683751834,1,1,38,770.472,20333.4,0,0,897
36081018600,"Queens County, NY",40.6798776,-73.7989572,36.12040856125535,16.06611570247934,81.20717781402936,0.09366651792805185,2862.507611166698,1,1,38,770.472,20333.4,0,0,898
36081045000,"Queens County, NY",40.7142208,-73.8047869,41.818117339026564,24.198347107438018,72.26753670473083,0.09363110763339723,2861.4254503241186,1,1,38,770.472,20333.4,0,0,899
36081023000,"Queens County, NY",40.7126448,-73.8081463,10.941668693030149,1.6528925619834711,72.43066884176183,0.09339217001176207,2854.1233665523055,1,1,38,770.472,20333.4,0,0,900
36081028400,"Queens County, NY",40.6825033,-73.7778568,39.6637478584642,18.776859504132233,83.78466557911909,0.09337142750950723,2853.4894626569485,1,1,38,770.472,20333.4,0,0,901
36081028802,"Queens County, NY",40.6804499,-73.7825908,51.23463212666618,31.305785123966945,83.84991843393148,0.09329795323902487,2851.244042808607,1,1,38,770.472,20333.4,0,0,902
36081028200,"Queens County, NY",40.6849947,-73.7738873,23.78880557825032,6.743801652892562,83.91517128874388,0.09319674007037307,2848.1509048119683,1,1,38,770.472,20333.4,0,0,903
36081018402,"Queens County, NY",40.6789477,-73.7943611,42.545056536669584,22.479338842975206,80.52202283849918,0.09318962685313308,2847.9335204259596,1,1,38,770.472,20333.4,0,0,904
36081021400,"Queens County, NY",40.7060668,-73.8152035,70.42557517217739,68.4297520661157,72.47960848287113,0.09310439878345739,2845.3288970927947,1,1,38,770.472,20333.4,0,0,905
36081046400,"Queens County, NY",40.7168637,-73.7869958,13.337583978143025,2.5454545454545454,69.8858075040783,0.09281140426582311,2836.3748006311066,1,1,38,770.472,20333.4,0,0,906
36081028801,"Queens County, NY",40.6783771,-73.7891284,38.6023325451446,18.611570247933884,80.0652528548124,0.09216865525624199,2816.7319872470425,1,1,38,770.472,20333.4,0,0,907
34039038201,"Union County, NJ",40.6719424,-74.4131649,28.793714008024477,8.925619834710744,92.88743882544861,0.09154915062786326,2797.7995367501712,5,0,40,0.0,21966.171,0,1,908
36081017000,"Queens County, NY",40.6843144,-73.8120017,37.01944594683178,17.85123966942149,76.76998368678629,0.09142778748678089,2794.0906029417188,1,1,38,770.472,20333.4,0,0,909
36061002100,"New York County, NY",40.7143288,-74.0100498,24.847792763113933,52.85950413223141,11.68026101141925,0.09116082301134065,2785.932000916545,16,0,38,0.0,20333.4,0,0,910
34003002300,"Bergen County, NJ",40.9920464,-73.9505506,21.869532729011055,6.082644628099174,78.62969004893964,0.09050464846370382,2765.878894658158,9,0,38,0.0,20333.4,0,0,911
36081040000,"Queens County, NY",40.6981476,-73.7648635,29.91708349618479,10.84297520661157,82.54486133768353,0.0904828539071958,2765.212839324126,1,1,38,770.472,20333.4,0,0,912
36081048000,"Queens County, NY",40.712889,-73.7730045,44.63970815783222,25.123966942148762,79.31484502446982,0.0903496731104392,2761.1427505366914,1,1,38,770.472,20333.4,0,0,913
36081039800,"Queens County, NY",40.6945622,-73.7648097,22.841681483801242,6.2809917355371905,83.06688417618271,0.08999243492433529,2750.2253272210587,1,1,38,770.472,20333.4,0,0,914
36081014202,"Queens County, NY",40.6986663,-73.8203471,27.874105227813565,14.578512396694215,53.2952691680261,0.08982959330199543,2745.2487849765757,1,1,38,770.472,20333.4,0,0,915
36081017200,"Queens County, NY",40.6823328,-73.8114011,58.540962942890545,43.70247933884298,78.41761827079935,0.08976047327315173,2743.1364334872087,1,1,38,770.472,20333.4,0,0,916
36081021602,"Queens County, NY",40.7043945,-73.8192723,37.25954053563306,26.347107438016533,52.69168026101142,0.08958109886101945,2737.6546388039515,1,1,38,770.472,20333.4,0,0,917
36081047200,"Queens County, NY",40.7176257,-73.7789434,20.66263718694673,5.355371900826446,79.72267536704732,0.08847315851409035,2703.7952860068362,1,1,38,770.472,20333.4,0,0,918
36081015400,"Queens County, NY",40.6921955,-73.8205589,53.803646264864916,38.67768595041322,74.84502446982056,0.08841216427049249,2701.931263617637,1,1,38,770.472,20333.4,0,0,919
36081017400,"Queens County, NY",40.6805787,-73.8105518,27.90165139159634,9.950413223140496,78.23817292006525,0.08834544131470674,2699.8921681863008,1,1,38,770.472,20333.4,0,0,920
36081015000,"Queens County, NY",40.6934064,-73.821155,41.87800143471434,23.90082644628099,73.3768352365416,0.08816735328969064,2694.449686301175,1,1,38,770.472,20333.4,0,0,921
36081050400,"Queens County, NY",40.7051196,-73.7643586,12.453053144497794,1.9504132231404958,79.51060358890702,0.08807391967058113,2691.594296224165,1,1,38,770.472,20333.4,0,0,922
36081018200,"Queens County, NY",40.6761566,-73.7991566,39.274424469399406,19.140495867768596,80.58727569331158,0.0880228940765737,2690.034922026837,1,1,38,770.472,20333.4,0,0,923
36081016400,"Queens County, NY",40.68508,-73.8165574,66.77859011598915,60.0,74.32300163132138,0.0879898500555799,2689.02507599337,1,1,38,770.472,20333.4,0,0,924
36081022002,"Queens County, NY",40.7132012,-73.8144646,48.286151759078436,36.760330578512395,63.425774877650895,0.08764207125471715,2678.3967374312733,1,1,38,770.472,20333.4,0,0,925
36081126700,"Queens County, NY",40.7203282,-73.7977817,66.109726989215,62.47933884297521,69.9510603588907,0.08752091926419023,2674.6942565163995,1,1,38,770.472,20333.4,0,0,926
36081015600,"Queens County, NY",40.6903444,-73.8206072,51.983493344315924,36.231404958677686,74.58401305057096,0.08750222477655029,2674.1229412338425,1,1,38,770.472,20333.4,0,0,927
36081018401,"Queens County, NY",40.6751912,-73.7922208,69.81168635438326,61.057851239669425,79.8205546492659,0.08746436541567239,2672.965935389447,1,1,38,770.472,20333.4,0,0,928
36081015802,"Queens County, NY",40.6875454,-73.819636,64.23800674462663,55.570247933884296,74.25774877650898,0.0868444527816837,2654.0210159849057,1,1,38,770.472,20333.4,0,0,929
36081017600,"Queens County, NY",40.678825,-73.8097137,52.69943575247287,35.43801652892562,78.36867862969005,0.08674580235742561,2651.006197066362,1,1,38,770.472,20333.4,0,0,930
36081052400,"Queens County, NY",40.7012277,-73.7619595,20.53802891957006,5.190082644628099,81.27243066884176,0.08671718941868048,2650.1317676891676,1,1,38,770.472,20333.4,0,0,931
36081036800,"Queens County, NY",40.6853212,-73.7664846,22.650947025604804,6.148760330578512,83.442088091354,0.08661281679590804,2646.942074790441,1,1,38,770.472,20333.4,0,0,932
36081050201,"Queens County, NY",40.7088025,-73.7649038,29.97078827118523,11.438016528925619,78.53181076672104,0.08642178566045741,2641.104043322064,1,1,38,770.472,20333.4,0,0,933
36081033403,"Queens County, NY",40.6775247,-73.7756657,76.51405001045009,70.64462809917356,82.87112561174551,0.08551463130602308,2613.380836550719,1,1,38,770.472,20333.4,0,0,934
36081126500,"Queens County, NY",40.7204943,-73.8037061,15.260455653345952,3.272727272727273,71.15823817292006,0.08538096151874443,2609.295803905841,1,1,38,770.472,20333.4,0,0,935
36081018000,"Queens County, NY",40.6757857,-73.8054115,44.56225186997852,24.56198347107438,80.84828711256118,0.08510743472214095,2600.936653224731,1,1,38,770.472,20333.4,0,0,936
36081017800,"Queens County, NY",40.6770911,-73.8087606,61.48996449411828,47.96694214876033,78.82544861337684,0.08508812708055187,2600.3465995724227,1,1,38,770.472,20333.4,0,0,937
36081014201,"Queens County, NY",40.7009734,-73.8246417,54.81590473351328,55.900826446280995,53.752039151712886,0.08451778510355605,2582.9165905763325,1,1,38,770.472,20333.4,0,0,938
36081052600,"Queens County, NY",40.6970946,-73.759763,29.703344987333676,10.743801652892563,82.12071778140294,0.08446763254701745,2581.383896952326,1,1,38,770.472,20333.4,0,0,939
36081077905,"Queens County, NY",40.7173276,-73.8129618,27.799703850403077,12.330578512396695,62.67536704730831,0.08419363730529152,2573.0104302940863,1,1,38,770.472,20333.4,0,0,940
36081048200,"Queens County, NY",40.7148351,-73.7679226,28.873184203460212,10.677685950413224,78.07504078303425,0.0839561472491972,2565.752585034283,1,1,38,770.472,20333.4,0,0,941
36081036600,"Queens County, NY",40.685634,-73.7630903,62.15282229418306,46.413223140495866,83.23001631321371,0.08344044502589701,2549.992401225312,1,1,38,770.472,20333.4,0,0,942
36081079000,"Queens County, NY",40.6724831,-73.7966161,63.10141457550402,49.75206611570248,80.0326264274062,0.08294891031896243,2534.970791893858,1,1,38,770.472,20333.4,0,0,943
36081052800,"Queens County, NY",40.6940352,-73.7587303,38.6095683968401,18.016528925619834,82.74061990212071,0.08280999582979462,2530.7254778655342,1,1,38,770.472,20333.4,0,0,944
36081050000,"Queens County, NY",40.7119449,-73.7636159,61.56536836230489,48.62809917355372,77.94453507340945,0.08266685538571351,2526.3510160011283,1,1,38,770.472,20333.4,0,0,945
36081050600,"Queens County, NY",40.705793,-73.7596688,29.67273715952181,11.239669421487603,78.33605220228385,0.08251265770092951,2521.6386379168107,1,1,38,770.472,20333.4,0,0,946
36061009903,"New York County, NY",40.7577195,-74.0024316,20.963845798889746,43.17355371900826,10.179445350734094,0.08242699097740767,2519.02060904663,16,0,40,0.0,21929.285,0,1,947
36081013800,"Queens County, NY",40.7065798,-73.8251631,34.866078474666985,28.628099173553718,42.46329526916803,0.08194759782689676,2504.3700533044725,1,1,38,770.472,20333.4,0,0,948
36081016800,"Queens County, NY",40.6793675,-73.8172334,45.09735976400463,26.644628099173556,76.32952691680262,0.08168920736917373,2496.473478645285,1,1,38,770.472,20333.4,0,0,949
36081022001,"Queens County, NY",40.7136237,-73.8206481,64.34926203804186,64.09917355371901,64.60032626427406,0.08158890649682103,2493.408220996476,1,1,38,770.472,20333.4,0,0,950
36081052200,"Queens County, NY",40.7004447,-73.7573683,38.81723764081772,18.644628099173556,80.81566068515498,0.081500070347484,2490.693332482959,1,1,38,770.472,20333.4,0,0,951
36081033401,"Queens County, NY",40.6791764,-73.7674364,58.11745661530137,40.99173553719008,82.39804241435563,0.08148181736879281,2490.135509991147,1,1,38,770.472,20333.4,0,0,952
36081039400,"Queens County, NY",40.6896398,-73.7587786,54.14343917517953,35.17355371900827,83.3442088091354,0.08127482269188466,2483.809622670603,1,1,38,770.472,20333.4,0,0,953
36081016600,"Queens County, NY",40.6812765,-73.8207045,70.85743259518058,65.28925619834712,76.9004893964111,0.08056641924946094,2462.160368587386,1,1,38,770.472,20333.4,0,0,954
36081127700,"Queens County, NY",40.7244088,-73.7834061,33.26524082915331,16.396694214876035,67.48776508972267,0.08046270345917986,2458.990748902091,1,1,38,770.472,20333.4,0,0,955
36081014400,"Queens County, NY",40.6984968,-73.8284961,47.39863905557247,40.79338842975206,55.07340946166395,0.08026571815528799,2452.970754306887,1,1,38,770.472,20333.4,0,0,956
36081033404,"Queens County, NY",40.6749568,-73.772333,65.60452933352737,52.66115702479339,81.72920065252855,0.08005251085595647,2446.4550053435105,1,1,38,770.472,20333.4,0,0,957
36081010600,"Queens County, NY",40.685683,-73.824964,44.46948034811754,26.84297520661157,73.67047308319738,0.07995414322212809,2443.4488286780934,1,1,38,770.472,20333.4,0,0,958
36081078800,"Queens County, NY",40.670331,-73.7903645,40.68273925901603,21.05785123966942,78.59706362153345,0.07987074284742224,2440.900060851013,1,1,38,770.472,20333.4,0,0,959
36081050202,"Queens County, NY",40.7101892,-73.7592925,30.151116571883794,11.702479338842975,77.68352365415987,0.07956827937710473,2431.6565872487513,1,1,38,770.472,20333.4,0,0,960
36081029400,"Queens County, NY",40.6713239,-73.7810654,69.1997862048459,61.48760330578512,77.87928221859707,0.07940027399054243,2426.5222371267473,1,1,38,770.472,20333.4,0,0,961
36081012000,"Queens County, NY",40.6915009,-73.8286536,36.5137639528382,24.066115702479337,55.39967373572594,0.0789257911363016,2412.0217431223073,1,1,38,770.472,20333.4,0,0,962
36081077904,"Queens County, NY",40.7209651,-73.8141647,57.37702980287765,52.59504132231405,62.59380097879282,0.07885315179959465,2409.801839374487,1,1,38,770.472,20333.4,0,0,963
36081014000,"Queens County, NY",40.7037257,-73.8290482,32.06205138791959,23.33884297520661,44.04567699836868,0.07871322090883458,2405.525463475196,1,1,38,770.472,20333.4,0,0,964
36081081400,"Queens County, NY",40.6707019,-73.8039344,48.42435298547278,29.884297520661157,78.46655791190864,0.07836352881166134,2394.838653376286,1,1,38,770.472,20333.4,0,0,965
36081125700,"Queens County, NY",40.7241329,-73.8079345,30.8652846225497,15.834710743801653,60.16313213703099,0.07826267156338226,2391.7563925297586,1,1,38,770.472,20333.4,0,0,966
36081052000,"Queens County, NY",40.7011396,-73.7546876,10.547775982421452,1.3884297520661157,80.1305057096248,0.07825759785758865,2391.60133689438,1,1,38,770.472,20333.4,0,0,967
36081013600,"Queens County, NY",40.706597,-73.8286538,42.5557913294511,42.082644628099175,43.03425774877651,0.07804426424113266,2385.0817276003518,1,1,38,770.472,20333.4,0,0,968
36081047801,"Queens County, NY",40.7197956,-73.7671258,65.7650043313021,56.099173553719005,77.09624796084829,0.07780230766087558,2377.6873825571233,1,1,38,770.472,20333.4,0,0,969
36081079200,"Queens County, NY",40.6689234,-73.7969557,67.97533616563082,58.28099173553719,79.28221859706362,0.0774255797384626,2366.174340660183,1,1,38,770.472,20333.4,0,0,970
36081047600,"Queens County, NY",40.72248,-73.7712454,7.162143101029928,0.6611570247933884,77.58564437194127,0.07740889071158331,2365.664313517916,1,1,38,770.472,20333.4,0,0,971
36081050800,"Queens County, NY",40.706984,-73.7554219,44.09883947387788,24.99173553719008,77.81402936378467,0.0771989345458272,2359.247921238341,1,1,38,770.472,20333.4,0,0,972
36081012200,"Queens County, NY",40.696497,-73.8310666,28.711150222318913,14.809917355371901,55.66068515497553,0.0771960824436668,2359.1607592051773,1,1,38,770.472,20333.4,0,0,973
36081124100,"Queens County, NY",40.7267987,-73.8024148,17.122641491038912,4.297520661157025,68.22185970636215,0.07653774389137588,2339.0415196055505,1,1,38,770.472,20333.4,0,0,974
36081010400,"Queens County, NY",40.6829682,-73.8265465,49.7048953818175,33.1900826446281,74.43719412724306,0.07632399397223263,2332.5091878399585,1,1,38,770.472,20333.4,0,0,975
36081021601,"Queens County, NY",40.7130842,-73.8265474,21.623332819862675,7.140495867768595,65.48123980424143,0.07623866754370327,2329.9015585984553,1,1,38,770.472,20333.4,0,0,976
36081010200,"Queens County, NY",40.6787779,-73.8229675,48.19287240385824,30.214876033057852,76.8678629690049,0.07606975713823008,2324.7395505301756,1,1,38,770.472,20333.4,0,0,977
36081053000,"Queens County, NY",40.6963382,-73.7525403,25.11199349680714,7.768595041322314,81.17455138662316,0.07593758304931762,2320.700227366678,1,1,38,770.472,20333.4,0,0,978
36081081800,"Queens County, NY",40.6705126,-73.8090801,56.12251265759347,39.83471074380166,79.07014681892332,0.07588424230868822,2319.0701008346527,1,1,38,770.472,20333.4,0,0,979
36081124700,"Queens County, NY",40.7280893,-73.7962451,15.9764700993188,3.7024793388429753,68.93964110929853,0.07585469267157553,2318.167045367092,1,1,38,770.472,20333.4,0,0,980
36081048400,"Queens County, NY",40.7158173,-73.7599374,49.57605176146065,32.16528925619835,76.4110929853181,0.0757110939282122,2313.778577588806,1,1,38,770.472,20333.4,0,0,981
36081010800,"Queens County, NY",40.6886096,-73.8305968,19.54699785939369,6.909090909090909,55.301794453507334,0.0755217401714159,2307.9918078655123,1,1,38,770.472,20333.4,0,0,982
36081037600,"Queens County, NY",40.6878123,-73.754119,34.85925678245644,14.611570247933884,83.1647634584013,0.07518004899361526,2297.549510887267,1,1,38,770.472,20333.4,0,0,983
36081047802,"Queens County, NY",40.7187428,-73.7624916,19.25937827302508,4.859504132231405,76.32952691680262,0.07516241259429297,2297.0105314481852,1,1,38,770.472,20333.4,0,0,984
36081077903,"Queens County, NY",40.7192184,-73.8215941,17.03759816969563,4.528925619834711,64.09461663947798,0.07515765898573078,2296.865258185222,1,1,38,770.472,20333.4,0,0,985
36081133900,"Queens County, NY",40.72864,-73.7900377,14.867776789903607,3.3057851239669422,66.8678629690049,0.07515032263227053,2296.6410546161915,1,1,38,770.472,20333.4,0,0,986
36081084000,"Queens County, NY",40.6739493,-73.8176533,67.77129862059394,59.17355371900827,77.61827079934747,0.07511031982506619,2295.4185437059596,1,1,38,770.472,20333.4,0,0,987
36081033405,"Queens County, NY",40.6734383,-73.7677525,14.426773720452026,2.5785123966942147,80.71778140293638,0.07501826020057946,2292.605143767501,1,1,38,770.472,20333.4,0,0,988
36081051800,"Queens County, NY",40.7018381,-73.7520094,29.62445432616774,11.008264462809917,79.72267536704732,0.07500558629927971,2292.217821384474,1,1,38,770.472,20333.4,0,0,989
36081051000,"Queens County, NY",40.7097116,-73.7537153,49.436324949122316,31.834710743801654,76.76998368678629,0.07387629450749685,2257.705955023758,1,1,38,770.472,20333.4,0,0,990
36081012400,"Queens County, NY",40.6952063,-73.8343035,32.64857808467552,22.975206611570247,46.394779771615006,0.07326447440700173,2239.0083485249525,1,1,38,770.472,20333.4,0,0,991
36081077908,"Queens County, NY",40.7256168,-73.8136929,53.372407816352336,46.0495867768595,61.85970636215335,0.07310707088353136,2234.1979979970884,1,1,38,770.472,20333.4,0,0,992
36081009800,"Queens County, NY",40.6854,-73.8312082,55.25541226015796,55.80165289256198,54.714518760195766,0.07310479707323227,2234.128508926378,1,1,38,770.472,20333.4,0,0,993
36081013200,"Queens County, NY",40.701294,-73.8343887,34.24301525775059,25.65289256198347,45.70962479608483,0.0730835739344446,2233.4799164767346,1,1,38,770.472,20333.4,0,0,994
36081035200,"Queens County, NY",40.679483,-73.757596,27.340446845378864,9.190082644628099,81.33768352365416,0.07289321915263405,2227.662554800354,1,1,38,770.472,20333.4,0,0,995
36081077500,"Queens County, NY",40.7091018,-73.8323371,31.703396691669024,22.74380165289256,44.192495921696576,0.07269723836683122,2221.6732589087956,1,1,38,770.472,20333.4,0,0,996
36081011800,"Queens County, NY",40.6906515,-73.8338967,30.070809256787925,16.198347107438018,55.82381729200653,0.07262744705535773,2219.5403926006916,1,1,38,770.472,20333.4,0,0,997
36081010000,"Queens County, NY",40.6811536,-73.8288851,39.63559354723496,21.09090909090909,74.48613376835237,0.07252606096724447,2216.441970076716,1,1,38,770.472,20333.4,0,0,998
36081053200,"Queens County, NY",40.7001024,-73.7490919,38.83203758882764,18.87603305785124,79.8858075040783,0.07184805778776714,2195.721767120737,1,1,38,770.472,20333.4,0,0,999
36081013400,"Queens County, NY",40.7052797,-73.8349794,52.99936952221032,62.0495867768595,45.26916802610114,0.0713937759442029,2181.838628688962,1,1,38,770.472,20333.4,0,0,1000
36085002100,"Richmond County, NY",40.6318596,-74.0752255,79.7350715568431,86.87603305785125,73.18107667210441,0.07100074555591426,2169.8273731967893,12,0,38,0.0,20333.4,0,0,1001
36081077907,"Queens County, NY",40.7249623,-73.8184802,57.70507630033886,52.82644628099173,63.03425774877651,0.07086284773275606,2165.613129120193,1,1,38,770.472,20333.4,0,0,1002
36081122704,"Queens County, NY",40.7300682,-73.8073692,43.79466072459849,32.264462809917354,59.44535073409462,0.06997208929171435,2138.390991758885,1,1,38,770.472,20333.4,0,0,1003
36081011000,"Queens County, NY",40.6873142,-73.8350142,64.12929149826554,74.01652892561984,55.56280587275694,0.06996460386288975,2138.1622323530987,1,1,38,770.472,20333.4,0,0,1004
36081038400,"Queens County, NY",40.6933415,-73.7476394,44.44850788172126,24.231404958677686,81.53344208809136,0.06975971953262991,2131.9008385514408,1,1,38,770.472,20333.4,0,0,1005
36081030600,"Queens County, NY",40.6648787,-73.7804012,54.514035144840534,38.97520661157024,76.24796084828711,0.069601347593238,2127.060892624842,1,1,38,770.472,20333.4,0,0,1006
36081051200,"Queens County, NY",40.7104101,-73.7501193,33.23838372651415,14.545454545454545,75.95432300163132,0.06954986277852304,2125.487484354298,1,1,38,770.472,20333.4,0,0,1007
36081012601,"Queens County, NY",40.6936535,-73.8374117,22.935783831921473,11.173553719008265,47.07993474714519,0.06937723527242445,2120.2118793565387,1,1,38,770.472,20333.4,0,0,1008
36081051600,"Queens County, NY",40.7027231,-73.7472729,9.263554185949022,1.090909090909091,78.66231647634584,0.0693091716841319,2118.1318133538675,1,1,38,770.472,20333.4,0,0,1009
36081083800,"Queens County, NY",40.6702951,-73.8195098,66.77831554369605,56.760330578512395,78.56443719412725,0.06929324901767148,2117.645206667281,1,1,38,770.472,20333.4,0,0,1010
36061011700,"New York County, NY",40.7602739,-74.0014019,25.341989660333585,70.04958677685951,9.168026101141926,0.06924156398411811,2116.065679583296,14,0,39,0.0,21174.245,0,1,1011
36081013000,"Queens County, NY",40.7003482,-73.8378392,19.370877088063942,8.099173553719009,46.32952691680261,0.06917058356087591,2113.896473272769,1,1,38,770.472,20333.4,0,0,1012
36081009600,"Queens County, NY",40.6809138,-73.8322684,28.31180881890827,14.87603305785124,53.88254486133769,0.06890619120942286,2105.816476971957,1,1,38,770.472,20333.4,0,0,1013
36061008900,"New York County, NY",40.744638,-74.0026785,21.749558402075426,77.95041322314049,6.068515497553018,0.06889380255942817,2105.4378720479526,20,0,39,0.0,21174.245,0,1,1014
36081077300,"Queens County, NY",40.7109133,-73.8352803,21.470397851518687,10.347107438016529,44.55138662316476,0.06846551558505304,2092.3491531435725,1,1,38,770.472,20333.4,0,0,1015
36081049600,"Queens County, NY",40.7169502,-73.7531219,25.80414989454792,8.892561983471074,74.87765089722676,0.06810422702454311,2081.307947842426,1,1,38,770.472,20333.4,0,0,1016
36081033000,"Queens County, NY",40.6701348,-73.7637361,59.34298439433543,44.36363636363637,79.38009787928222,0.06808245965589739,2080.6427233865397,1,1,38,770.472,20333.4,0,0,1017
36081133300,"Queens County, NY",40.7319191,-73.779273,19.270841227434413,5.553719008264463,66.8678629690049,0.06795451661670199,2076.732703759527,1,1,38,770.472,20333.4,0,0,1018
36081049202,"Queens County, NY",40.7207993,-73.7560521,25.510943643621207,8.760330578512397,74.29037520391518,0.06736688610736652,2058.774346357807,1,1,38,770.472,20333.4,0,0,1019
36081076902,"Queens County, NY",40.7150342,-73.8340325,8.711185677534615,1.7520661157024793,43.3115823817292,0.06709140744731092,2050.355545503815,1,1,38,770.472,20333.4,0,0,1020
36081049201,"Queens County, NY",40.7243939,-73.7600775,49.2200365874688,32.49586776859504,74.55138662316476,0.06696725121403273,2046.561253043775,1,1,38,770.472,20333.4,0,0,1021
36081012800,"Queens County, NY",40.6982524,-73.8401182,29.187663511130783,18.082644628099175,47.11256117455139,0.06661774439499225,2035.8801051609582,1,1,38,770.472,20333.4,0,0,1022
36061012901,"New York County, NY",40.7639029,-74.0010728,25.14381001293328,63.63636363636363,9.934747145187602,0.06651973169175472,2032.8847753972964,14,0,40,0.0,21929.285,0,1,1023
36081011600,"Queens County, NY",40.6887757,-73.8388054,51.02368408377911,46.44628099173554,56.052202283849915,0.06633086119884088,2027.1127745217436,1,1,38,770.472,20333.4,0,0,1024
36081053401,"Queens County, NY",40.6998291,-73.7441493,21.11681022964893,5.619834710743802,79.34747145187602,0.06607542862970649,2019.3065947954012,1,1,38,770.472,20333.4,0,0,1025
36061007300,"New York County, NY",40.7341146,-74.0041065,8.426243373733701,75.04132231404958,0.9461663947797716,0.06589498445330996,2013.7921074444089,19,0,39,0.0,21174.245,0,1,1026
36081077902,"Queens County, NY",40.7252734,-73.8248724,55.75552313493393,60.49586776859505,51.386623164763456,0.06573855999556533,2009.0116777799838,1,1,38,770.472,20333.4,0,0,1027
36081012602,"Queens County, NY",40.6931695,-73.8407053,32.392374185653026,22.14876033057851,47.37357259380098,0.06544340512096516,1999.9915594526974,1,1,38,770.472,20333.4,0,0,1028
36081062600,"Queens County, NY",40.6819741,-73.7481021,17.194614071774488,3.6363636363636362,81.30505709624796,0.06517953629481144,1991.9275624138106,1,1,38,770.472,20333.4,0,0,1029
36081077906,"Queens County, NY",40.7293975,-73.818762,37.18405660354355,27.834710743801654,49.67373572593801,0.06500225715809478,1986.5098006631038,1,1,38,770.472,20333.4,0,0,1030
36081134100,"Queens County, NY",40.7352944,-73.7911783,27.946185943311242,11.768595041322314,66.3621533442088,0.06489921633374823,1983.3608083606518,1,1,38,770.472,20333.4,0,0,1031
36081009400,"Queens County, NY",40.6814153,-73.8364868,60.526418579570056,66.57851239669421,55.02446982055464,0.06488533097010744,1982.9364629276754,1,1,38,770.472,20333.4,0,0,1032
36081122300,"Queens County, NY",40.7349769,-73.7994552,21.974328786375832,7.2727272727272725,66.394779771615,0.06480051293488444,1980.3443705048896,1,1,38,770.472,20333.4,0,0,1033
36081084602,"Queens County, NY",40.6651282,-73.8166208,33.60049151141528,14.181818181818182,79.6084828711256,0.06441410540054418,1968.5355135885816,1,1,38,770.472,20333.4,0,0,1034
36081084601,"Queens County, NY",40.667342,-73.8217805,24.163572389508197,7.43801652892562,78.49918433931484,0.06402590177842228,1956.67176710171,1,1,38,770.472,20333.4,0,0,1035
36081061000,"Queens County, NY",40.6901782,-73.7432503,14.260519257800885,2.479338842975207,82.02283849918433,0.06383914593697117,1950.9643913028758,1,1,38,770.472,20333.4,0,0,1036
36081075701,"Queens County, NY",40.71822,-73.8348167,41.00987470087428,25.355371900826444,66.3295269168026,0.06380680722814516,1949.9761000521978,1,1,38,770.472,20333.4,0,0,1037
36081011200,"Queens County, NY",40.6841012,-73.8390726,54.544663596025174,53.388429752066116,55.725938009787924,0.06378833376642125,1949.4115394604407,1,1,38,770.472,20333.4,0,0,1038
36081032800,"Queens County, NY",40.6718373,-73.7556979,40.32280461961409,20.66115702479339,78.69494290375204,0.0636578454656642,1945.4237350416606,1,1,38,770.472,20333.4,0,0,1039
36061022500,"New York County, NY",40.8250966,-73.9571997,41.293969489453545,98.61157024793388,17.29200652528548,0.063493515648174,1940.401712618785,15,0,38,0.0,20333.4,0,0,1040
36081035800,"Queens County, NY",40.675791,-73.7509805,37.6431569716887,17.785123966942148,79.67373572593802,0.0632425298895009,1932.7314302127702,1,1,38,770.472,20333.4,0,0,1041
36081122702,"Queens County, NY",40.7331479,-73.8127448,66.63734317057737,93.15702479338843,47.66721044045677,0.06320333634725632,1931.5336509479332,1,1,38,770.472,20333.4,0,0,1042
36081002600,"Queens County, NY",40.6972603,-73.8430922,14.738852204556737,4.595041322314049,47.27569331158239,0.06311502316804517,1928.8347447298927,1,1,38,770.472,20333.4,0,0,1043
36061007700,"New York County, NY",40.738085,-74.0032967,5.259552851918313,60.56198347107438,0.4567699836867863,0.06308840976420255,1928.0214223950422,20,0,39,0.0,21174.245,0,1,1044
36081086400,"Queens County, NY",40.6733398,-73.8315832,49.42293831679823,31.669421487603305,77.12887438825449,0.06289650710677487,1922.1567566677243,1,1,38,770.472,20333.4,0,0,1045
36081053800,"Queens County, NY",40.7064789,-73.7425304,14.621630575153267,2.809917355371901,76.08482871125611,0.06278153591928397,1918.6431649752226,1,1,38,770.472,20333.4,0,0,1046
36081011400,"Queens County, NY",40.6879308,-73.8418285,23.447953714016887,9.75206611570248,56.37846655791191,0.06256200005763397,1911.9340111730085,1,1,38,770.472,20333.4,0,0,1047
36081122703,"Queens County, NY",40.7352561,-73.8069315,47.48624477711236,38.24793388429752,58.955954323001635,0.062484701035474544,1909.5717045114425,1,1,38,770.472,20333.4,0,0,1048
36081060800,"Queens County, NY",40.6936037,-73.7413143,8.949817175881202,0.9917355371900827,80.76672104404568,0.06243539097900343,1908.0647582185948,1,1,38,770.472,20333.4,0,0,1049
36081076901,"Queens County, NY",40.7164575,-73.8375688,33.25891773921597,24.892561983471072,44.43719412724307,0.06238875701337355,1906.6395949424607,1,1,38,770.472,20333.4,0,0,1050
36085003300,"Richmond County, NY",40.6255983,-74.086618,47.64448445666295,32.3305785123967,70.2120717781403,0.06237223083496368,1906.1345445516895,13,0,38,0.0,20333.4,0,0,1051
34039035800,"Union County, NJ",40.5983563,-74.2784009,30.094723255792637,12.59504132231405,71.90864600326265,0.06222283879696227,1901.5690300510305,5,0,39,0.0,21049.035,0,1,1052
36081059800,"Queens County, NY",40.6982947,-73.7406666,9.989950864620925,1.256198347107438,79.44535073409462,0.062054544962059664,1896.425864766599,1,1,38,770.472,20333.4,0,0,1053
36081074900,"Queens County, NY",40.7132499,-73.8400754,2.7403414205795884,0.1652892561983471,45.43230016313214,0.06188070384771604,1891.1131711387163,1,1,38,770.472,20333.4,0,0,1054
36081134701,"Queens County, NY",40.7372846,-73.7848538,30.914132763933853,14.479338842975206,66.00326264274062,0.06120092606228822,1870.3387351104243,1,1,38,770.472,20333.4,0,0,1055
36081002800,"Queens County, NY",40.6923881,-73.8443722,37.26123390868548,29.388429752066113,47.24306688417618,0.06101087331785088,1864.5306038858507,1,1,38,770.472,20333.4,0,0,1056
36081054800,"Queens County, NY",40.7231977,-73.7512827,22.07662446010132,6.710743801652892,72.62642740619903,0.060678937516488514,1854.3864373380097,1,1,38,770.472,20333.4,0,0,1057
36081054000,"Queens County, NY",40.7127947,-73.7432243,58.921407837146354,46.87603305785124,74.06199021207178,0.06066044335367353,1853.821244107909,1,1,38,770.472,20333.4,0,0,1058
36081054200,"Queens County, NY",40.7190741,-73.7464902,56.546135013618404,43.96694214876033,72.72430668841761,0.05975210263538484,1826.0617813121291,1,1,38,770.472,20333.4,0,0,1059
36081063000,"Queens County, NY",40.6802878,-73.7435795,20.684992170233087,5.322314049586777,80.39151712887438,0.059257572387080924,1810.9486263552055,1,1,38,770.472,20333.4,0,0,1060
36081002400,"Queens County, NY",40.6971881,-73.8465756,37.28088298729531,29.68595041322314,46.8189233278956,0.05902115193842288,1803.7234689703764,1,1,38,770.472,20333.4,0,0,1061
36061022900,"New York County, NY",40.8270084,-73.9554483,38.648343703630225,96.89256198347107,15.415986949429037,0.05892178681492278,1800.6868083941602,15,0,38,0.0,20333.4,0,0,1062
36081004002,"Queens County, NY",40.6815294,-73.8429597,40.49304481563398,29.355371900826444,55.85644371941273,0.05804956986005857,1774.0313104946304,1,1,38,770.472,20333.4,0,0,1063
36081134702,"Queens County, NY",40.7384642,-73.7782907,28.448622947356856,12.396694214876034,65.28548123980424,0.05787184238947474,1768.5998473793857,1,1,38,770.472,20333.4,0,0,1064
36081059600,"Queens County, NY",40.6971372,-73.7370565,18.338579734179156,4.231404958677686,79.47797716150082,0.05780209849525241,1766.4684301722557,1,1,38,770.472,20333.4,0,0,1065
34039036302,"Union County, NJ",40.6108978,-74.3317926,31.961107774547013,12.826446280991735,79.6411092985318,0.05763529882390409,1761.370927464389,4,0,40,0.0,21966.171,0,1,1066
36081059000,"Queens County, NY",40.7012577,-73.7369979,29.26044326795159,10.975206611570249,78.00978792822187,0.05754829391662734,1758.7120028582683,1,1,38,770.472,20333.4,0,0,1067
36081032000,"Queens County, NY",40.6612148,-73.7652124,70.93402406764044,65.05785123966942,77.34094616639477,0.05749459454612033,1757.0709163719612,1,1,38,770.472,20333.4,0,0,1068
36081003000,"Queens County, NY",40.6916415,-73.8472679,18.378588216177356,7.239669421487603,46.6557911908646,0.057476488634727985,1756.517588349161,1,1,38,770.472,20333.4,0,0,1069
36081008600,"Queens County, NY",40.677092,-73.8411415,57.346564645751954,59.53719008264463,55.23654159869494,0.056914381196854935,1739.3392320400158,1,1,38,770.472,20333.4,0,0,1070
36081058200,"Queens County, NY",40.706989,-73.7375538,31.507514941180776,12.958677685950413,76.6068515497553,0.056902723447273734,1738.982963891659,1,1,38,770.472,20333.4,0,0,1071
36081080900,"Queens County, NY",40.7338713,-73.8223451,52.60017307674578,55.17355371900826,50.1468189233279,0.05689452278707525,1738.7323465659163,1,1,38,770.472,20333.4,0,0,1072
36081003200,"Queens County, NY",40.6873154,-73.846767,39.768532013226874,33.68595041322314,46.94942903752039,0.05670741637817057,1733.0142572055418,1,1,38,770.472,20333.4,0,0,1073
36061027500,"New York County, NY",40.8548362,-73.9405398,25.758822045320155,40.03305785123967,16.574225122349105,0.05668618089206303,1732.3652874140487,13,0,38,0.0,20333.4,0,0,1074
36081073100,"Queens County, NY",40.7109534,-73.8463317,5.039313980856067,0.5619834710743801,45.18760195758564,0.05621004060918655,1717.8141413496255,1,1,38,770.472,20333.4,0,0,1075
36061021100,"New York County, NY",40.8159057,-73.9631154,42.28645094798619,97.52066115702479,18.336052202283852,0.05600704388391811,1711.610433941935,15,0,38,0.0,20333.4,0,0,1076
36081004001,"Queens County, NY",40.6832481,-73.8458743,41.37385571259668,30.3801652892562,56.34584013050571,0.055842797815343286,1706.5909709385087,1,1,38,770.472,20333.4,0,0,1077
36081061200,"Queens County, NY",40.6882912,-73.7367254,1.6484631846273317,0.03305785123966942,82.20228384991843,0.055723207309449414,1702.936209974645,1,1,38,770.472,20333.4,0,0,1078
36081121500,"Queens County, NY",40.7403642,-73.8059322,21.77661768389811,15.140495867768594,31.321370309951057,0.05514579136953551,1685.2900162292756,1,1,38,770.472,20333.4,0,0,1079
36081060600,"Queens County, NY",40.6917471,-73.7353308,10.971200915954537,1.487603305785124,80.91353996737357,0.05509471020435878,1683.7289437421143,1,1,38,770.472,20333.4,0,0,1080
36081073700,"Queens County, NY",40.7184405,-73.8432492,10.109294475463447,2.4132231404958677,42.34910277324633,0.055056336082616245,1682.5562064824223,1,1,38,770.472,20333.4,0,0,1081
36081068200,"Queens County, NY",40.6677937,-73.7504129,21.75989545084449,6.115702479338843,77.42251223491027,0.054839387200289746,1675.9261123929768,1,1,38,770.472,20333.4,0,0,1082
36081003800,"Queens County, NY",40.6847999,-73.8474941,44.313265336072035,34.8099173553719,56.41109298531811,0.05481159647604504,1675.0768104072727,1,1,38,770.472,20333.4,0,0,1083
36081002000,"Queens County, NY",40.6913525,-73.849516,17.395607151049393,6.545454545454546,46.231647634584014,0.054797745554008806,1674.6535175313609,1,1,38,770.472,20333.4,0,0,1084
36081055200,"Queens County, NY",40.7277874,-73.7496567,39.95570059862808,22.611570247933884,70.60358890701468,0.05458026355548479,1668.0071310761182,1,1,38,770.472,20333.4,0,0,1085
36061025500,"New York County, NY",40.8453597,-73.9446867,29.5100313550326,93.98347107438016,9.265905383360522,0.054547948757781274,1667.0195705643603,13,0,38,0.0,20333.4,0,0,1086
36081002200,"Queens County, NY",40.6959777,-73.8505707,23.357946819890646,11.834710743801653,46.101141924959215,0.05426892224006113,1658.492344952058,1,1,38,770.472,20333.4,0,0,1087
36081129102,"Queens County, NY",40.7316384,-73.7543823,13.37077867410119,2.512396694214876,71.15823817292006,0.054131887748033174,1654.3044848169807,1,1,38,770.472,20333.4,0,0,1088
36081008800,"Queens County, NY",40.6707968,-73.8387752,41.590790570744986,22.31404958677686,77.52039151712887,0.053832342615476224,1645.1501974494195,1,1,38,770.472,20333.4,0,0,1089
36081062000,"Queens County, NY",40.681056,-73.7378193,5.642612773362668,0.39669421487603307,80.2610114192496,0.05355020430435299,1636.527873476489,1,1,38,770.472,20333.4,0,0,1090
36081063200,"Queens County, NY",40.6765164,-73.7405087,25.347309124251694,8.132231404958677,79.00489396411093,0.05338005993396731,1631.3281546655442,1,1,38,770.472,20333.4,0,0,1091
36081060000,"Queens County, NY",40.695063,-73.7333032,9.186212594252883,1.0578512396694215,79.7716150081566,0.053258357340478964,1627.6088469783865,1,1,38,770.472,20333.4,0,0,1092
36081075702,"Queens County, NY",40.7243375,-73.8401994,28.119821969215707,14.512396694214877,54.48613376835236,0.053253503674474116,1627.4605158971392,1,1,38,770.472,20333.4,0,0,1093
36081064101,"Queens County, NY",40.6992056,-73.8517393,28.95381458680662,18.31404958677686,45.774877650897224,0.05294068341823959,1617.9005324131126,1,1,38,770.472,20333.4,0,0,1094
36081055600,"Queens County, NY",40.7255507,-73.7450034,14.261804953369504,2.909090909090909,69.9184339314845,0.05263071412627184,1608.427676187506,1,1,38,770.472,20333.4,0,0,1095
36081064600,"Queens County, NY",40.672774,-73.7423253,30.42063293867906,11.867768595041323,77.97716150081567,0.05220848555151205,1595.5241057800915,1,1,38,770.472,20333.4,0,0,1096
36081055800,"Queens County, NY",40.7225337,-73.7417049,16.38955220357394,3.834710743801653,70.0489396411093,0.05214644910844219,1593.6282331205186,1,1,38,770.472,20333.4,0,0,1097
36081072300,"Queens County, NY",40.7162398,-73.847744,3.0989505535021222,0.23140495867768596,41.500815660685156,0.0517767899089439,1582.3312158350632,1,1,38,770.472,20333.4,0,0,1098
36081001800,"Queens County, NY",40.69028,-73.8520154,29.48807556479419,18.94214876033058,45.90538336052202,0.051633458758840935,1577.9509258748644,1,1,38,770.472,20333.4,0,0,1099
36081065000,"Queens County, NY",40.6694592,-73.7448233,20.616572823177307,5.487603305785124,77.45513866231649,0.05156483615757613,1575.8537760846966,1,1,38,770.472,20333.4,0,0,1100
36081129103,"Queens County, NY",40.7367042,-73.7597119,39.945306600998535,22.049586776859503,72.36541598694943,0.0515446651648803,1575.2373378803752,1,1,38,770.472,20333.4,0,0,1101
36081056600,"Queens County, NY",40.7197386,-73.7384034,39.44205262596321,22.115702479338843,70.34257748776508,0.05098445416162671,1558.1169378041761,1,1,38,770.472,20333.4,0,0,1102
36081059400,"Queens County, NY",40.6984691,-73.7311844,4.5477971125118355,0.2644628099173554,78.20554649265905,0.05091250234048365,1555.9180449637533,1,1,38,770.472,20333.4,0,0,1103
34039038400,"Union County, NJ",40.650302,-74.4013218,38.28147415040456,16.09917355371901,91.02773246329528,0.05042323263430682,1540.965655477894,4,0,39,0.0,21049.035,0,1,1104
36081064500,"Queens County, NY",40.7091221,-73.85225,32.5941977842783,24.363636363636363,43.605220228384994,0.050280744944358545,1536.611142189722,1,1,38,770.472,20333.4,0,0,1105
36061022302,"New York County, NY",40.8208293,-73.9587889,42.980789039332265,91.76859504132231,20.130505709624796,0.050211064108809406,1534.4816520952456,15,0,38,0.0,20333.4,0,0,1106
36061022301,"New York County, NY",40.8221683,-73.9578271,43.59407709343996,99.57024793388429,19.086460032626427,0.050162538879582975,1532.998690615873,15,0,38,0.0,20333.4,0,0,1107
36081141700,"Queens County, NY",40.7448146,-73.7917203,49.14719860131814,37.09090909090909,65.12234910277324,0.05015906656573232,1532.8925745239576,1,1,38,770.472,20333.4,0,0,1108
36061006700,"New York County, NY",40.7304513,-74.0041204,11.7749239692471,84.99173553719008,1.631321370309951,0.05011161078090348,1531.4422959369947,10,0,38,0.0,20333.4,0,0,1109
36081069000,"Queens County, NY",40.6603465,-73.7554142,31.231889983855485,12.925619834710744,75.46492659053834,0.05008760247100978,1530.708586909242,1,1,38,770.472,20333.4,0,0,1110
36081068000,"Queens County, NY",40.6637096,-73.7500759,32.27599288338733,13.685950413223141,76.11745513866232,0.050065957589867885,1530.0471057483958,1,1,38,770.472,20333.4,0,0,1111
36081005400,"Queens County, NY",40.6787479,-73.8487787,61.23963115881026,66.80991735537191,56.13376835236542,0.05005529731475652,1529.7213210462585,1,1,38,770.472,20333.4,0,0,1112
36081073900,"Queens County, NY",40.7236929,-73.8442715,32.28368617888534,19.272727272727273,54.07830342577488,0.04988144042228768,1524.4081452289606,1,1,38,770.472,20333.4,0,0,1113
36081061800,"Queens County, NY",40.6768943,-73.7364182,28.628235300900393,10.380165289256198,78.95595432300163,0.04938781009403071,1509.322492393828,1,1,38,770.472,20333.4,0,0,1114
36081140902,"Queens County, NY",40.7449088,-73.7821538,6.833543424522605,0.7272727272727273,64.20880913539968,0.0490406172631478,1498.7120614423086,1,1,38,770.472,20333.4,0,0,1115
36081059200,"Queens County, NY",40.701235,-73.7297322,37.70837021482661,18.28099173553719,77.78140293637847,0.04903799468637323,1498.6319138490796,1,1,38,770.472,20333.4,0,0,1116
36061021900,"New York County, NY",40.8185701,-73.9603228,45.13936105065179,99.60330578512396,20.456769983686787,0.04901544919463084,1497.9429094626921,14,0,38,0.0,20333.4,0,0,1117
36081058000,"Queens County, NY",40.7072457,-73.7307152,18.998590369674158,4.760330578512397,75.82381729200652,0.04895606556789336,1496.1281085362255,1,1,38,770.472,20333.4,0,0,1118
36081072900,"Queens County, NY",40.7128119,-73.8521815,9.968334587285378,2.446280991735537,40.61990212071778,0.04878689802163951,1490.9582420842028,1,1,38,770.472,20333.4,0,0,1119
36081001400,"Queens County, NY",40.6950787,-73.85525,33.09937262714463,24.297520661157023,45.08972267536705,0.04870494151351115,1488.4535997264898,1,1,38,770.472,20333.4,0,0,1120
36081056800,"Queens County, NY",40.7155712,-73.7335746,53.54438532561128,40.19834710743802,71.32137030995106,0.04853848057789336,1483.3664489952769,1,1,38,770.472,20333.4,0,0,1121
36081001600,"Queens County, NY",40.6897177,-73.8548395,32.18624431339623,22.90909090909091,45.22022838499184,0.04821541250099147,1473.4932856759463,1,1,38,770.472,20333.4,0,0,1122
36081062200,"Queens County, NY",40.6919497,-73.7288802,9.904073904055723,1.2231404958677685,80.1957585644372,0.04762517885318348,1455.4553747277157,1,1,38,770.472,20333.4,0,0,1123
36081061601,"Queens County, NY",40.6818554,-73.7318753,19.43796599430801,4.694214876033058,80.48939641109298,0.047460045238702134,1450.4087877640002,1,1,38,770.472,20333.4,0,0,1124
36061024700,"New York County, NY",40.8385682,-73.9473733,21.48457192469711,91.86776859504133,5.024469820554649,0.0469203748624168,1433.9161221476209,13,0,38,0.0,20333.4,0,0,1125
36061003300,"New York County, NY",40.7188624,-74.0061463,20.748793955847027,54.41322314049587,7.911908646003263,0.046793545012262065,1430.0401222767819,9,0,38,0.0,20333.4,0,0,1126
36081061400,"Queens County, NY",40.6861196,-73.7295117,11.867168236767471,1.71900826446281,81.92495921696575,0.04669593917966666,1427.0572267354614,1,1,38,770.472,20333.4,0,0,1127
36081005800,"Queens County, NY",40.6735448,-73.8486894,45.36969687196481,37.02479338842975,55.595432300163125,0.04648630911372232,1420.650800270927,1,1,38,770.472,20333.4,0,0,1128
36081063900,"Queens County, NY",40.7038953,-73.8569266,31.898481331247403,23.537190082644628,43.2300163132137,0.04632148604971833,1415.6137039248276,1,1,38,770.472,20333.4,0,0,1129
36081055400,"Queens County, NY",40.7277903,-73.7401593,34.158648405492876,17.289256198347108,67.48776508972267,0.046002100481736016,1405.853080390723,1,1,38,770.472,20333.4,0,0,1130
36081080302,"Queens County, NY",40.740364,-73.8262195,18.650058448693223,8.958677685950413,38.825448613376835,0.045945712458468686,1404.1298269875663,1,1,38,770.472,20333.4,0,0,1131
36081005200,"Queens County, NY",40.6807593,-73.8546641,40.48811691589252,29.52066115702479,55.53017944535073,0.0448175982843379,1369.6539493618507,1,1,38,770.472,20333.4,0,0,1132
36081140901,"Queens County, NY",40.7465405,-73.7749009,5.790531956333504,0.5289256198347108,63.393148450244695,0.044753325323224805,1367.6897273063262,1,1,38,770.472,20333.4,0,0,1133
36081056000,"Queens County, NY",40.7254352,-73.7365634,16.810225741574556,4.198347107438016,67.30831973898857,0.04463536663194532,1364.08483562187,1,1,38,770.472,20333.4,0,0,1134
36081056400,"Queens County, NY",40.7215555,-73.7334033,54.418954603068855,43.1404958677686,68.64600326264274,0.044477332413557925,1359.2552106612607,1,1,38,770.472,20333.4,0,0,1135
36085018701,"Richmond County, NY",40.6107434,-74.1272545,20.53569185827809,9.057851239669422,46.557911908646005,0.044407249125512555,1357.1134213657563,13,0,38,0.0,20333.4,0,0,1136
36081070700,"Queens County, NY",40.7150711,-73.8555663,3.4363657549621656,0.2975206611570248,39.69004893964111,0.04389265555279451,1341.3871186148165,1,1,38,770.472,20333.4,0,0,1137
36081003600,"Queens County, NY",40.6837714,-73.8568176,48.30115977677155,51.96694214876033,44.89396411092985,0.0438634727254705,1340.4952730847572,1,1,38,770.472,20333.4,0,0,1138
36081000800,"Queens County, NY",40.6873473,-73.8582587,38.64489005725044,33.71900826446281,44.290375203915175,0.04357219224834433,1331.5935587774272,1,1,38,770.472,20333.4,0,0,1139
34039038701,"Union County, NJ",40.6385401,-74.3889422,29.588908143012894,9.71900826446281,90.0815660685155,0.0435215852292463,1330.0469764921986,4,0,38,0.0,20333.4,0,0,1140
36081083700,"Queens County, NY",40.7447536,-73.8197846,35.40339762716825,34.578512396694215,36.247960848287114,0.04341263759244856,1326.7174682917155,1,1,38,770.472,20333.4,0,0,1141
36061012902,"New York County, NY",40.766423,-73.999293,28.336655392884833,74.57851239669422,10.766721044045676,0.043391809358719995,1326.0809443886815,10,0,38,0.0,20333.4,0,0,1142
36081001000,"Queens County, NY",40.6907493,-73.8592987,30.16773693309381,20.793388429752067,43.768352365415986,0.04329008424630471,1322.9721610691263,1,1,38,770.472,20333.4,0,0,1143
36081129104,"Queens County, NY",40.7380951,-73.7500691,32.584509088896986,15.537190082644628,68.33605220228385,0.04319148983152048,1319.959053835278,1,1,38,770.472,20333.4,0,0,1144
36081074100,"Queens County, NY",40.7282813,-73.8470444,30.119012178991042,21.553719008264462,42.08809135399674,0.04315791510128191,1318.9329889940016,1,1,38,770.472,20333.4,0,0,1145
36081071303,"Queens County, NY",40.72581,-73.8495395,47.865368739809156,43.107438016528924,53.14845024469821,0.042905219002913324,1311.2104375327865,1,1,38,770.472,20333.4,0,0,1146
36081071100,"Queens County, NY",40.7220697,-73.8524948,28.695518561527074,20.892561983471076,39.41272430668842,0.042828408164811385,1308.863050082601,1,1,38,770.472,20333.4,0,0,1147
36081003400,"Queens County, NY",40.6847731,-73.8581871,47.7525811587261,51.37190082644628,44.38825448613377,0.042728024887292486,1305.7952740801618,1,1,38,770.472,20333.4,0,0,1148
36081006201,"Queens County, NY",40.6667964,-73.8467863,69.92657128564224,63.80165289256199,76.63947797716149,0.04258645888457931,1301.4689281327212,1,1,38,770.472,20333.4,0,0,1149
36081071305,"Queens County, NY",40.7241863,-73.8514774,43.88401719075536,48.66115702479339,39.57585644371942,0.0422789604551702,1292.0715830186268,1,1,38,770.472,20333.4,0,0,1150
36081061602,"Queens County, NY",40.6775523,-73.7292421,8.706479505524884,0.9586776859504132,79.07014681892332,0.04215582807673647,1288.3085802056223,1,1,38,770.472,20333.4,0,0,1151
36081001200,"Queens County, NY",40.6942784,-73.8608412,41.52084324942783,40.0,43.09951060358891,0.042068223166096694,1285.6313191199208,1,1,38,770.472,20333.4,0,0,1152
36081070900,"Queens County, NY",40.7192652,-73.8550205,12.405239214077069,3.933884297520661,39.11908646003263,0.042065231020020494,1285.5398772567416,1,1,38,770.472,20333.4,0,0,1153
36081056200,"Queens County, NY",40.7246382,-73.7331947,19.44412410532937,5.68595041322314,66.4926590538336,0.041926909277785175,1281.3126779469244,1,1,38,770.472,20333.4,0,0,1154
36081136700,"Queens County, NY",40.7442043,-73.760311,39.57654056290432,21.85123966942149,71.68026101141926,0.04183750991328316,1278.5805772242622,1,1,38,770.472,20333.4,0,0,1155
36081120701,"Queens County, NY",40.7497169,-73.8022591,5.523563543875898,1.0247933884297522,29.771615008156605,0.04172343085926734,1275.0942496910254,1,1,38,770.472,20333.4,0,0,1156
36081004200,"Queens County, NY",40.6818145,-73.8579641,40.55364889606116,36.79338842975206,44.69820554649266,0.04168353049795083,1273.8748695914626,1,1,38,770.472,20333.4,0,0,1157
36081088400,"Queens County, NY",40.6557283,-73.833707,72.66834332097014,66.9090909090909,78.92332789559543,0.04122159366411786,1259.7577898496831,1,1,38,770.472,20333.4,0,0,1158
36085003900,"Richmond County, NY",40.6211881,-74.0933501,40.69812626268846,23.867768595041323,69.39641109298532,0.04073767791975811,1244.9690207992824,8,0,38,0.0,20333.4,0,0,1159
36081074700,"Queens County, NY",40.7326161,-73.8452064,27.02664200766348,17.586776859504134,41.533442088091356,0.04066459653367349,1242.7356077448703,1,1,38,770.472,20333.4,0,0,1160
36081063800,"Queens County, NY",40.6698445,-73.7330485,24.819084379344808,8.0,76.99836867862969,0.040584582081784254,1240.290315845451,1,1,38,770.472,20333.4,0,0,1161
36081140300,"Queens County, NY",40.7481688,-73.7696023,30.442571592334907,14.28099173553719,64.89396411092986,0.04051170014833349,1238.0629981887873,1,1,38,770.472,20333.4,0,0,1162
36081120300,"Queens County, NY",40.7487999,-73.8125809,30.36052186310609,27.603305785123965,33.393148450244695,0.04047656564050794,1236.9892655649005,1,1,38,770.472,20333.4,0,0,1163
36081130100,"Queens County, NY",40.7335029,-73.7397763,21.582043107341583,7.206611570247934,64.63295269168026,0.040035286951553194,1223.5035117040716,1,1,38,770.472,20333.4,0,0,1164
36081142900,"Queens County, NY",40.7510646,-73.7845234,37.040271575881526,21.487603305785125,63.849918433931485,0.039967912320242535,1221.4445006594372,1,1,38,770.472,20333.4,0,0,1165
36081069400,"Queens County, NY",40.6551441,-73.7493644,19.031715467303762,4.991735537190083,72.56117455138661,0.03936982226077812,1203.1664928371,1,1,38,770.472,20333.4,0,0,1166
36081070300,"Queens County, NY",40.7162794,-73.8593568,10.87016635705455,3.074380165289256,38.43393148450245,0.03906996693707671,1194.0027258333616,1,1,38,770.472,20333.4,0,0,1167
36081063700,"Queens County, NY",40.70836,-73.8622857,50.48718203527661,65.32231404958677,39.02120717781403,0.03901918290854371,1192.450734028637,1,1,38,770.472,20333.4,0,0,1168
36081065401,"Queens County, NY",40.6630276,-73.73755,49.84697438458778,33.25619834710744,74.71451876019576,0.03863831156012399,1180.8110664308276,1,1,38,770.472,20333.4,0,0,1169
36061009300,"New York County, NY",40.7471119,-74.0008753,25.601533193946377,73.58677685950413,8.907014681892333,0.038632068054445634,1180.6202609763282,13,0,38,0.0,20333.4,0,0,1170
36061018700,"New York County, NY",40.7994227,-73.9754109,22.89827408361274,73.71900826446281,7.112561174551386,0.03774241309195986,1153.431846612682,8,0,38,0.0,20333.4,0,0,1171
36081004401,"Queens County, NY",40.6771807,-73.8593613,50.5064478195815,46.67768595041322,54.64926590538336,0.037667429361273555,1151.1402967125557,1,1,38,770.472,20333.4,0,0,1172
36081074300,"Queens County, NY",40.7322992,-73.8492461,45.9193204009661,51.70247933884298,40.78303425774878,0.03732573668099185,1140.6979538175456,1,1,38,770.472,20333.4,0,0,1173
36081080301,"Queens County, NY",40.7447985,-73.8308776,38.72128657541636,32.396694214876035,46.280587275693314,0.037227263267866545,1137.688544470384,1,1,38,770.472,20333.4,0,0,1174
36061019900,"New York County, NY",40.806543,-73.9687765,30.99054963823862,86.57851239669422,11.092985318107667,0.03686489123896631,1126.6142276948035,8,0,38,0.0,20333.4,0,0,1175
36081000600,"Queens County, NY",40.6859083,-73.8637277,47.28955654758635,52.46280991735537,42.62642740619902,0.036818312197011795,1125.190742920681,1,1,38,770.472,20333.4,0,0,1176
36081000400,"Queens County, NY",40.6896831,-73.8647717,44.75227933113719,47.43801652892562,42.21859706362153,0.036687531253357025,1121.1939951511642,1,1,38,770.472,20333.4,0,0,1177
36081079900,"Queens County, NY",40.7469887,-73.8273758,46.849426386890386,48.925619834710744,44.86133768352366,0.036362655512239744,1111.2655884781846,1,1,38,770.472,20333.4,0,0,1178
36081071306,"Queens County, NY",40.7261621,-73.8560468,51.4693436508566,71.53719008264463,37.03099510603589,0.03610113751296859,1103.2734341851663,1,1,38,770.472,20333.4,0,0,1179
36081071304,"Queens County, NY",40.7288609,-73.8540811,43.79623686584727,47.603305785123965,40.29363784665579,0.035856443823464576,1095.795441364426,1,1,38,770.472,20333.4,0,0,1180
36081084500,"Queens County, NY",40.7499613,-73.820228,55.52556578160961,73.65289256198348,41.85970636215334,0.03578263786723781,1093.5398849914343,1,1,38,770.472,20333.4,0,0,1181
36081000200,"Queens County, NY",40.6932923,-73.8661578,39.24183398861842,36.85950413223141,41.77814029363785,0.03572197949951386,1091.6861271798743,1,1,38,770.472,20333.4,0,0,1182
36081145900,"Queens County, NY",40.7542091,-73.7919465,15.387708672908738,3.8016528925619832,62.28384991843393,0.035603741465014604,1088.0726985911924,1,1,38,770.472,20333.4,0,0,1183
36081145102,"Queens County, NY",40.7532383,-73.7781467,21.08880207530283,6.8429752066115705,64.99184339314846,0.03550377045524477,1085.017521750072,1,1,38,770.472,20333.4,0,0,1184
36081162100,"Queens County, NY",40.7284259,-73.7297083,34.08143127927629,18.446280991735538,62.96900489396411,0.03535841042310196,1080.5752278805824,1,1,38,770.472,20333.4,0,0,1185
36061020500,"New York County, NY",40.8105786,-73.9651393,29.63878640894973,62.18181818181818,14.127243066884176,0.03522188374760984,1076.4028869377528,8,0,38,0.0,20333.4,0,0,1186
36081120500,"Queens County, NY",40.7512742,-73.8171091,45.34233814716589,51.272727272727266,40.0978792822186,0.03517878433911855,1075.0857419475028,1,1,38,770.472,20333.4,0,0,1187
36081139900,"Queens County, NY",40.7498677,-73.7624754,2.893029963433799,0.1322314049586777,63.2952691680261,0.03502035617886558,1070.2440778760829,1,1,38,770.472,20333.4,0,0,1188
36061024100,"New York County, NY",40.8351464,-73.9480107,25.888839779535086,99.2396694214876,6.753670473083197,0.03470825029729309,1060.705926130361,13,0,38,0.0,20333.4,0,0,1189
36081063500,"Queens County, NY",40.7047392,-73.8669609,32.750745450631,26.24793388429752,40.864600326264274,0.03446205856387968,1053.1821521469667,1,1,38,770.472,20333.4,0,0,1190
36081119900,"Queens County, NY",40.7534619,-73.8095776,6.472678616176657,1.2892561983471074,32.49592169657423,0.03441080770492798,1051.6158937114735,1,1,38,770.472,20333.4,0,0,1191
36081119500,"Queens County, NY",40.7548673,-73.799471,21.473499621884695,11.537190082644628,39.9673735725938,0.034187574329906344,1044.7937415785555,1,1,38,770.472,20333.4,0,0,1192
36081072100,"Queens County, NY",40.7311859,-73.8537376,31.628497541620963,25.09090909090909,39.8694942903752,0.03415056638797362,1043.6627556318226,1,1,38,770.472,20333.4,0,0,1193
36081143500,"Queens County, NY",40.7529118,-73.7702818,9.28895939780555,1.322314049586777,65.25285481239804,0.03376377138440616,1031.8420574125978,1,1,38,770.472,20333.4,0,0,1194
36081145101,"Queens County, NY",40.755138,-73.7846965,19.487259414685127,5.917355371900826,64.17618270799348,0.03371262413017166,1030.278965202327,1,1,38,770.472,20333.4,0,0,1195
36081006202,"Queens County, NY",40.6648771,-73.854407,57.07632829785918,49.45454545454545,65.87275693311582,0.03359507806213019,1026.6866835431551,1,1,38,770.472,20333.4,0,0,1196
36081089201,"Queens County, NY",40.6564324,-73.8449504,57.513456826642596,42.18181818181818,78.41761827079935,0.03350543799753254,1023.9472268744089,1,1,38,770.472,20333.4,0,0,1197
36081120100,"Queens County, NY",40.7532121,-73.8140593,34.55052766046795,30.876033057851238,38.66231647634584,0.033429083708548524,1021.6137918519834,1,1,38,770.472,20333.4,0,0,1198
36061019500,"New York County, NY",40.804003,-73.9705048,26.657897434186566,81.88429752066115,8.67862969004894,0.03309739262619124,1011.4771040706231,8,0,38,0.0,20333.4,0,0,1199
36061026500,"New York County, NY",40.8496217,-73.9401308,32.30752291808287,80.99173553719008,12.887438825448614,0.03301761692252513,1009.0391084668383,12,0,38,0.0,20333.4,0,0,1200
36081074500,"Queens County, NY",40.7361049,-73.8508368,54.93271985115035,66.87603305785123,45.12234910277325,0.032127209147770945,981.8276876874977,1,1,38,770.472,20333.4,0,0,1201
36047120803,"Kings County, NY",40.6716653,-73.8612583,50.617073121171245,48.0,53.376835236541595,0.03209018533438741,980.6962166992605,1,1,38,770.472,20333.4,0,0,1202
36081137700,"Queens County, NY",40.7471258,-73.7500459,43.86194103988365,28.694214876033058,67.04730831973899,0.03182175725228327,972.4928859352816,1,1,38,770.472,20333.4,0,0,1203
36081069702,"Queens County, NY",40.722253,-73.8628711,33.88003891566808,31.272727272727273,36.7047308319739,0.0317570197592625,970.5144674929289,1,1,38,770.472,20333.4,0,0,1204
36047120200,"Kings County, NY",40.6763414,-73.864364,12.854871903460399,3.8677685950413223,42.72430668841762,0.03172802583387377,969.6283949246439,1,1,38,770.472,20333.4,0,0,1205
36081066402,"Queens County, NY",40.6562263,-73.7376521,43.558584099380504,26.578512396694215,71.38662316476346,0.03158002472624354,965.1053881296433,1,1,38,770.472,20333.4,0,0,1206
36047118202,"Kings County, NY",40.6886646,-73.869002,44.58918215617625,48.36363636363637,41.109298531810765,0.03153313773857145,963.6724923409994,1,1,38,770.472,20333.4,0,0,1207
36047118800,"Kings County, NY",40.6790411,-73.8659138,43.02015603152485,43.735537190082646,42.31647634584013,0.03146261167626194,961.5171715859173,1,1,38,770.472,20333.4,0,0,1208
36061023300,"New York County, NY",40.8289458,-73.9513615,34.22770418867159,89.32231404958678,13.115823817292007,0.03140613068168383,959.7910769211164,14,0,38,0.0,20333.4,0,0,1209
36081069701,"Queens County, NY",40.7268771,-73.8602046,27.39524608225285,20.826446280991735,36.03588907014682,0.03131294579470666,956.9432882542765,1,1,38,770.472,20333.4,0,0,1210
36061018300,"New York County, NY",40.7967863,-73.9769266,25.21903294149373,75.70247933884298,8.401305057096248,0.031038057990643804,948.5425443304846,8,0,38,0.0,20333.4,0,0,1211
36081119300,"Queens County, NY",40.7571846,-73.7996267,29.42586710786415,21.454545454545453,40.35889070146819,0.030595375835193454,935.0138996521624,1,1,38,770.472,20333.4,0,0,1212
36047118600,"Kings County, NY",40.6814659,-73.867781,33.575605168842344,27.206611570247937,41.435562805872756,0.030494967566599487,931.9453599067747,1,1,38,770.472,20333.4,0,0,1213
36081066000,"Queens County, NY",40.6585743,-73.7333631,11.576965410068157,1.8512396694214877,72.39804241435563,0.030405142298424146,929.2002433003848,1,1,38,770.472,20333.4,0,0,1214
36081119100,"Queens County, NY",40.756665,-73.8065111,34.370342252737544,33.15702479338843,35.62805872756933,0.030288265322381804,925.6284095129013,1,1,38,770.472,20333.4,0,0,1215
36061019100,"New York County, NY",40.8015611,-73.9722959,22.23706842926774,79.76859504132231,6.199021207177815,0.030132035855402636,920.8539388887248,8,0,38,0.0,20333.4,0,0,1216
36061017900,"New York County, NY",40.7944258,-73.9789459,29.09357840341381,84.23140495867769,10.048939641109298,0.02986892156198835,912.8130008442074,7,0,38,0.0,20333.4,0,0,1217
36047118400,"Kings County, NY",40.6843041,-73.86941,51.55156974157202,64.59504132231405,41.141924959216965,0.029754963906688955,909.3303833319839,1,1,38,770.472,20333.4,0,0,1218
36081079702,"Queens County, NY",40.7513617,-73.8293898,55.35870090338008,67.14049586776859,45.64437194127243,0.029271370880216196,894.5514767428789,1,1,38,770.472,20333.4,0,0,1219
36081063302,"Queens County, NY",40.7053937,-73.8714054,38.63203559431484,40.231404958677686,37.09624796084829,0.02915686639649254,891.0521478105975,1,1,38,770.472,20333.4,0,0,1220
36081071900,"Queens County, NY",40.7346875,-73.8556228,56.335451947759374,71.73553719008264,44.241435562805876,0.029145232552693856,890.6966102379674,1,1,38,770.472,20333.4,0,0,1221
36081118900,"Queens County, NY",40.7565055,-73.8126136,28.776965338758338,21.619834710743802,38.30342577487765,0.0289725049456243,885.4179460916712,1,1,38,770.472,20333.4,0,0,1222
36081079701,"Queens County, NY",40.7533454,-73.824756,48.66651294705857,53.652892561983464,44.143556280587276,0.028876006011762562,882.4688780707924,1,1,38,770.472,20333.4,0,0,1223
36081043701,"Queens County, NY",40.7391491,-73.8510991,55.13611676136914,68.56198347107438,44.33931484502447,0.028758114503308983,878.8660395356873,1,1,38,770.472,20333.4,0,0,1224
36081144700,"Queens County, NY",40.7568672,-73.7724538,44.70759849863361,30.14876033057851,66.29690048939642,0.028547438785971744,872.4276573079089,1,1,38,770.472,20333.4,0,0,1225
36047120802,"Kings County, NY",40.6715379,-73.8647469,59.47549587543462,66.84297520661157,52.92006525285481,0.028324830250148456,865.6246006532962,1,1,38,770.472,20333.4,0,0,1226
36081085900,"Queens County, NY",40.7549868,-73.8207972,52.01416038895051,64.23140495867769,42.12071778140294,0.02828892310421396,864.5272557235774,1,1,38,770.472,20333.4,0,0,1227
36081065600,"Queens County, NY",40.6598267,-73.7295592,48.32636364678346,32.099173553719005,72.75693311582381,0.028230922847317826,862.7547314482291,1,1,38,770.472,20333.4,0,0,1228
36081071701,"Queens County, NY",40.7313333,-73.859881,50.60219247122988,58.8099173553719,43.539967373572594,0.028060004596526324,857.5313623660799,1,1,38,770.472,20333.4,0,0,1229
36047118201,"Kings County, NY",40.6879085,-73.8718976,38.21619463337071,36.36363636363637,40.16313213703099,0.02798608786228702,855.2724205474556,1,1,38,770.472,20333.4,0,0,1230
36047120000,"Kings County, NY",40.6748774,-73.8672723,47.14478631263993,52.72727272727272,42.15334420880914,0.027710813804688098,846.8598724730314,1,1,38,770.472,20333.4,0,0,1231
36061027300,"New York County, NY",40.8539791,-73.9373845,30.382406298498207,57.15702479338843,16.150081566068515,0.027406972760723743,837.5742993549949,10,0,38,0.0,20333.4,0,0,1232
36081144100,"Queens County, NY",40.7556677,-73.7638129,7.341510710709146,0.859504132231405,62.70799347471452,0.027277305806947743,833.6115958157674,1,1,38,770.472,20333.4,0,0,1233
36081118100,"Queens County, NY",40.7594996,-73.7873594,19.62568848742096,5.983471074380165,64.37194127243066,0.027227974869685923,832.1040113928425,1,1,38,770.472,20333.4,0,0,1234
36081086100,"Queens County, NY",40.7568129,-73.8178758,44.43696819931982,48.49586776859504,40.717781402936374,0.02676386576662741,817.9205457393289,1,1,38,770.472,20333.4,0,0,1235
36081069300,"Queens County, NY",40.7288894,-73.8632273,38.550300636382694,42.8099173553719,34.71451876019576,0.026686227200250212,815.5478623932318,1,1,38,770.472,20333.4,0,0,1236
36081062100,"Queens County, NY",40.7100147,-73.8726646,45.19384231774738,57.22314049586777,35.69331158238173,0.02656205300305942,811.7530209447411,1,1,38,770.472,20333.4,0,0,1237
36081146300,"Queens County, NY",40.7594665,-73.7811007,29.696699322128968,13.983471074380166,63.066884176182704,0.026549392486358563,811.3661076034622,1,1,38,770.472,20333.4,0,0,1238
36081118500,"Queens County, NY",40.7594676,-73.8038068,31.476931082179608,28.595041322314053,34.64926590538336,0.026508837410618057,810.1267190199364,1,1,38,770.472,20333.4,0,0,1239
36081063301,"Queens County, NY",40.7044837,-73.8745715,19.722366193155246,10.644628099173554,36.541598694942905,0.02562060968178706,782.981921813094,1,1,38,770.472,20333.4,0,0,1240
36081157102,"Queens County, NY",40.7349892,-73.7250512,4.332704646509013,0.3305785123966942,56.7862969004894,0.02510420823099838,767.2003691729544,1,1,38,770.472,20333.4,0,0,1241
36047119000,"Kings County, NY",40.6790596,-73.8716311,51.06013482204073,64.13223140495867,40.65252854812398,0.02508557090698422,766.6308008467005,1,1,38,770.472,20333.4,0,0,1242
36081066401,"Queens County, NY",40.647178,-73.7430504,15.498093593933117,3.5702479338842976,67.27569331158239,0.02503819150200127,765.1828564757951,1,1,38,770.472,20333.4,0,0,1243
36047121400,"Kings County, NY",40.6674943,-73.8651792,66.08336535447998,83.60330578512396,52.23491027732463,0.024996681390518503,763.914281400216,1,1,38,770.472,20333.4,0,0,1244
36081043702,"Queens County, NY",40.7381114,-73.8565503,55.93858858281537,73.52066115702479,42.56117455138662,0.024992169097792373,763.7763829007514,1,1,38,770.472,20333.4,0,0,1245
36047117602,"Kings County, NY",40.686235,-73.8744475,34.34034506532965,30.082644628099175,39.200652528548126,0.02458152009271341,751.2266914148407,1,1,38,770.472,20333.4,0,0,1246
36081138501,"Queens County, NY",40.7555383,-73.7573134,22.99744502007481,7.6033057851239665,69.55954323001632,0.024522112244468437,749.411150263894,1,1,38,770.472,20333.4,0,0,1247
36047122000,"Kings County, NY",40.6637638,-73.8628672,59.19204887864857,54.18181818181819,64.66557911908646,0.024374715768036403,744.9066213780231,1,1,38,770.472,20333.4,0,0,1248
36081085700,"Queens County, NY",40.7570602,-73.8230578,53.62902093080063,66.47933884297521,43.2626427406199,0.02433552624659045,743.7089649913174,1,1,38,770.472,20333.4,0,0,1249
36081069500,"Queens County, NY",40.7260562,-73.8675083,39.758631641330005,46.743801652892564,33.817292006525285,0.02431342738368006,743.0336098625219,1,1,38,770.472,20333.4,0,0,1250
36081117500,"Queens County, NY",40.7614714,-73.7964295,43.857367084916326,34.84297520661157,55.20391517128874,0.024233841281467373,740.6014085982249,1,1,38,770.472,20333.4,0,0,1251
36081118700,"Queens County, NY",40.7596321,-73.8128802,33.00122622592622,28.264462809917358,38.531810766721044,0.024202602968187603,739.646746126497,1,1,38,770.472,20333.4,0,0,1252
36047120801,"Kings County, NY",40.6709738,-73.8684517,44.77331426603605,38.11570247933884,52.59380097879283,0.02401655576683944,733.9610268142401,1,1,38,770.472,20333.4,0,0,1253
36081156700,"Queens County, NY",40.7405076,-73.7297159,44.97703205445756,36.132231404958674,55.98694942903752,0.02399458050197904,733.2894489194728,1,1,38,770.472,20333.4,0,0,1254
36081071702,"Queens County, NY",40.733477,-73.8628305,37.748192688638014,34.28099173553719,41.56606851549755,0.023341018101472162,713.3161715178259,1,1,38,770.472,20333.4,0,0,1255
36047117800,"Kings County, NY",40.6816514,-73.8742881,40.90333968504144,42.3801652892562,39.47797716150082,0.02319968722663592,708.9970112259663,1,1,38,770.472,20333.4,0,0,1256
36081067700,"Queens County, NY",40.7191106,-73.8724306,32.6088453293274,29.818181818181817,35.66068515497553,0.023130678724504465,706.888068062965,1,1,38,770.472,20333.4,0,0,1257
36081084901,"Queens County, NY",40.753948,-73.8340605,44.180574991252,41.98347107438016,46.492659053833606,0.023126670236130728,706.7655661409025,1,1,38,770.472,20333.4,0,0,1258
36081161700,"Queens County, NY",40.7288225,-73.7176109,19.24290670424479,6.24793388429752,59.26590538336052,0.02281114462212861,697.1229052245131,1,1,38,770.472,20333.4,0,0,1259
36061013501,"New York County, NY",40.7688215,-73.9973665,31.106591318540044,83.07438016528926,11.64763458401305,0.022800539878469053,696.7988175984174,6,0,38,0.0,20333.4,0,0,1260
36081066403,"Queens County, NY",40.6513457,-73.7335193,36.93885837368294,19.93388429752066,68.45024469820554,0.022772164848166816,695.9316588526463,1,1,38,770.472,20333.4,0,0,1261
36081067900,"Queens County, NY",40.7241179,-73.8701838,46.23963842734709,64.62809917355372,33.08319738988581,0.022738101963849462,694.8906757161576,1,1,38,770.472,20333.4,0,0,1262
36081146700,"Queens County, NY",40.7612034,-73.7732141,26.687396164560415,11.47107438016529,62.08809135399673,0.02222721878628057,679.2777649711322,1,1,38,770.472,20333.4,0,0,1263
36081085300,"Queens County, NY",40.757152,-73.8276531,47.8004065283629,50.71074380165289,45.05709624796085,0.02210231453019292,675.4606124642712,1,1,38,770.472,20333.4,0,0,1264
36081043900,"Queens County, NY",40.7418688,-73.8558125,57.75445521158728,79.93388429752066,41.72920065252855,0.021831323140655112,667.1789454153427,1,1,38,770.472,20333.4,0,0,1265
36047119600,"Kings County, NY",40.6758956,-73.8731634,54.79268701584108,74.14876033057851,40.48939641109299,0.02181035638084968,666.5381880684042,1,1,38,770.472,20333.4,0,0,1266
36081084902,"Queens County, NY",40.7562617,-73.8308263,53.25490933229582,61.38842975206612,46.199021207177815,0.021745965372738082,664.570358422471,1,1,38,770.472,20333.4,0,0,1267
36081065703,"Queens County, NY",40.7151186,-73.8752977,28.79694459320449,23.371900826446282,35.48123980424144,0.02174238800203531,664.4610317271784,1,1,38,770.472,20333.4,0,0,1268
36081042700,"Queens County, NY",40.7437159,-73.8538128,53.781741313427,68.99173553719008,41.92495921696574,0.0215699569109259,659.1914292948385,1,1,38,770.472,20333.4,0,0,1269
36061017100,"New York County, NY",40.7888333,-73.9828254,21.53441448565136,70.01652892561984,6.623164763458401,0.02155822454782011,658.8328809103123,6,0,38,0.0,20333.4,0,0,1270
36081061900,"Queens County, NY",40.7097907,-73.8770975,45.67309169732126,60.66115702479339,34.38825448613377,0.02151176992394666,657.4131984308826,1,1,38,770.472,20333.4,0,0,1271
36081062300,"Queens County, NY",40.7043812,-73.8781847,43.230414360918076,52.79338842975206,35.39967373572594,0.02141354697112154,654.4114433077858,1,1,38,770.472,20333.4,0,0,1272
36047117601,"Kings County, NY",40.6847798,-73.8768792,27.64497551530037,19.867768595041323,38.466557911908644,0.021341162952992838,652.1993422560589,1,1,38,770.472,20333.4,0,0,1273
36081045500,"Queens County, NY",40.7363109,-73.8623266,58.57476125391358,84.3305785123967,40.68515497553018,0.021326435178829227,651.7492522284648,1,1,38,770.472,20333.4,0,0,1274
36061028700,"New York County, NY",40.8635566,-73.9324786,28.26162080444759,78.84297520661157,10.130505709624796,0.021323131265804738,651.648282571554,7,0,38,0.0,20333.4,0,0,1275
36061017500,"New York County, NY",40.7915227,-73.9798883,21.709899872421698,64.92561983471074,7.259380097879283,0.020905622652730865,638.888957157433,6,0,38,0.0,20333.4,0,0,1276
36081116700,"Queens County, NY",40.7621734,-73.8124434,36.70864068983786,34.942148760330575,38.564437194127244,0.020499661234947713,626.4825212831228,1,1,38,770.472,20333.4,0,0,1277
36081066301,"Queens County, NY",40.7234528,-73.8727283,28.89299426790558,25.586776859504134,32.62642740619902,0.020400087673308614,623.4394907064782,1,1,38,770.472,20333.4,0,0,1278
36081117100,"Queens County, NY",40.7632564,-73.8057125,21.70880687299267,13.024793388429753,36.182707993474715,0.020372852282412996,622.6071600566755,1,1,38,770.472,20333.4,0,0,1279
36081085500,"Queens County, NY",40.7596421,-73.8236352,58.736070551651395,78.41322314049587,43.99673735725938,0.020361412269506156,622.2575460778273,1,1,38,770.472,20333.4,0,0,1280
36081113900,"Queens County, NY",40.7642305,-73.7906266,33.489935436661426,17.619834710743802,63.654159869494286,0.020056191915529525,612.9298203795986,1,1,38,770.472,20333.4,0,0,1281
36081044301,"Queens County, NY",40.7407369,-73.8594604,59.310042125217684,87.37190082644628,40.26101141924959,0.019763394352267486,603.9817429672147,1,1,38,770.472,20333.4,0,0,1282
36081113300,"Queens County, NY",40.7641494,-73.7831519,15.952621532787404,4.0,63.621533442088094,0.019636180064173395,600.0939944315191,1,1,38,770.472,20333.4,0,0,1283
36081086300,"Queens County, NY",40.7612685,-73.8199413,55.89144561909697,74.0495867768595,42.18597063621534,0.019447511385739347,594.3281611332101,1,1,38,770.472,20333.4,0,0,1284
36081068700,"Queens County, NY",40.7303105,-73.8692955,34.58834182275281,36.595041322314046,32.69168026101142,0.01939793648640734,592.8131210762101,1,1,38,770.472,20333.4,0,0,1285
36047121000,"Kings County, NY",40.6700908,-73.8722448,81.19382119914958,91.63636363636364,71.94127243066885,0.019396813829498493,592.7788119760387,1,1,38,770.472,20333.4,0,0,1286
36061003100,"New York County, NY",40.715311,-74.0038151,27.958379038045287,80.39669421487604,9.722675367047309,0.018999715865228757,580.6432488074148,5,0,38,0.0,20333.4,0,0,1287
36081147100,"Queens County, NY",40.7614709,-73.7634353,29.488020700553317,13.75206611570248,63.230016313213696,0.01866499502859573,570.4139698326791,1,1,38,770.472,20333.4,0,0,1288
36061009700,"New York County, NY",40.7496396,-73.999034,31.22808238709915,84.79338842975207,11.500815660685156,0.01858402054039847,567.9393386207765,4,0,38,0.0,20333.4,0,0,1289
36061004700,"New York County, NY",40.722419,-74.0028628,13.427688021514241,48.264462809917354,3.735725938009788,0.018549430324163566,566.8822398897191,5,0,38,0.0,20333.4,0,0,1290
36081116302,"Queens County, NY",40.7626227,-73.8173536,42.96994706726189,45.057851239669425,40.97879282218597,0.018348495725422687,560.741552363742,1,1,38,770.472,20333.4,0,0,1291
34031216702,"Passaic County, NJ",41.0952923,-74.2947386,57.84046385558786,33.553719008264466,99.7063621533442,0.017917616826153428,547.5736226068486,1,0,38,0.0,20333.4,0,0,1292
36047117400,"Kings County, NY",40.6828584,-73.8797862,49.96618920734956,66.28099173553719,37.66721044045677,0.0173706915196329,530.8592417663303,1,1,38,770.472,20333.4,0,0,1293
36047119200,"Kings County, NY",40.6771101,-73.8781574,49.96752750830314,49.35537190082645,50.58727569331158,0.016861069214029772,515.2848640604161,1,1,38,770.472,20333.4,0,0,1294
36081087100,"Queens County, NY",40.7589475,-73.833256,56.332063126302096,70.94214876033058,44.73083197389886,0.01674540143147399,511.74998398526446,1,1,38,770.472,20333.4,0,0,1295
36081112900,"Queens County, NY",40.7654009,-73.7768169,22.05834501914761,7.570247933884297,64.27406199021208,0.016685367815095813,509.91531896717987,1,1,38,770.472,20333.4,0,0,1296
36081157101,"Queens County, NY",40.7385003,-73.7195555,47.661550195030166,43.570247933884296,52.13703099510604,0.016684448484037693,509.88722363269676,1,1,38,770.472,20333.4,0,0,1297
36061028100,"New York County, NY",40.8570577,-73.9345343,23.447953714016887,39.00826446280992,14.094616639477978,0.016589738623037184,506.9928308020084,7,0,38,0.0,20333.4,0,0,1298
36081062500,"Queens County, NY",40.704132,-73.8824139,35.83630695653521,37.48760330578512,34.257748776508976,0.016503205668691512,504.34832937385147,1,1,38,770.472,20333.4,0,0,1299
36081044302,"Queens County, NY",40.7398122,-73.8640628,53.260539305564414,73.12396694214875,38.792822185970635,0.016448981221036187,502.6911962001393,1,1,38,770.472,20333.4,0,0,1300
36081062900,"Queens County, NY",40.7009309,-73.8829632,41.17985436191783,49.785123966942145,34.06199021207178,0.01618666621507087,494.6746848820209,1,1,38,770.472,20333.4,0,0,1301
36081041500,"Queens County, NY",40.7466051,-73.856599,52.16629480852159,68.03305785123966,40.0,0.016095733310666615,491.89571821687156,1,1,38,770.472,20333.4,0,0,1302
36081068300,"Queens County, NY",40.7349758,-73.8690861,35.58562641283686,32.892561983471076,38.499184339314844,0.015915793489155873,486.3966442679273,1,1,38,770.472,20333.4,0,0,1303
36047119400,"Kings County, NY",40.6725527,-73.8770602,59.404838082358005,69.02479338842976,51.125611745513865,0.015693334521516708,479.5981585109513,1,1,38,770.472,20333.4,0,0,1304
36081086500,"Queens County, NY",40.7626869,-73.8251718,51.89602869532168,62.67768595041322,42.96900489396411,0.01531024635761365,467.89074363979415,1,1,38,770.472,20333.4,0,0,1305
36061023700,"New York County, NY",40.8306255,-73.94856,33.0949407025275,98.44628099173553,11.125611745513867,0.015100602100525483,461.48388348499236,4,0,38,0.0,20333.4,0,0,1306
36061016700,"New York County, NY",40.7861484,-73.9838791,20.046364765794777,57.421487603305785,6.99836867862969,0.015100034491947429,461.4665370103845,5,0,38,0.0,20333.4,0,0,1307
36081050500,"Queens County, NY",40.7290799,-73.8747522,8.15665053309593,2.1487603305785123,30.962479608482873,0.01461105016303851,446.5228688330515,1,1,38,770.472,20333.4,0,0,1308
36047111800,"Kings County, NY",40.6687567,-73.876018,59.38261086993678,49.48760330578512,71.25611745513866,0.014503873993047997,443.2474977706918,1,1,38,770.472,20333.4,0,0,1309
36081109900,"Queens County, NY",40.7679453,-73.7864943,18.521344168998283,5.223140495867769,65.67699836867862,0.014102706039426746,430.9875531715013,1,1,38,770.472,20333.4,0,0,1310
36081041300,"Queens County, NY",40.7447361,-73.8613081,54.595853921767684,77.68595041322314,38.36867862969005,0.014064748384146002,429.8275433884256,1,1,38,770.472,20333.4,0,0,1311
36081112300,"Queens County, NY",40.766292,-73.7712453,35.04486917106208,18.380165289256198,66.81892332789559,0.014023857069433465,428.57787913075396,1,1,38,770.472,20333.4,0,0,1312
36081039901,"Queens County, NY",40.7507591,-73.8533419,37.14422457715789,34.3801652892562,40.1305057096248,0.014012857752751106,428.2417331052865,1,1,38,770.472,20333.4,0,0,1313
36081067100,"Queens County, NY",40.7244752,-73.8781025,19.741606677365972,12.694214876033058,30.701468189233278,0.013961338661619176,426.6672773259138,1,1,38,770.472,20333.4,0,0,1314
36081152901,"Queens County, NY",40.7523301,-73.7336543,35.008688067324364,21.289256198347108,57.56933115823817,0.013921367724465636,425.44574038444915,1,1,38,770.472,20333.4,0,0,1315
36081116301,"Queens County, NY",40.7648758,-73.8208503,47.25584065084244,53.223140495867774,41.95758564437194,0.013802791248649453,421.82196881657825,1,1,38,770.472,20333.4,0,0,1316
36081065702,"Queens County, NY",40.7133356,-73.8829609,35.65790025571418,37.98347107438016,33.474714518760194,0.013667038375740409,417.6732757666415,1,1,38,770.472,20333.4,0,0,1317
36081065900,"Queens County, NY",40.7155449,-73.8824808,28.066898631808108,23.834710743801654,33.05057096247961,0.013416843886996642,410.02717506659076,1,1,38,770.472,20333.4,0,0,1318
36081066100,"Queens County, NY",40.7175103,-73.8817903,25.126538589738633,19.206611570247933,32.87112561174552,0.01339974824635822,409.50472155248826,1,1,38,770.472,20333.4,0,0,1319
36081114700,"Queens County, NY",40.7682675,-73.8019551,12.016329067757116,4.132231404958678,34.94290375203915,0.013235851045853692,404.49592017638184,1,1,38,770.472,20333.4,0,0,1320
36081045700,"Queens County, NY",40.7377217,-73.8698383,36.4436906141099,35.30578512396694,37.61827079934747,0.012843806398365645,392.51478954212763,1,1,38,770.472,20333.4,0,0,1321
36047116800,"Kings County, NY",40.6789908,-73.882516,23.178373540576956,10.87603305785124,49.39641109298532,0.012789247961660977,390.8474494533199,1,1,38,770.472,20333.4,0,0,1322
36047117202,"Kings County, NY",40.6827365,-73.8837649,53.76875453312565,59.074380165289256,48.939641109298535,0.012767262081099877,390.1755471360725,1,1,38,770.472,20333.4,0,0,1323
36081040101,"Queens County, NY",40.7497559,-73.856583,42.475969679522464,46.31404958677686,38.95595432300163,0.012605579680828026,385.2344314459881,1,1,38,770.472,20333.4,0,0,1324
36081114100,"Queens County, NY",40.7690969,-73.7966895,7.089642707391465,0.8925619834710744,56.31321370309951,0.012416227653939824,379.44771458977203,1,1,38,770.472,20333.4,0,0,1325
36081115500,"Queens County, NY",40.7678382,-73.8117913,29.856112139467374,22.710743801652892,39.24959216965742,0.012101039827630614,369.8153766774112,1,1,38,770.472,20333.4,0,0,1326
36081062700,"Queens County, NY",40.7037717,-73.8864539,41.35654252231014,49.22314049586777,34.74714518760196,0.011821839547941403,361.2828407902104,1,1,38,770.472,20333.4,0,0,1327
36081115700,"Queens County, NY",40.767573,-73.8151695,38.50660224085282,36.56198347107438,40.55464926590538,0.011613336302516675,354.9108506684073,1,1,38,770.472,20333.4,0,0,1328
36047111600,"Kings County, NY",40.6638632,-73.8756883,62.55439168565193,55.04132231404959,71.09298531810767,0.011458457786428702,350.1776659518731,1,1,38,770.472,20333.4,0,0,1329
36081041100,"Queens County, NY",40.7437912,-73.8654187,46.021075736181864,56.79338842975207,37.29200652528548,0.01135933728919417,347.1484813079599,1,1,38,770.472,20333.4,0,0,1330
36081040301,"Queens County, NY",40.748896,-73.8595144,53.0698978614447,73.68595041322314,38.22185970636215,0.011165455427825773,341.2233298652586,1,1,38,770.472,20333.4,0,0,1331
36047116600,"Kings County, NY",40.6745628,-73.8822051,60.34278472524164,72.99173553719008,49.88580750407831,0.011101379369593958,339.2651252854426,1,1,38,770.472,20333.4,0,0,1332
36081115100,"Queens County, NY",40.7690541,-73.8079843,4.7516908911116476,0.5950413223140496,37.94453507340946,0.011078851562919748,338.57666136584487,1,1,38,770.472,20333.4,0,0,1333
36085016901,"Richmond County, NY",40.6123868,-74.1094587,32.58488974102621,18.049586776859506,58.82544861337684,0.0110673155047378,338.2241121830723,2,0,38,0.0,20333.4,0,0,1334
36061013502,"New York County, NY",40.7714265,-73.9956189,32.13988341224603,87.70247933884298,11.778140293637847,0.010845542561266651,331.4465917554993,2,0,38,0.0,20333.4,0,0,1335
36081047500,"Queens County, NY",40.7336372,-73.8756505,36.23642289012202,43.60330578512397,30.1141924959217,0.010368811126190595,316.87737970860906,1,0,38,0.0,20333.4,0,0,1336
36081039902,"Queens County, NY",40.7535594,-73.8539819,52.74059776295419,70.8099173553719,39.282218597063626,0.010230869963179113,312.661811138879,1,0,38,0.0,20333.4,0,0,1337
36081045900,"Queens County, NY",40.7398775,-73.8706805,36.434455730760526,36.19834710743802,36.672104404567705,0.010131768435283808,309.63320620988543,1,0,38,0.0,20333.4,0,0,1338
36047116400,"Kings County, NY",40.6705099,-73.8811822,31.024846274867187,19.107438016528924,50.375203915171284,0.010017442049861144,306.1393200735295,1,0,38,0.0,20333.4,0,0,1339
36081040501,"Queens County, NY",40.7483492,-73.8622229,36.34727497854526,35.50413223140496,37.21044045676998,0.009479775591938439,289.70789546078805,1,0,38,0.0,20333.4,0,0,1340
36081109700,"Queens County, NY",40.7703466,-73.7773131,9.441897105366246,1.3553719008264462,65.77487765089722,0.009219885126402524,281.76547962082213,1,0,38,0.0,20333.4,0,0,1341
36081116100,"Queens County, NY",40.7668601,-73.8256989,42.25976321665079,44.429752066115704,40.19575856443719,0.009039170287036902,276.24272063951554,1,0,38,0.0,20333.4,0,0,1342
36081111300,"Queens County, NY",40.7679197,-73.7626797,11.067318580423235,1.9173553719008265,63.882544861337685,0.008903448960179904,272.0949916567405,1,0,38,0.0,20333.4,0,0,1343
36081157903,"Queens County, NY",40.7338281,-73.7076609,12.322497004594567,2.7768595041322315,54.68189233278956,0.008834278415943751,269.98109638525597,1,0,38,0.0,20333.4,0,0,1344
36081050700,"Queens County, NY",40.7270209,-73.8815871,37.8947848963194,48.95867768595041,29.33115823817292,0.008664219843434183,264.783999611287,1,0,38,0.0,20333.4,0,0,1345
36081040102,"Queens County, NY",40.7526825,-73.8574595,54.24750300099028,77.15702479338843,38.14029363784665,0.008573250079480225,262.0039064951506,1,0,38,0.0,20333.4,0,0,1346
36061016300,"New York County, NY",40.7832251,-73.9850648,24.642893255316743,67.43801652892562,9.00489396411093,0.008554642364015083,261.43524302474907,3,0,38,0.0,20333.4,0,0,1347
36047107001,"Kings County, NY",40.6542169,-73.8707183,61.84418153249927,51.80165289256199,73.83360522022838,0.008381003239586092,256.12872233550877,1,0,38,0.0,20333.4,0,0,1348
36047112000,"Kings County, NY",40.6666275,-73.8805197,56.860316573380935,45.98347107438017,70.30995106035888,0.008314787824360688,254.10513766243616,1,0,38,0.0,20333.4,0,0,1349
36081115900,"Queens County, NY",40.7686397,-73.8207551,42.67465624753471,45.752066115702476,39.8042414355628,0.008271408044328455,252.77942434181946,1,0,38,0.0,20333.4,0,0,1350
36047117000,"Kings County, NY",40.6776,-73.886181,56.01931829243094,64.72727272727272,48.482871125611744,0.008058527565587394,246.2736632209334,1,0,38,0.0,20333.4,0,0,1351
36081046100,"Queens County, NY",40.7417149,-73.8712653,29.69996786789502,24.826446280991735,35.53017944535073,0.007913612937966113,241.84498119333904,1,0,38,0.0,20333.4,0,0,1352
36081040701,"Queens County, NY",40.7480508,-73.8644943,52.93629146295698,76.89256198347107,36.443719412724306,0.007844984806699708,239.7476624028495,1,0,38,0.0,20333.4,0,0,1353
36047117201,"Kings County, NY",40.6808117,-73.8875148,37.36955119448753,29.057851239669418,48.058727569331154,0.007805433606588621,238.53895288900029,1,0,38,0.0,20333.4,0,0,1354
36061002901,"New York County, NY",40.7133674,-74.0018801,23.734779538703382,80.49586776859505,6.99836867862969,0.007802029044074385,238.43490732047408,2,0,38,0.0,20333.4,0,0,1355
36081086900,"Queens County, NY",40.7652626,-73.83371,26.530510441884793,17.1900826446281,40.94616639477977,0.007713748087435504,235.73698584447786,1,0,38,0.0,20333.4,0,0,1356
36081057900,"Queens County, NY",40.7034917,-73.8900443,45.667589124300434,62.54545454545455,33.3442088091354,0.007650099496044832,233.79184491977963,1,0,38,0.0,20333.4,0,0,1357
36047107800,"Kings County, NY",40.6588417,-73.8759589,46.552829665595446,30.909090909090907,70.1141924959217,0.007286345123609542,222.67528285764553,1,0,38,0.0,20333.4,0,0,1358
36081108500,"Queens County, NY",40.7724453,-73.789072,25.18832843802007,9.421487603305785,67.34094616639477,0.007282566363565608,222.55980157761286,1,0,38,0.0,20333.4,0,0,1359
36081057700,"Queens County, NY",40.7003929,-73.8907145,50.77166256115685,78.14876033057851,32.98531810766721,0.007117759247882207,217.5231926222064,1,0,38,0.0,20333.4,0,0,1360
36061004900,"New York County, NY",40.7250607,-74.0004801,11.855028745258329,59.008264462809926,2.3817292006525284,0.007043061913695161,215.24039517895645,1,0,38,0.0,20333.4,0,0,1361
36081047300,"Queens County, NY",40.7372204,-73.8762312,36.712489481190765,38.21487603305785,35.26916802610114,0.006958956618500154,212.6700845390322,1,0,38,0.0,20333.4,0,0,1362
34003002200,"Bergen County, NJ",41.0094214,-73.9419844,28.26409177667789,10.776859504132231,74.12724306688418,0.006909444075442219,211.1569501289282,2,0,38,0.0,20333.4,0,0,1363
36081040901,"Queens County, NY",40.7475018,-73.8662721,33.64971217070054,31.636363636363633,35.791190864600324,0.00686165174163988,209.69638639397968,1,0,38,0.0,20333.4,0,0,1364
36061015900,"New York County, NY",40.7806226,-73.9874341,20.70000365707218,63.1404958677686,6.786296900489397,0.006774084345342541,207.02027177014233,1,0,38,0.0,20333.4,0,0,1365
36081157902,"Queens County, NY",40.7415838,-73.7119991,15.004994247654913,4.661157024793389,48.30342577487765,0.006696693214892569,204.65515022137285,1,0,38,0.0,20333.4,0,0,1366
34039038800,"Union County, NJ",40.6365984,-74.4037831,63.08037877418147,43.933884297520656,90.57096247960848,0.006384135037310185,195.1031760255432,1,0,38,0.0,20333.4,0,0,1367
36081066501,"Queens County, NY",40.7193458,-73.887358,35.53291057711336,41.256198347107436,30.603588907014682,0.006325491253723375,193.3109851703883,1,0,38,0.0,20333.4,0,0,1368
36081040302,"Queens County, NY",40.7520503,-73.8611634,53.51503355647362,77.85123966942149,36.7862969004894,0.006322146282364857,193.20876074500455,1,0,38,0.0,20333.4,0,0,1369
36061020300,"New York County, NY",40.808669,-73.9615617,35.8131399500761,94.61157024793388,13.556280587275694,0.006207574104207617,189.7073630283203,1,0,38,0.0,20333.4,0,0,1370
36081037501,"Queens County, NY",40.7469097,-73.8677346,39.46288433648475,44.03305785123967,35.36704730831974,0.006167899760673486,188.49489017412785,1,0,38,0.0,20333.4,0,0,1371
36085002700,"Richmond County, NY",40.6235871,-74.0764274,74.2181171058997,75.43801652892562,73.01794453507341,0.006031741006391359,184.3337931345331,2,0,38,0.0,20333.4,0,0,1372
36047115000,"Kings County, NY",40.6739223,-73.8865224,54.931689046384534,61.88429752066116,48.76019575856444,0.005978375001890103,182.70289452271814,1,0,38,0.0,20333.4,0,0,1373
36081046300,"Queens County, NY",40.7440007,-73.87109,40.957017092725174,48.231404958677686,34.77977161500816,0.005952153415410311,181.90154637254003,1,0,38,0.0,20333.4,0,0,1374
36081066900,"Queens County, NY",40.723567,-73.8859216,32.50216715840844,37.388429752066116,28.254486133768353,0.005889985501439959,180.0016558796834,1,0,38,0.0,20333.4,0,0,1375
36081150701,"Queens County, NY",40.762201,-73.7397018,6.9924488991185445,0.7603305785123967,64.30668841761828,0.005593424137492147,170.93855435464684,1,0,38,0.0,20333.4,0,0,1376
36047116200,"Kings County, NY",40.6699381,-73.8850349,49.910758535226115,50.214876033057855,49.60848287112562,0.005486786104282686,167.67962909027008,1,0,38,0.0,20333.4,0,0,1377
36081056700,"Queens County, NY",40.6968663,-73.8921828,48.46754350332117,39.66942148760331,59.216965742251226,0.005438392014620709,166.2006753183438,1,0,38,0.0,20333.4,0,0,1378
36061010300,"New York County, NY",40.7521351,-73.9972172,24.841020401918886,58.01652892561984,10.636215334420882,0.0051424248144615855,157.15573181182896,0,0,38,0.0,20333.4,0,0,1379
36061015502,"New York County, NY",40.7788096,-73.9890168,20.076888322909063,62.08264462809917,6.492659053833605,0.005130515690180794,156.79178149478736,1,0,38,0.0,20333.4,0,0,1380
36081088902,"Queens County, NY",40.7685478,-73.8298124,47.183822215703884,56.95867768595041,39.08646003262643,0.00486413774299688,148.65110414147077,1,0,38,0.0,20333.4,0,0,1381
36081040502,"Queens County, NY",40.7517365,-73.863612,39.60616656559564,43.867768595041326,35.75856443719413,0.004651249270468434,142.14509872542206,1,0,38,0.0,20333.4,0,0,1382
36081038100,"Queens County, NY",40.7561277,-73.8576708,50.636353385689716,69.05785123966942,37.12887438825449,0.004395517684295143,134.32978085058576,1,0,38,0.0,20333.4,0,0,1383
34039038602,"Union County, NJ",40.614887,-74.3739648,15.457362934633883,2.743801652892562,87.07993474714519,0.0043285665698953365,132.28371274871878,1,0,38,0.0,20333.4,0,0,1384
36061001502,"New York County, NY",40.7055773,-74.0026158,12.702333566678947,69.65289256198346,2.3164763458401305,0.004265939146038063,130.36977934514215,1,0,38,0.0,20333.4,0,0,1385
36081049900,"Queens County, NY",40.7311285,-73.8833525,32.3839823269651,37.28925619834711,28.123980424143557,0.004143419123164761,126.62549050262811,1,0,38,0.0,20333.4,0,0,1386
36047114202,"Kings County, NY",40.6824799,-73.8912207,53.92402944725879,62.28099173553719,46.6884176182708,0.004116018639235329,125.78811450603243,1,0,38,0.0,20333.4,0,0,1387
36081105900,"Queens County, NY",40.7737697,-73.8070648,12.980302921100497,4.56198347107438,36.93311582381729,0.004027259440484485,123.07557765075495,1,0,38,0.0,20333.4,0,0,1388
36081046500,"Queens County, NY",40.7469665,-73.8702981,45.17929414354449,59.867768595041326,34.09461663947798,0.0038090665519539524,116.4074659504689,1,0,38,0.0,20333.4,0,0,1389
36061007100,"New York County, NY",40.7354477,-73.9999139,5.951824171315426,63.86776859504132,0.5546492659053833,0.0036099219390678,110.32148151633703,0,0,38,0.0,20333.4,0,0,1390
34039038202,"Union County, NJ",40.6774415,-74.4418108,38.92118326136317,15.900826446280991,95.26916802610114,0.0035328101443379764,107.96489664260024,1,0,38,0.0,20333.4,0,0,1391
36081047100,"Queens County, NY",40.740985,-73.876564,40.72281812887836,49.15702479338843,33.735725938009786,0.003469415871593809,106.02752785545319,1,0,38,0.0,20333.4,0,0,1392
36081155103,"Queens County, NY",40.7518801,-73.7196014,28.436706435565608,16.561983471074377,48.825448613376835,0.003278553437723791,100.19465201332578,1,0,38,0.0,20333.4,0,0,1393
36061006500,"New York County, NY",40.7299685,-73.9995773,10.727843297539536,73.48760330578511,1.5660685154975529,0.003245328988756582,99.1792919876813,0,0,38,0.0,20333.4,0,0,1394
36061026300,"New York County, NY",40.8468225,-73.9374754,33.424042603695966,98.67768595041322,11.32137030995106,0.003213101145252712,98.19438885087229,0,0,38,0.0,20333.4,0,0,1395
36081058100,"Queens County, NY",40.7039692,-73.8937889,44.56946391011759,43.80165289256198,45.35073409461664,0.003207845526678952,98.03377384668975,1,0,38,0.0,20333.4,0,0,1396
36047111000,"Kings County, NY",40.6605666,-73.8813618,74.59609873279508,79.73553719008264,69.7879282218597,0.0031555671916574644,96.43611509724121,1,0,38,0.0,20333.4,0,0,1397
36081061301,"Queens County, NY",40.7089649,-73.8931848,52.131517512630346,85.78512396694215,31.680261011419248,0.003064837742788048,93.66336616100811,1,0,38,0.0,20333.4,0,0,1398
34031216701,"Passaic County, NJ",41.120291,-74.2552627,60.852335653443845,37.32231404958677,99.21696574225123,0.002662429343849486,81.36551277391148,1,0,38,0.0,20333.4,0,0,1399
36085002900,"Richmond County, NY",40.6196581,-74.0827407,80.83625853738366,90.3801652892562,72.30016313213703,0.0025880319384897496,79.09188134398171,1,0,38,0.0,20333.4,0,0,1400
36081040702,"Queens County, NY",40.751655,-73.8662253,40.00727961477992,46.28099173553719,34.58401305057096,0.002544079281827766,77.74866055378892,1,0,38,0.0,20333.4,0,0,1401
36085029106,"Richmond County, NY",40.5973644,-74.1651641,48.710651220930814,46.3801652892562,51.158238172920065,0.0025309569433845276,77.34763365003525,0,0,38,0.0,20333.4,0,0,1402
36061015102,"New York County, NY",40.774577,-73.9926715,28.89489800713544,87.04132231404958,9.592169657422513,0.002221348994961435,67.88582031007988,0,0,38,0.0,20333.4,0,0,1403
36005029301,"Bronx County, NY",40.8829227,-73.9216655,7.113108225651067,1.884297520661157,26.851549755301797,0.0022159930699248054,67.72213987739883,1,0,38,0.0,20333.4,0,0,1404
36061001501,"New York County, NY",40.7075653,-74.0013991,14.035245717926879,75.47107438016529,2.6101141924959217,0.0021027869691542297,64.26249034355801,0,0,38,0.0,20333.4,0,0,1405
36047005301,"Kings County, NY",40.6747869,-74.0148156,21.782882117050857,36.95867768595041,12.838499184339314,0.0020252124099049596,61.89176309548729,1,0,38,0.0,20333.4,0,0,1406
36061004500,"New York County, NY",40.7205701,-73.9993912,13.526025498275565,35.603305785123965,5.138662316476346,0.0017072111561814388,52.1734450744913,0,0,38,0.0,20333.4,0,0,1407
36047114600,"Kings County, NY",40.6792066,-73.8923418,36.4782562538838,28.661157024793386,46.427406199021206,0.0017058472535223521,52.13176335268837,0,0,38,0.0,20333.4,0,0,1408
36061027100,"New York County, NY",40.8519438,-73.934294,38.07786531213906,95.5702479338843,15.171288743882544,0.0014821462836743782,45.29532122822435,0,0,38,0.0,20333.4,0,0,1409
36047116000,"Kings County, NY",40.6694195,-73.8885305,45.75569231687808,43.00826446280992,48.67862969004894,0.001370744951977876,41.89082657069592,0,0,38,0.0,20333.4,0,0,1410
36085018902,"Richmond County, NY",40.6050832,-74.1379801,35.04105267311623,35.04132231404959,35.04078303425775,0.0013547892240684794,41.40320950546632,0,0,38,0.0,20333.4,0,0,1411
36081046700,"Queens County, NY",40.7454564,-73.8745855,41.0067054287679,50.57851239669422,33.2463295269168,0.001322491624707841,40.416174585867246,0,0,38,0.0,20333.4,0,0,1412
36047112400,"Kings County, NY",40.6660037,-73.8871536,74.06772987470966,78.94214876033058,69.49429037520392,0.0008209294015509424,25.08811806130275,0,0,38,0.0,20333.4,0,0,1413
36085004700,"Richmond County, NY",40.6141999,-74.0947353,38.8772081747802,22.34710743801653,67.63458401305057,0.0007683031632513909,23.47982716919067,0,0,38,0.0,20333.4,0,0,1414
36047115200,"Kings County, NY",40.6732693,-73.8909301,56.030070256993724,65.95041322314049,47.60195758564437,0.0007444295785746575,22.750235428677,0,0,38,0.0,20333.4,0,0,1415
36081066701,"Queens County, NY",40.7218219,-73.8913365,38.15943921612159,53.32231404958677,27.30831973898858,0.0007330212490079705,22.40158971260134,0,0,38,0.0,20333.4,0,0,1416
36081047900,"Queens County, NY",40.7354855,-73.8837114,38.26879354647575,53.05785123966942,27.60195758564437,0.0006987888778035729,21.35542695040555,0,0,38,0.0,20333.4,0,0,1417
36047112200,"Kings County, NY",40.6637279,-73.8859223,73.72700090083093,78.51239669421489,69.23327895595432,0.0006494797534193464,19.848509142718566,0,0,38,0.0,20333.4,0,0,1418
36081040902,"Queens County, NY",40.7515396,-73.8687384,37.83768989998412,42.64462809917355,33.572593800978794,0.0005181198115635173,15.834066824562171,0,0,38,0.0,20333.4,0,0,1419
36061011100,"New York County, NY",40.7546475,-73.9953878,24.772150044908592,85.88429752066116,7.145187601957585,0.00039428561804830424,12.049616101922185,0,0,38,0.0,20333.4,0,0,1420
36061027900,"New York County, NY",40.8558577,-73.9316271,35.74775799417007,92.59504132231406,13.800978792822185,0.0003690594723358008,11.278689246736771,0,0,38,0.0,20333.4,0,0,1421
36081037900,"Queens County, NY",40.7554736,-73.8640843,49.56592346847402,71.2396694214876,34.48613376835237,0.00011813689152991171,3.6103375960202135,0,0,38,0.0,20333.4,0,0,1422
36061002700,"New York County, NY",40.7125508,-73.9990121,8.328654216891124,13.12396694214876,5.285481239804241,9.981559190692742e-05,3.050427173626348,0,0,38,0.0,20333.4,0,0,1423
36061028500,"New York County, NY",40.8615008,-73.9280489,28.44145657448383,99.37190082644628,8.140293637846655,3.1677306085425155e-05,0.9680783675596666,0,0,38,0.0,20333.4,0,0,1424
36061013603,"New York County, NY",40.7728408,-73.9508479,24.910003436447123,57.98347107438017,10.70146818923328,0.0,0.0,0,0,38,0.0,20333.4,0,0,1425
36061015802,"New York County, NY",40.7865243,-73.9504649,22.950873953672232,90.44628099173553,5.823817292006525,0.0,0.0,0,0,38,0.0,20333.4,0,0,1426
34003002100,"Bergen County, NJ",40.9687824,-73.9168962,2.326416125908297,0.06611570247933884,81.85970636215333,0.0,0.0,0,0,38,0.0,20333.4,0,0,1427
34031256804,"Passaic County, NJ",41.0787934,-74.3779531,65.32146571548255,42.710743801652896,99.9021207177814,0.0,0.0,0,0,38,0.0,20333.4,0,0,1428
34039039000,"Union County, NJ",40.6239171,-74.4119473,45.09069859733774,22.578512396694215,90.0489396411093,0.0,0.0,0,0,38,0.0,20333.4,0,0,1429
34039039302,"Union County, NJ",40.6166779,-74.4210105,78.30837939741774,68.0,90.1794453507341,0.0,0.0,0,0,38,0.0,20333.4,0,0,1430
34039039501,"Union County, NJ",40.6021152,-74.4363906,58.91207151964682,38.611570247933884,89.88580750407831,0.0,0.0,0,0,38,0.0,20333.4,0,0,1431
34039039400,"Union County, NJ",40.6051185,-74.4445225,66.7638342931254,49.553719008264466,89.9510603588907,0.0,0.0,0,0,38,0.0,20333.4,0,0,1432
34031256805,"Passaic County, NJ",41.0968567,-74.4256689,63.3500050552158,40.13223140495868,100.0,0.0,0.0,0,0,38,0.0,20333.4,0,0,1433
34031256803,"Passaic County, NJ",41.1221009,-74.3805752,67.0293524250939,44.95867768595041,99.9347471451876,0.0,0.0,0,0,38,0.0,20333.4,0,0,1434
34039039600,"Union County, NJ",40.6035507,-74.4238023,54.27483413790924,32.760330578512395,89.9184339314845,0.0,0.0,0,0,38,0.0,20333.4,0,0,1435
34039039200,"Union County, NJ",40.6178579,-74.4085554,72.42681522075635,58.380165289256205,89.8531810766721,0.0,0.0,0,0,38,0.0,20333.4,0,0,1436
34039039700,"Union County, NJ",40.6063965,-74.4059678,56.07296132386519,35.33884297520661,88.97226753670473,0.0,0.0,0,0,38,0.0,20333.4,0,0,1437
34039039301,"Union County, NJ",40.6136234,-74.4262373,77.04492597189409,65.75206611570248,90.2773246329527,0.0,0.0,0,0,38,0.0,20333.4,0,0,1438
34039039502,"Union County, NJ",40.601151,-74.4442166,60.889642541948405,41.32231404958678,89.72267536704732,0.0,0.0,0,0,38,0.0,20333.4,0,0,1439
34031256801,"Passaic County, NJ",41.1731857,-74.3779738,63.80751121396433,40.72727272727273,99.9673735725938,0.0,0.0,0,0,38,0.0,20333.4,0,0,1440
34039038900,"Union County, NJ",40.6294903,-74.4129106,69.82295203438173,53.98347107438016,90.3099510603589,0.0,0.0,0,0,38,0.0,20333.4,0,0,1441
34031256802,"Passaic County, NJ",41.1437059,-74.3377319,52.53598443342002,27.636363636363637,99.8694942903752,0.0,0.0,0,0,38,0.0,20333.4,0,0,1442
34039039100,"Union County, NJ",40.6238509,-74.3946419,9.089900581758364,0.9256198347107438,89.26590538336052,0.0,0.0,0,0,38,0.0,20333.4,0,0,1443
36005006400,"Bronx County, NY",40.8330126,-73.8721958,45.33844880085856,85.02479338842976,24.176182707993473,0.0,0.0,0,0,38,0.0,20333.4,0,0,1444
36005030202,"Bronx County, NY",40.86476,-73.8203987,47.0137443183079,49.09090909090909,45.02446982055465,0.0,0.0,0,0,38,0.0,20333.4,0,0,1445
36005013200,"Bronx County, NY",40.8151962,-73.8170505,25.119895049750447,42.41322314049587,14.877650897226754,0.0,0.0,0,0,38,0.0,20333.4,0,0,1446
36005012102,"Bronx County, NY",40.8260035,-73.8879696,54.025301773974135,83.14049586776859,35.10603588907015,0.0,0.0,0,0,38,0.0,20333.4,0,0,1447
36005026100,"Bronx County, NY",40.866639,-73.9059021,10.862275344339052,21.917355371900825,5.383360522022838,0.0,0.0,0,0,38,0.0,20333.4,0,0,1448
36005021100,"Bronx County, NY",40.8403976,-73.9235077,36.57270464404825,91.30578512396694,14.649265905383361,0.0,0.0,0,0,38,0.0,20333.4,0,0,1449
36005021501,"Bronx County, NY",40.849466,-73.9182452,39.072194424147185,89.98347107438016,16.965742251223492,0.0,0.0,0,0,38,0.0,20333.4,0,0,1450
36005007200,"Bronx County, NY",40.8310478,-73.8606925,13.143139005638961,75.63636363636364,2.2838499184339316,0.0,0.0,0,0,38,0.0,20333.4,0,0,1451
36005029302,"Bronx County, NY",40.8792795,-73.9158619,5.714031476728134,15.636363636363637,2.088091353996737,0.0,0.0,0,0,38,0.0,20333.4,0,0,1452
36005014500,"Bronx County, NY",40.8315139,-73.9070259,49.211171973125914,99.90082644628099,24.241435562805872,0.0,0.0,0,0,38,0.0,20333.4,0,0,1453
36005031800,"Bronx County, NY",40.8619545,-73.8515677,11.152845491040322,4.264462809917355,29.168026101141926,0.0,0.0,0,0,38,0.0,20333.4,0,0,1454
36005033602,"Bronx County, NY",40.870582,-73.8688837,26.94752977210762,20.859504132231404,34.81239804241436,0.0,0.0,0,0,38,0.0,20333.4,0,0,1455
36005023900,"Bronx County, NY",40.8589133,-73.9028682,30.318546623202305,97.48760330578511,9.429037520391518,0.0,0.0,0,0,38,0.0,20333.4,0,0,1456
36005006000,"Bronx County, NY",40.8376356,-73.877771,27.474030915003414,29.32231404958678,25.742251223491024,0.0,0.0,0,0,38,0.0,20333.4,0,0,1457
36005025400,"Bronx County, NY",40.8484985,-73.8524773,22.8548989578665,47.93388429752066,10.897226753670473,0.0,0.0,0,0,38,0.0,20333.4,0,0,1458
36005035600,"Bronx County, NY",40.8669582,-73.8359997,20.651907600280005,12.297520661157025,34.68189233278956,0.0,0.0,0,0,38,0.0,20333.4,0,0,1459
36005016000,"Bronx County, NY",40.8276681,-73.8148621,43.74005180504291,50.247933884297524,38.07504078303426,0.0,0.0,0,0,38,0.0,20333.4,0,0,1460
36005031000,"Bronx County, NY",40.8612451,-73.836015,11.888416540687963,4.628099173553719,30.538336052202286,0.0,0.0,0,0,38,0.0,20333.4,0,0,1461
36005007800,"Bronx County, NY",40.8291304,-73.8526457,13.039661086368548,88.3305785123967,1.9249592169657423,0.0,0.0,0,0,38,0.0,20333.4,0,0,1462
36005020501,"Bronx County, NY",40.8474128,-73.9236562,39.96082910762745,96.72727272727273,16.508972267536702,0.0,0.0,0,0,38,0.0,20333.4,0,0,1463
36005026500,"Bronx County, NY",40.8662234,-73.9002412,15.642418701450508,82.41322314049587,2.9690048939641107,0.0,0.0,0,0,38,0.0,20333.4,0,0,1464
36005015500,"Bronx County, NY",40.8355262,-73.8899864,46.52850796348199,78.24793388429751,27.66721044045677,0.0,0.0,0,0,38,0.0,20333.4,0,0,1465
36005035900,"Bronx County, NY",40.8402093,-73.8833847,47.99390575147864,90.51239669421489,25.44861337683524,0.0,0.0,0,0,38,0.0,20333.4,0,0,1466
36005021700,"Bronx County, NY",40.8481818,-73.9133082,42.467157661711255,96.13223140495867,18.76019575856444,0.0,0.0,0,0,38,0.0,20333.4,0,0,1467
36005021602,"Bronx County, NY",40.8371926,-73.8622718,34.25317160313787,64.56198347107438,18.172920065252853,0.0,0.0,0,0,38,0.0,20333.4,0,0,1468
36005006100,"Bronx County, NY",40.8222497,-73.9226729,26.917154120192393,35.70247933884298,20.29363784665579,0.0,0.0,0,0,38,0.0,20333.4,0,0,1469
36005009000,"Bronx County, NY",40.8181315,-73.8462433,27.28132742942434,86.08264462809917,8.64600326264274,0.0,0.0,0,0,38,0.0,20333.4,0,0,1470
36005014100,"Bronx County, NY",40.8237653,-73.912295,46.941009802783924,93.02479338842974,23.68678629690049,0.0,0.0,0,0,38,0.0,20333.4,0,0,1471
36005013800,"Bronx County, NY",40.8197569,-73.8064593,44.61440395935167,45.15702479338843,44.07830342577488,0.0,0.0,0,0,38,0.0,20333.4,0,0,1472
36005008500,"Bronx County, NY",40.8162762,-73.8990831,51.91123968444746,96.26446280991735,27.99347471451876,0.0,0.0,0,0,38,0.0,20333.4,0,0,1473
36005007400,"Bronx County, NY",40.8194734,-73.8528608,18.556425644083507,41.388429752066116,8.31973898858075,0.0,0.0,0,0,38,0.0,20333.4,0,0,1474
36005028500,"Bronx County, NY",40.8864295,-73.9025669,37.54564180761018,47.900826446280995,29.429037520391514,0.0,0.0,0,0,38,0.0,20333.4,0,0,1475
36005014701,"Bronx County, NY",40.8342314,-73.905331,49.58215384774513,99.53719008264463,24.69820554649266,0.0,0.0,0,0,38,0.0,20333.4,0,0,1476
36005021001,"Bronx County, NY",40.8408055,-73.8582793,36.286957565178845,89.0909090909091,14.779771615008155,0.0,0.0,0,0,38,0.0,20333.4,0,0,1477
36005006500,"Bronx County, NY",40.8173983,-73.9216592,43.399488072591275,98.34710743801654,19.151712887438826,0.0,0.0,0,0,38,0.0,20333.4,0,0,1478
36005020200,"Bronx County, NY",40.8384911,-73.8475791,5.419831202299189,69.25619834710743,0.4241435562805873,0.0,0.0,0,0,38,0.0,20333.4,0,0,1479
36005020000,"Bronx County, NY",40.8428349,-73.8455162,4.314869121238225,81.5206611570248,0.22838499184339314,0.0,0.0,0,0,38,0.0,20333.4,0,0,1480
36005015100,"Bronx County, NY",40.8310843,-73.8984813,53.153833086830446,98.18181818181819,28.77650897226754,0.0,0.0,0,0,38,0.0,20333.4,0,0,1481
36005021601,"Bronx County, NY",40.8375386,-73.864822,42.003869154287926,91.96694214876034,19.184339314845026,0.0,0.0,0,0,38,0.0,20333.4,0,0,1482
36005013300,"Bronx County, NY",40.8228225,-73.9034849,52.11925771788225,96.36363636363636,28.189233278955957,0.0,0.0,0,0,38,0.0,20333.4,0,0,1483
36005005600,"Bronx County, NY",40.8326118,-73.8790757,48.14587373184009,83.43801652892562,27.78140293637847,0.0,0.0,0,0,38,0.0,20333.4,0,0,1484
36005012901,"Bronx County, NY",40.8226294,-73.8987339,54.24187604718414,95.93388429752066,30.668841761827082,0.0,0.0,0,0,38,0.0,20333.4,0,0,1485
36005026400,"Bronx County, NY",40.8417813,-73.8320889,38.34821759448389,67.17355371900825,21.892332789559543,0.0,0.0,0,0,38,0.0,20333.4,0,0,1486
36005022701,"Bronx County, NY",40.8468041,-73.9110601,43.45803692529178,95.20661157024793,19.836867862969005,0.0,0.0,0,0,38,0.0,20333.4,0,0,1487
36005019900,"Bronx County, NY",40.8367437,-73.925447,36.79481135229201,97.75206611570248,13.849918433931485,0.0,0.0,0,0,38,0.0,20333.4,0,0,1488
36005001901,"Bronx County, NY",40.8067879,-73.9280462,29.29834834696691,79.00826446280992,10.864600326264275,0.0,0.0,0,0,38,0.0,20333.4,0,0,1489
36005018101,"Bronx County, NY",40.8316074,-73.9161112,39.68878432168153,80.06611570247934,19.67373572593801,0.0,0.0,0,0,38,0.0,20333.4,0,0,1490
36005006800,"Bronx County, NY",40.8289669,-73.870482,46.620316947086216,87.76859504132231,24.76345840130506,0.0,0.0,0,0,38,0.0,20333.4,0,0,1491
36005036100,"Bronx County, NY",40.8422604,-73.8795761,49.14785696174787,95.900826446281,25.187601957585642,0.0,0.0,0,0,38,0.0,20333.4,0,0,1492
36005003900,"Bronx County, NY",40.8097217,-73.9214264,38.09611646917257,97.12396694214877,14.942903752039152,0.0,0.0,0,0,38,0.0,20333.4,0,0,1493
36005007900,"Bronx County, NY",40.815792,-73.9048713,47.77044367160617,91.6694214876033,24.893964110929854,0.0,0.0,0,0,38,0.0,20333.4,0,0,1494
36005019400,"Bronx County, NY",40.8335215,-73.83607,3.988577924426325,19.50413223140496,0.8156606851549755,0.0,0.0,0,0,38,0.0,20333.4,0,0,1495
36005022300,"Bronx County, NY",40.8405251,-73.9150885,41.97377703788388,90.14876033057851,19.543230016313213,0.0,0.0,0,0,38,0.0,20333.4,0,0,1496
36005007500,"Bronx County, NY",40.8187768,-73.9086237,48.86447357266426,97.19008264462809,24.567699836867863,0.0,0.0,0,0,38,0.0,20333.4,0,0,1497
36005022702,"Bronx County, NY",40.8444792,-73.9132689,40.697649233693085,80.19834710743801,20.65252854812398,0.0,0.0,0,0,38,0.0,20333.4,0,0,1498
36005024400,"Bronx County, NY",40.8462265,-73.8575198,25.866458051646156,48.595041322314046,13.768352365415987,0.0,0.0,0,0,38,0.0,20333.4,0,0,1499
36005033202,"Bronx County, NY",40.8633818,-73.8689413,48.16324887916473,68.59504132231406,33.817292006525285,0.0,0.0,0,0,38,0.0,20333.4,0,0,1500
36005027402,"Bronx County, NY",40.8449055,-73.8173485,30.50189333269196,30.016528925619834,30.99510603588907,0.0,0.0,0,0,38,0.0,20333.4,0,0,1501
36005023301,"Bronx County, NY",40.8495612,-73.9087543,39.47900632568544,88.79338842975206,17.553017944535075,0.0,0.0,0,0,38,0.0,20333.4,0,0,1502
36005022800,"Bronx County, NY",40.8534896,-73.8635363,32.74983979800398,59.33884297520661,18.075040783034257,0.0,0.0,0,0,38,0.0,20333.4,0,0,1503
36005007300,"Bronx County, NY",40.8146752,-73.909389,46.546330445562525,95.27272727272728,22.740619902120716,0.0,0.0,0,0,38,0.0,20333.4,0,0,1504
36005021301,"Bronx County, NY",40.8455444,-73.9198231,31.68057785753948,56.03305785123966,17.911908646003262,0.0,0.0,0,0,38,0.0,20333.4,0,0,1505
36005030201,"Bronx County, NY",40.8619206,-73.8244988,40.128250842931905,49.65289256198347,32.43066884176183,0.0,0.0,0,0,38,0.0,20333.4,0,0,1506
36005022500,"Bronx County, NY",40.8401399,-73.910972,45.68999674453633,97.38842975206612,21.435562805872756,0.0,0.0,0,0,38,0.0,20333.4,0,0,1507
36005026601,"Bronx County, NY",40.8474521,-73.8341053,42.00169933896603,88.49586776859503,19.9347471451876,0.0,0.0,0,0,38,0.0,20333.4,0,0,1508
36005019300,"Bronx County, NY",40.8363471,-73.929323,29.421120103040078,73.2892561983471,11.810766721044045,0.0,0.0,0,0,38,0.0,20333.4,0,0,1509
36005028300,"Bronx County, NY",40.8806361,-73.9025714,46.321915667555565,85.35537190082646,25.138662316476346,0.0,0.0,0,0,38,0.0,20333.4,0,0,1510
36005008300,"Bronx County, NY",40.8136778,-73.90184,49.78050320611453,94.94214876033058,26.101141924959215,0.0,0.0,0,0,38,0.0,20333.4,0,0,1511
36005022101,"Bronx County, NY",40.8382778,-73.9181232,37.49622822227173,79.80165289256198,17.61827079934747,0.0,0.0,0,0,38,0.0,20333.4,0,0,1512
36005030900,"Bronx County, NY",40.9017787,-73.9140106,22.366412934152383,9.685950413223141,51.64763458401305,0.0,0.0,0,0,38,0.0,20333.4,0,0,1513
36005026900,"Bronx County, NY",40.8659029,-73.9094996,26.875128372582807,81.38842975206612,8.874388254486133,0.0,0.0,0,0,38,0.0,20333.4,0,0,1514
36005012701,"Bronx County, NY",40.8256346,-73.8923283,50.77707932336844,76.13223140495867,33.86623164763458,0.0,0.0,0,0,38,0.0,20333.4,0,0,1515
36005023600,"Bronx County, NY",40.8450908,-73.8672583,38.693951725719955,78.57851239669421,19.053833605220227,0.0,0.0,0,0,38,0.0,20333.4,0,0,1516
36005018501,"Bronx County, NY",40.8271796,-73.9093253,44.30742348799983,81.42148760330579,24.110929853181077,0.0,0.0,0,0,38,0.0,20333.4,0,0,1517
36005007100,"Bronx County, NY",40.8182214,-73.9128301,39.84655020361789,69.42148760330579,22.871125611745512,0.0,0.0,0,0,38,0.0,20333.4,0,0,1518
36005005300,"Bronx County, NY",40.8521987,-73.9217824,37.30792332379114,95.86776859504133,14.518760195758565,0.0,0.0,0,0,38,0.0,20333.4,0,0,1519
36005016100,"Bronx County, NY",40.8368465,-73.8850152,51.15048382176272,95.2396694214876,27.471451876019575,0.0,0.0,0,0,38,0.0,20333.4,0,0,1520
36005003800,"Bronx County, NY",40.8202946,-73.8633435,25.69996727335483,60.429752066115704,10.929853181076671,0.0,0.0,0,0,38,0.0,20333.4,0,0,1521
36005035800,"Bronx County, NY",40.8739819,-73.8425963,50.889638452188414,59.63636363636363,43.425774877650895,0.0,0.0,0,0,38,0.0,20333.4,0,0,1522
36005017300,"Bronx County, NY",40.826296,-73.9165227,44.45103140878557,95.37190082644628,20.717781402936378,0.0,0.0,0,0,38,0.0,20333.4,0,0,1523
36005022401,"Bronx County, NY",40.8550184,-73.8685096,37.48172811966308,68.13223140495867,20.619902120717782,0.0,0.0,0,0,38,0.0,20333.4,0,0,1524
36005013100,"Bronx County, NY",40.8259541,-73.8978983,53.63559698524829,94.8099173553719,30.342577487765087,0.0,0.0,0,0,38,0.0,20333.4,0,0,1525
36005029600,"Bronx County, NY",40.8553721,-73.8450221,42.85314712121624,77.42148760330578,23.719412724306686,0.0,0.0,0,0,38,0.0,20333.4,0,0,1526
36005014900,"Bronx County, NY",40.832603,-73.9014881,51.057177471551896,96.03305785123966,27.145187601957588,0.0,0.0,0,0,38,0.0,20333.4,0,0,1527
36005015200,"Bronx County, NY",40.8263809,-73.8249096,8.152682647082097,23.96694214876033,2.7732463295269167,0.0,0.0,0,0,38,0.0,20333.4,0,0,1528
36005025200,"Bronx County, NY",40.8471319,-73.8549662,21.765619616622722,38.413223140495866,12.33278955954323,0.0,0.0,0,0,38,0.0,20333.4,0,0,1529
36005006301,"Bronx County, NY",40.8212801,-73.928879,42.728197237892545,96.56198347107437,18.907014681892335,0.0,0.0,0,0,38,0.0,20333.4,0,0,1530
36005025700,"Bronx County, NY",40.8603147,-73.9140946,22.28537323308241,47.86776859504132,10.375203915171289,0.0,0.0,0,0,38,0.0,20333.4,0,0,1531
36005006700,"Bronx County, NY",40.8195023,-73.9181767,45.972255652827826,99.50413223140497,21.23980424143556,0.0,0.0,0,0,38,0.0,20333.4,0,0,1532
36005005902,"Bronx County, NY",40.8241059,-73.9234371,38.611984701621466,78.3801652892562,19.021207177814027,0.0,0.0,0,0,38,0.0,20333.4,0,0,1533
36005016500,"Bronx County, NY",40.8431089,-73.9002773,33.221246120978655,52.36363636363637,21.07667210440457,0.0,0.0,0,0,38,0.0,20333.4,0,0,1534
36005022403,"Bronx County, NY",40.8564761,-73.8654307,33.77073337109369,57.58677685950413,19.804241435562805,0.0,0.0,0,0,38,0.0,20333.4,0,0,1535
36005027900,"Bronx County, NY",40.8825586,-73.8972881,45.069739999309455,76.29752066115702,26.6231647634584,0.0,0.0,0,0,38,0.0,20333.4,0,0,1536
36005004200,"Bronx County, NY",40.8239305,-73.8620068,23.898544766152384,79.5702479338843,7.177814029363784,0.0,0.0,0,0,38,0.0,20333.4,0,0,1537
36005018400,"Bronx County, NY",40.8374159,-73.8292813,38.21179165736102,59.04132231404958,24.73083197389886,0.0,0.0,0,0,38,0.0,20333.4,0,0,1538
36005022902,"Bronx County, NY",40.8437952,-73.9071529,42.17618488876631,84.52892561983472,21.04404567699837,0.0,0.0,0,0,38,0.0,20333.4,0,0,1539
36005025600,"Bronx County, NY",40.8443911,-73.850219,3.80025167922095,44.264462809917354,0.3262642740619902,0.0,0.0,0,0,38,0.0,20333.4,0,0,1540
36005012101,"Bronx County, NY",40.8282758,-73.8888941,52.715560686887216,83.50413223140495,33.278955954323,0.0,0.0,0,0,38,0.0,20333.4,0,0,1541
36005005001,"Bronx County, NY",40.824997,-73.8778533,53.98987407251558,97.32231404958678,29.9510603588907,0.0,0.0,0,0,38,0.0,20333.4,0,0,1542
36005014400,"Bronx County, NY",40.821257,-73.8233396,28.378873147658098,94.21487603305785,8.548123980424144,0.0,0.0,0,0,38,0.0,20333.4,0,0,1543
36005006200,"Bronx County, NY",40.8332883,-73.8755187,50.52502315712191,99.04132231404958,25.774877650897228,0.0,0.0,0,0,38,0.0,20333.4,0,0,1544
36005014300,"Bronx County, NY",40.8277474,-73.9121298,41.285179490903346,75.60330578512396,22.544861337683525,0.0,0.0,0,0,38,0.0,20333.4,0,0,1545
36005005200,"Bronx County, NY",40.8256291,-73.8824329,50.66675548218612,80.16528925619835,32.02283849918434,0.0,0.0,0,0,38,0.0,20333.4,0,0,1546
36005002300,"Bronx County, NY",40.8090823,-73.9258441,35.92769985834534,98.0495867768595,13.164763458401305,0.0,0.0,0,0,38,0.0,20333.4,0,0,1547
36005020601,"Bronx County, NY",40.8366476,-73.8505404,5.791276958839814,44.69421487603306,0.7504078303425775,0.0,0.0,0,0,38,0.0,20333.4,0,0,1548
36005003500,"Bronx County, NY",40.8109651,-73.9086696,42.405778345356254,83.63636363636363,21.500815660685156,0.0,0.0,0,0,38,0.0,20333.4,0,0,1549
36005029700,"Bronx County, NY",40.884931,-73.9118383,22.522661932233145,17.25619834710744,29.396411092985318,0.0,0.0,0,0,38,0.0,20333.4,0,0,1550
36005021302,"Bronx County, NY",40.8430485,-73.9203798,39.81746874355155,93.0909090909091,17.03099510603589,0.0,0.0,0,0,38,0.0,20333.4,0,0,1551
36005034500,"Bronx County, NY",40.9040602,-73.89869,44.76399072075078,34.082644628099175,58.792822185970635,0.0,0.0,0,0,38,0.0,20333.4,0,0,1552
36005026702,"Bronx County, NY",40.8722664,-73.900119,25.436891401354814,85.85123966942149,7.536704730831974,0.0,0.0,0,0,38,0.0,20333.4,0,0,1553
36005022901,"Bronx County, NY",40.8460928,-73.9072191,43.186818789891106,94.64462809917356,19.70636215334421,0.0,0.0,0,0,38,0.0,20333.4,0,0,1554
36005002702,"Bronx County, NY",40.8064496,-73.913773,42.31328753122451,98.87603305785125,18.107667210440457,0.0,0.0,0,0,38,0.0,20333.4,0,0,1555
36005028900,"Bronx County, NY",40.87956,-73.9073271,47.05465391883978,88.82644628099173,24.92659053833605,0.0,0.0,0,0,38,0.0,20333.4,0,0,1556
36005011701,"Bronx County, NY",40.8143907,-73.8835978,51.58798200444095,73.0909090909091,36.411092985318106,0.0,0.0,0,0,38,0.0,20333.4,0,0,1557
36005023702,"Bronx County, NY",40.8606441,-73.8973195,19.55816816438928,50.97520661157024,7.504078303425775,0.0,0.0,0,0,38,0.0,20333.4,0,0,1558
36005027700,"Bronx County, NY",40.8783975,-73.9014677,46.75286540383869,91.90082644628099,23.784665579119086,0.0,0.0,0,0,38,0.0,20333.4,0,0,1559
36005024700,"Bronx County, NY",40.855495,-73.9184721,22.90741009207975,41.88429752066116,12.528548123980423,0.0,0.0,0,0,38,0.0,20333.4,0,0,1560
36005002800,"Bronx County, NY",40.8225183,-73.8782336,37.85948986886094,45.6198347107438,31.419249592169656,0.0,0.0,0,0,38,0.0,20333.4,0,0,1561
36005007000,"Bronx County, NY",40.8298152,-73.8656233,19.7384376608716,89.78512396694215,4.33931484502447,0.0,0.0,0,0,38,0.0,20333.4,0,0,1562
36005034000,"Bronx County, NY",40.8684405,-73.862923,57.54903933455115,85.55371900826447,38.711256117455136,0.0,0.0,0,0,38,0.0,20333.4,0,0,1563
36005025000,"Bronx County, NY",40.8517064,-73.8557006,25.698414434402704,48.89256198347107,13.507340946166394,0.0,0.0,0,0,38,0.0,20333.4,0,0,1564
36005016400,"Bronx County, NY",40.8322025,-73.824847,37.12509874016012,47.30578512396694,29.135399673735723,0.0,0.0,0,0,38,0.0,20333.4,0,0,1565
36005001902,"Bronx County, NY",40.803683,-73.9159297,35.484751959698094,77.65289256198346,16.215334420880914,0.0,0.0,0,0,38,0.0,20333.4,0,0,1566
36005018302,"Bronx County, NY",40.8279119,-73.9187521,39.01539875626395,78.28099173553719,19.445350734094617,0.0,0.0,0,0,38,0.0,20333.4,0,0,1567
36005002701,"Bronx County, NY",40.8050791,-73.9163464,38.840737130998114,93.22314049586777,16.182707993474715,0.0,0.0,0,0,38,0.0,20333.4,0,0,1568
36005033500,"Bronx County, NY",40.89064,-73.9070543,36.75774861308859,35.6694214876033,37.87928221859707,0.0,0.0,0,0,38,0.0,20333.4,0,0,1569
36005005002,"Bronx County, NY",40.8273629,-73.878435,53.88294078480383,99.20661157024794,29.265905383360526,0.0,0.0,0,0,38,0.0,20333.4,0,0,1570
36005025100,"Bronx County, NY",40.8565412,-73.9077336,34.25373838019761,92.92561983471074,12.62642740619902,0.0,0.0,0,0,38,0.0,20333.4,0,0,1571
36005006900,"Bronx County, NY",40.8218666,-73.9157567,47.74258562425342,97.98347107438016,23.262642740619903,0.0,0.0,0,0,38,0.0,20333.4,0,0,1572
36005019500,"Bronx County, NY",40.8304774,-73.9225235,39.509892966721466,94.74380165289257,16.476345840130506,0.0,0.0,0,0,38,0.0,20333.4,0,0,1573
36005021502,"Bronx County, NY",40.8480444,-73.9167104,41.46620503076912,94.44628099173553,18.205546492659053,0.0,0.0,0,0,38,0.0,20333.4,0,0,1574
36005032600,"Bronx County, NY",40.8621894,-73.8554843,31.38567080574688,32.429752066115704,30.37520391517129,0.0,0.0,0,0,38,0.0,20333.4,0,0,1575
36005023501,"Bronx County, NY",40.8521471,-73.9045719,36.57553565459916,90.11570247933885,14.845024469820556,0.0,0.0,0,0,38,0.0,20333.4,0,0,1576
36005024600,"Bronx County, NY",40.8516098,-73.8611557,24.753377536941017,38.01652892561984,16.11745513866232,0.0,0.0,0,0,38,0.0,20333.4,0,0,1577
36005022000,"Bronx County, NY",40.8433426,-73.872429,43.555204074558766,87.17355371900827,21.761827079934747,0.0,0.0,0,0,38,0.0,20333.4,0,0,1578
36005018502,"Bronx County, NY",40.8263118,-73.9059778,51.02796443238435,99.14049586776859,26.26427406199021,0.0,0.0,0,0,38,0.0,20333.4,0,0,1579
36005028800,"Bronx County, NY",40.8542921,-73.8514721,24.268395303014287,24.694214876033058,23.849918433931485,0.0,0.0,0,0,38,0.0,20333.4,0,0,1580
36005003100,"Bronx County, NY",40.8098988,-73.9056901,39.73156256204295,68.72727272727272,22.96900489396411,0.0,0.0,0,0,38,0.0,20333.4,0,0,1581
36005007600,"Bronx County, NY",40.833375,-73.8676557,43.3133529046879,85.9504132231405,21.827079934747147,0.0,0.0,0,0,38,0.0,20333.4,0,0,1582
36005030000,"Bronx County, NY",40.852194,-73.8312298,38.4623494468292,59.50413223140496,24.861337683523654,0.0,0.0,0,0,38,0.0,20333.4,0,0,1583
36005004600,"Bronx County, NY",40.8224189,-73.8691776,29.366189754954306,73.42148760330579,11.745513866231647,0.0,0.0,0,0,38,0.0,20333.4,0,0,1584
36005015700,"Bronx County, NY",40.8329991,-73.88545,52.7729197391741,93.2892561983471,29.853181076672104,0.0,0.0,0,0,38,0.0,20333.4,0,0,1585
36005022404,"Bronx County, NY",40.8527445,-73.8663009,39.006095286640374,79.17355371900825,19.216965742251226,0.0,0.0,0,0,38,0.0,20333.4,0,0,1586
36005017902,"Bronx County, NY",40.8370142,-73.9134989,41.25439321111105,84.0,20.26101141924959,0.0,0.0,0,0,38,0.0,20333.4,0,0,1587
36005008900,"Bronx County, NY",40.8185668,-73.8939061,50.48149914735737,81.02479338842976,31.45187601957586,0.0,0.0,0,0,38,0.0,20333.4,0,0,1588
36005020900,"Bronx County, NY",40.8430704,-73.9150173,41.96209656540562,89.05785123966942,19.77161500815661,0.0,0.0,0,0,38,0.0,20333.4,0,0,1589
36005022200,"Bronx County, NY",40.8356878,-73.855205,9.042433413549563,71.60330578512398,1.1419249592169658,0.0,0.0,0,0,38,0.0,20333.4,0,0,1590
36005034800,"Bronx County, NY",40.8694471,-73.8530706,55.0000925354319,76.56198347107438,39.51060358890702,0.0,0.0,0,0,38,0.0,20333.4,0,0,1591
36005033802,"Bronx County, NY",40.8705487,-73.865744,51.014329479566236,69.0909090909091,37.66721044045677,0.0,0.0,0,0,38,0.0,20333.4,0,0,1592
36005023703,"Bronx County, NY",40.8600426,-73.8995706,27.25076974609491,97.68595041322314,7.601957585644372,0.0,0.0,0,0,38,0.0,20333.4,0,0,1593
36005009200,"Bronx County, NY",40.8323395,-73.8521545,10.109614540086968,78.31404958677686,1.3050570962479608,0.0,0.0,0,0,38,0.0,20333.4,0,0,1594
36005031200,"Bronx County, NY",40.8620616,-73.8424492,20.82633585674162,14.082644628099173,30.799347471451878,0.0,0.0,0,0,38,0.0,20333.4,0,0,1595
36005023200,"Bronx County, NY",40.8469746,-73.8633164,38.1476934856466,86.77685950413223,16.769983686786297,0.0,0.0,0,0,38,0.0,20333.4,0,0,1596
36005008600,"Bronx County, NY",40.8198788,-73.8498059,25.910036641938976,97.05785123966942,6.916802610114193,0.0,0.0,0,0,38,0.0,20333.4,0,0,1597
36005033201,"Bronx County, NY",40.8594756,-73.8692323,41.78363253731571,79.0413223140496,22.088091353996735,0.0,0.0,0,0,38,0.0,20333.4,0,0,1598
36005004400,"Bronx County, NY",40.8265155,-73.8664136,26.368867323561222,95.14049586776859,7.308319738988581,0.0,0.0,0,0,38,0.0,20333.4,0,0,1599
36005028600,"Bronx County, NY",40.8491849,-73.8477752,2.7711629753179663,29.421487603305785,0.26101141924959215,0.0,0.0,0,0,38,0.0,20333.4,0,0,1600
36005020400,"Bronx County, NY",40.8408659,-73.8508567,5.178542795856773,68.49586776859505,0.3915171288743882,0.0,0.0,0,0,38,0.0,20333.4,0,0,1601
36005003300,"Bronx County, NY",40.8082418,-73.9119436,41.76756087362239,90.01652892561984,19.380097879282218,0.0,0.0,0,0,38,0.0,20333.4,0,0,1602
36005020100,"Bronx County, NY",40.8421586,-73.9269632,34.69648603930071,90.21487603305786,13.344208809135399,0.0,0.0,0,0,38,0.0,20333.4,0,0,1603
36005029500,"Bronx County, NY",40.884935,-73.9085679,43.47624982526507,65.38842975206612,28.907014681892335,0.0,0.0,0,0,38,0.0,20333.4,0,0,1604
36005035100,"Bronx County, NY",40.8950697,-73.8999975,44.59716375154245,43.63636363636363,45.57911908646003,0.0,0.0,0,0,38,0.0,20333.4,0,0,1605
36005023704,"Bronx County, NY",40.8562675,-73.9019054,32.40960065401092,87.60330578512396,11.99021207177814,0.0,0.0,0,0,38,0.0,20333.4,0,0,1606
36005022102,"Bronx County, NY",40.8376586,-73.9160957,42.79619017150519,97.2892561983471,18.825448613376835,0.0,0.0,0,0,38,0.0,20333.4,0,0,1607
36005021002,"Bronx County, NY",40.8384785,-73.8565158,8.261953699439784,77.48760330578513,0.8809135399673736,0.0,0.0,0,0,38,0.0,20333.4,0,0,1608
36005024502,"Bronx County, NY",40.8551094,-73.9135653,30.498710729371112,66.61157024793388,13.964110929853183,0.0,0.0,0,0,38,0.0,20333.4,0,0,1609
36005027300,"Bronx County, NY",40.8738945,-73.9032292,29.535294115333116,89.42148760330578,9.755301794453507,0.0,0.0,0,0,38,0.0,20333.4,0,0,1610
36005002500,"Bronx County, NY",40.8070025,-73.9208749,37.115292383971024,96.39669421487604,14.29037520391517,0.0,0.0,0,0,38,0.0,20333.4,0,0,1611
36005009800,"Bronx County, NY",40.8254505,-73.8495052,10.879489226603043,49.02479338842975,2.4143556280587277,0.0,0.0,0,0,38,0.0,20333.4,0,0,1612
36005027401,"Bronx County, NY",40.8404445,-73.8226303,36.54410209524979,50.34710743801652,26.525285481239802,0.0,0.0,0,0,38,0.0,20333.4,0,0,1613
36005034300,"Bronx County, NY",40.9096659,-73.8981711,28.365568025729655,13.223140495867769,60.848287112561174,0.0,0.0,0,0,38,0.0,20333.4,0,0,1614
36005025300,"Bronx County, NY",40.8610069,-73.9045549,26.695376848431003,94.14876033057851,7.569331158238173,0.0,0.0,0,0,38,0.0,20333.4,0,0,1615
36005033700,"Bronx County, NY",40.9063138,-73.9025167,34.86813554846697,20.09917355371901,60.48939641109299,0.0,0.0,0,0,38,0.0,20333.4,0,0,1616
36005032300,"Bronx County, NY",40.9053418,-73.9075805,40.30338079958148,28.03305785123967,57.94453507340946,0.0,0.0,0,0,38,0.0,20333.4,0,0,1617
36005022703,"Bronx County, NY",40.8440365,-73.9105204,40.124985055877985,75.3388429752066,21.37030995106036,0.0,0.0,0,0,38,0.0,20333.4,0,0,1618
36005012300,"Bronx County, NY",40.830115,-73.8860075,55.11389990473186,94.7107438016529,32.07177814029364,0.0,0.0,0,0,38,0.0,20333.4,0,0,1619
36005009600,"Bronx County, NY",40.8347812,-73.8437163,6.32741114090535,61.35537190082645,0.6525285481239804,0.0,0.0,0,0,38,0.0,20333.4,0,0,1620
36005018900,"Bronx County, NY",40.8317231,-73.9302072,34.283410231685586,94.18181818181817,12.479608482871125,0.0,0.0,0,0,38,0.0,20333.4,0,0,1621
36005011800,"Bronx County, NY",40.8097065,-73.8001663,56.0799720182186,61.553719008264466,51.092985318107665,0.0,0.0,0,0,38,0.0,20333.4,0,0,1622
36005004300,"Bronx County, NY",40.8136213,-73.9170376,42.49303617742517,95.17355371900827,18.97226753670473,0.0,0.0,0,0,38,0.0,20333.4,0,0,1623
36005016700,"Bronx County, NY",40.8404808,-73.9021708,45.35471760664531,87.93388429752066,23.3931484502447,0.0,0.0,0,0,38,0.0,20333.4,0,0,1624
36005013500,"Bronx County, NY",40.8271333,-73.9020965,49.90461558251227,89.48760330578513,27.830342577487766,0.0,0.0,0,0,38,0.0,20333.4,0,0,1625
36005036000,"Bronx County, NY",40.8668405,-73.8431182,34.499919254480155,34.710743801652896,34.29037520391517,0.0,0.0,0,0,38,0.0,20333.4,0,0,1626
36005024501,"Bronx County, NY",40.8528793,-73.9154618,36.61488170825175,90.9090909090909,14.747145187601957,0.0,0.0,0,0,38,0.0,20333.4,0,0,1627
36005016900,"Bronx County, NY",40.8377899,-73.9027247,39.34460990062864,62.34710743801652,24.828711256117455,0.0,0.0,0,0,38,0.0,20333.4,0,0,1628
36005005400,"Bronx County, NY",40.8298985,-73.8797154,52.63570626276631,96.49586776859505,28.711256117455136,0.0,0.0,0,0,38,0.0,20333.4,0,0,1629
36005030701,"Bronx County, NY",40.8931511,-73.9105743,35.11570671050829,29.619834710743802,41.631321370309955,0.0,0.0,0,0,38,0.0,20333.4,0,0,1630
36005000200,"Bronx County, NY",40.8081797,-73.8566781,24.664286311705244,34.14876033057851,17.814029363784666,0.0,0.0,0,0,38,0.0,20333.4,0,0,1631
36005004001,"Bronx County, NY",40.8282719,-73.8583355,5.70515303179278,12.62809917355372,2.5774877650897228,0.0,0.0,0,0,38,0.0,20333.4,0,0,1632
36005015900,"Bronx County, NY",40.8223738,-73.8935545,52.6349890719981,82.84297520661157,33.442088091353995,0.0,0.0,0,0,38,0.0,20333.4,0,0,1633
36005032400,"Bronx County, NY",40.8613366,-73.8597114,44.08405226843587,63.570247933884296,30.570962479608482,0.0,0.0,0,0,38,0.0,20333.4,0,0,1634
36005021800,"Bronx County, NY",40.8374667,-73.869395,43.44145506076233,89.12396694214875,21.174551386623165,0.0,0.0,0,0,38,0.0,20333.4,0,0,1635
36005034400,"Bronx County, NY",40.8683644,-73.8571317,46.27216596540786,56.33057851239669,38.00978792822186,0.0,0.0,0,0,38,0.0,20333.4,0,0,1636
36005018102,"Bronx County, NY",40.832265,-73.9181384,41.15049639119491,91.53719008264463,18.499184339314844,0.0,0.0,0,0,38,0.0,20333.4,0,0,1637
36005001600,"Bronx County, NY",40.8188478,-73.8580764,28.167419647284657,76.23140495867769,10.407830342577489,0.0,0.0,0,0,38,0.0,20333.4,0,0,1638
36005008400,"Bronx County, NY",40.8156088,-73.8477354,16.880367695359304,25.388429752066116,11.223491027732463,0.0,0.0,0,0,38,0.0,20333.4,0,0,1639
36005004800,"Bronx County, NY",40.8270172,-73.8743044,50.85493189177917,93.25619834710743,27.732463295269167,0.0,0.0,0,0,38,0.0,20333.4,0,0,1640
36005034200,"Bronx County, NY",40.8684165,-73.8600255,33.0998451135122,29.289256198347108,37.40619902120718,0.0,0.0,0,0,38,0.0,20333.4,0,0,1641
36005023302,"Bronx County, NY",40.8481852,-73.9047291,39.396126596746164,86.41322314049586,17.96084828711256,0.0,0.0,0,0,38,0.0,20333.4,0,0,1642
36005011502,"Bronx County, NY",40.8200657,-73.8865202,57.16322047517409,89.22314049586777,36.6231647634584,0.0,0.0,0,0,38,0.0,20333.4,0,0,1643
36005023000,"Bronx County, NY",40.8492873,-73.8660154,39.52046970772406,84.13223140495867,18.564437194127244,0.0,0.0,0,0,38,0.0,20333.4,0,0,1644
36005009301,"Bronx County, NY",40.8143501,-73.8891123,54.49750227954109,89.95041322314049,33.017944535073404,0.0,0.0,0,0,38,0.0,20333.4,0,0,1645
36005015800,"Bronx County, NY",40.8248672,-73.8186182,39.47069339341335,40.7603305785124,38.22185970636215,0.0,0.0,0,0,38,0.0,20333.4,0,0,1646
36005012500,"Bronx County, NY",40.828636,-73.8935227,47.14981911610371,68.82644628099173,32.30016313213703,0.0,0.0,0,0,38,0.0,20333.4,0,0,1647
36005014702,"Bronx County, NY",40.836535,-73.9043914,48.9781029616515,95.73553719008264,25.057096247960846,0.0,0.0,0,0,38,0.0,20333.4,0,0,1648
36005028700,"Bronx County, NY",40.8827147,-73.9046564,36.02218452797189,48.03305785123967,27.01468189233279,0.0,0.0,0,0,38,0.0,20333.4,0,0,1649
36005035000,"Bronx County, NY",40.8685221,-73.8482552,33.40903416085033,30.247933884297524,36.90048939641109,0.0,0.0,0,0,38,0.0,20333.4,0,0,1650
36005020502,"Bronx County, NY",40.8513754,-73.9194914,33.42422008258538,73.32231404958678,15.236541598694945,0.0,0.0,0,0,38,0.0,20333.4,0,0,1651
36005000400,"Bronx County, NY",40.8087867,-73.8514252,16.666629815840153,16.66115702479339,16.6721044045677,0.0,0.0,0,0,38,0.0,20333.4,0,0,1652
36005026300,"Bronx County, NY",40.8647665,-73.9044669,19.709784140076774,82.11570247933885,4.730831973898858,0.0,0.0,0,0,38,0.0,20333.4,0,0,1653
36005002001,"Bronx County, NY",40.8173941,-73.8678806,37.664224775545065,98.14876033057851,14.453507340946167,0.0,0.0,0,0,38,0.0,20333.4,0,0,1654
36005024800,"Bronx County, NY",40.8553409,-73.8584097,34.86974400283099,75.90082644628099,16.01957585644372,0.0,0.0,0,0,38,0.0,20333.4,0,0,1655
36005023800,"Bronx County, NY",40.8437081,-73.8610936,34.00574363770374,73.91735537190083,15.64437194127243,0.0,0.0,0,0,38,0.0,20333.4,0,0,1656
36005018301,"Bronx County, NY",40.8286371,-73.9208133,37.108724308655994,75.50413223140497,18.238172920065253,0.0,0.0,0,0,38,0.0,20333.4,0,0,1657
36005017901,"Bronx County, NY",40.834835,-73.9151867,38.234534909090385,74.67768595041322,19.575856443719413,0.0,0.0,0,0,38,0.0,20333.4,0,0,1658
36005004100,"Bronx County, NY",40.8113856,-73.9194099,40.55133498933719,98.24793388429752,16.737357259380097,0.0,0.0,0,0,38,0.0,20333.4,0,0,1659
36005033801,"Bronx County, NY",40.8675707,-73.8658465,42.978957138864686,50.28099173553719,36.7373572593801,0.0,0.0,0,0,38,0.0,20333.4,0,0,1660
36005026602,"Bronx County, NY",40.845973,-73.8306203,44.90352053478774,92.79338842975207,21.72920065252855,0.0,0.0,0,0,38,0.0,20333.4,0,0,1661
36005011900,"Bronx County, NY",40.8232738,-73.889572,54.1722712740651,81.2892561983471,36.101141924959215,0.0,0.0,0,0,38,0.0,20333.4,0,0,1662
36005031400,"Bronx County, NY",40.8615367,-73.8455326,20.632940974876902,14.743801652892563,28.87438825448613,0.0,0.0,0,0,38,0.0,20333.4,0,0,1663
36005032800,"Bronx County, NY",40.8617363,-73.8631301,51.85935437444668,82.51239669421487,32.59380097879282,0.0,0.0,0,0,38,0.0,20333.4,0,0,1664
36005003700,"Bronx County, NY",40.811457,-73.9121722,37.386561465673445,69.32231404958678,20.163132137030995,0.0,0.0,0,0,38,0.0,20333.4,0,0,1665
36005033000,"Bronx County, NY",40.8616561,-73.8660255,56.49562364061822,92.99173553719008,34.32300163132137,0.0,0.0,0,0,38,0.0,20333.4,0,0,1666
36005021900,"Bronx County, NY",40.8396448,-73.9196221,29.872129392381318,52.49586776859504,16.998368678629692,0.0,0.0,0,0,38,0.0,20333.4,0,0,1667
36005024000,"Bronx County, NY",40.8416234,-73.8688759,36.81451161988991,66.67768595041322,20.32626427406199,0.0,0.0,0,0,38,0.0,20333.4,0,0,1668
36005005100,"Bronx County, NY",40.8132061,-73.9275676,37.43676803967621,96.09917355371901,14.584013050570963,0.0,0.0,0,0,38,0.0,20333.4,0,0,1669
36005033601,"Bronx County, NY",40.8675676,-73.868886,56.755921991307765,95.6694214876033,33.670473083197386,0.0,0.0,0,0,38,0.0,20333.4,0,0,1670
36005017702,"Bronx County, NY",40.8361776,-73.9095498,44.12660254038802,87.63636363636364,22.218597063621534,0.0,0.0,0,0,38,0.0,20333.4,0,0,1671
36005030100,"Bronx County, NY",40.8832399,-73.9179338,10.92339267179772,4.330578512396694,27.553017944535075,0.0,0.0,0,0,38,0.0,20333.4,0,0,1672
36005024100,"Bronx County, NY",40.8531471,-73.9061863,37.58365661458368,97.9504132231405,14.420880913539968,0.0,0.0,0,0,38,0.0,20333.4,0,0,1673
36005026701,"Bronx County, NY",40.8693519,-73.9012276,18.17101859302984,74.41322314049586,4.437194127243067,0.0,0.0,0,0,38,0.0,20333.4,0,0,1674
36005017500,"Bronx County, NY",40.8308225,-73.9136512,44.147282066427934,93.85123966942149,20.766721044045678,0.0,0.0,0,0,38,0.0,20333.4,0,0,1675
36005023502,"Bronx County, NY",40.8512926,-73.9034696,36.16436576473475,85.2892561983471,15.334420880913541,0.0,0.0,0,0,38,0.0,20333.4,0,0,1676
36005019700,"Bronx County, NY",40.8352051,-73.9199778,40.81855620455421,98.77685950413223,16.867862969004893,0.0,0.0,0,0,38,0.0,20333.4,0,0,1677
36005016200,"Bronx County, NY",40.8288502,-73.8217592,13.621317518560664,5.652892561983471,32.82218597063621,0.0,0.0,0,0,38,0.0,20333.4,0,0,1678
36005008700,"Bronx County, NY",40.819672,-73.8972847,53.25685356300271,94.08264462809917,30.146818923327896,0.0,0.0,0,0,38,0.0,20333.4,0,0,1679
36005021200,"Bronx County, NY",40.8361273,-73.8589637,10.303419951747157,73.9504132231405,1.435562805872757,0.0,0.0,0,0,38,0.0,20333.4,0,0,1680
36005025500,"Bronx County, NY",40.8605351,-73.9089405,32.18458552790214,97.0909090909091,10.66884176182708,0.0,0.0,0,0,38,0.0,20333.4,0,0,1681
36005013000,"Bronx County, NY",40.8193055,-73.8147485,40.439004925061354,56.89256198347108,28.74388254486134,0.0,0.0,0,0,38,0.0,20333.4,0,0,1682
36005002002,"Bronx County, NY",40.817637,-73.8644248,35.92930590738988,97.45454545454545,13.246329526916803,0.0,0.0,0,0,38,0.0,20333.4,0,0,1683
36005016600,"Bronx County, NY",40.829528,-73.830183,5.841252642164203,18.34710743801653,1.8597063621533443,0.0,0.0,0,0,38,0.0,20333.4,0,0,1684
36005017701,"Bronx County, NY",40.8331958,-73.9111774,42.25790005937558,82.67768595041322,21.59869494290375,0.0,0.0,0,0,38,0.0,20333.4,0,0,1685
36005028100,"Bronx County, NY",40.8837896,-73.8906453,38.16931639992873,46.611570247933884,31.25611745513866,0.0,0.0,0,0,38,0.0,20333.4,0,0,1686
36005024300,"Bronx County, NY",40.8524282,-73.9115345,37.60566120844438,88.09917355371901,16.05220228384992,0.0,0.0,0,0,38,0.0,20333.4,0,0,1687
36005015300,"Bronx County, NY",40.8334809,-73.8941429,50.60591704010399,90.74380165289256,28.221859706362153,0.0,0.0,0,0,38,0.0,20333.4,0,0,1688
36005007700,"Bronx County, NY",40.8197339,-73.904423,44.47219670511404,73.38842975206612,26.94942903752039,0.0,0.0,0,0,38,0.0,20333.4,0,0,1689
36005031600,"Bronx County, NY",40.8619716,-73.8487247,33.706973436400624,40.16528925619834,28.28711256117455,0.0,0.0,0,0,38,0.0,20333.4,0,0,1690
36005041100,"Bronx County, NY",40.8755828,-73.8871372,45.957472784450715,86.31404958677686,24.469820554649267,0.0,0.0,0,0,38,0.0,20333.4,0,0,1691
36005037000,"Bronx County, NY",40.8730921,-73.8590214,36.24518748008547,29.487603305785125,44.55138662316476,0.0,0.0,0,0,38,0.0,20333.4,0,0,1692
36005042500,"Bronx County, NY",40.8710473,-73.8790905,49.98590932996841,92.82644628099173,26.916802610114193,0.0,0.0,0,0,38,0.0,20333.4,0,0,1693
36005044800,"Bronx County, NY",40.8954712,-73.8413102,36.533254120787525,20.231404958677686,65.97063621533442,0.0,0.0,0,0,38,0.0,20333.4,0,0,1694
36005040600,"Bronx County, NY",40.8879511,-73.8570053,67.36233015309195,76.0,59.70636215334421,0.0,0.0,0,0,38,0.0,20333.4,0,0,1695
36005043000,"Bronx County, NY",40.8934599,-73.8506574,45.92186879381368,32.82644628099173,64.24143556280588,0.0,0.0,0,0,38,0.0,20333.4,0,0,1696
36005037300,"Bronx County, NY",40.8486733,-73.8901415,41.287935546213276,91.50413223140495,18.62969004893964,0.0,0.0,0,0,38,0.0,20333.4,0,0,1697
36005042300,"Bronx County, NY",40.8770682,-73.877321,48.815127724447834,77.12396694214875,30.89722675367047,0.0,0.0,0,0,38,0.0,20333.4,0,0,1698
36005040501,"Bronx County, NY",40.8671293,-73.8909324,29.478738030104775,95.63636363636364,9.086460032626427,0.0,0.0,0,0,38,0.0,20333.4,0,0,1699
36005040502,"Bronx County, NY",40.865878,-73.8889613,31.566261882244607,94.11570247933885,10.587275693311582,0.0,0.0,0,0,38,0.0,20333.4,0,0,1700
36005040800,"Bronx County, NY",40.8897429,-73.8617074,73.18022967575627,91.80165289256198,58.33605220228385,0.0,0.0,0,0,38,0.0,20333.4,0,0,1701
36005042600,"Bronx County, NY",40.8908411,-73.8419292,57.23823315250813,51.86776859504132,63.16476345840131,0.0,0.0,0,0,38,0.0,20333.4,0,0,1702
36005045800,"Bronx County, NY",40.8858611,-73.8452028,76.63000934716688,98.08264462809917,59.8694942903752,0.0,0.0,0,0,38,0.0,20333.4,0,0,1703
36005036502,"Bronx County, NY",40.8423877,-73.8878255,44.67506650109695,85.91735537190083,23.230016313213703,0.0,0.0,0,0,38,0.0,20333.4,0,0,1704
36005039200,"Bronx County, NY",40.8832885,-73.8647381,46.89173292137792,45.32231404958678,48.515497553017944,0.0,0.0,0,0,38,0.0,20333.4,0,0,1705
36005040302,"Bronx County, NY",40.8678463,-73.8921974,26.355386416479124,87.07438016528926,7.977161500815661,0.0,0.0,0,0,38,0.0,20333.4,0,0,1706
36005044902,"Bronx County, NY",40.8988257,-73.8689887,60.70599699589674,60.69421487603306,60.717781402936374,0.0,0.0,0,0,38,0.0,20333.4,0,0,1707
36005051601,"Bronx County, NY",40.8438771,-73.7863576,27.409868253566295,28.892561983471076,26.003262642740623,0.0,0.0,0,0,38,0.0,20333.4,0,0,1708
36005038800,"Bronx County, NY",40.8795982,-73.8553665,53.955122760809886,57.45454545454546,50.668841761827075,0.0,0.0,0,0,38,0.0,20333.4,0,0,1709
36005042200,"Bronx County, NY",40.8910971,-73.8552753,55.87339963677707,50.413223140495866,61.924959216965746,0.0,0.0,0,0,38,0.0,20333.4,0,0,1710
36005036902,"Bronx County, NY",40.8425596,-73.8929199,44.31936194369843,89.45454545454545,21.957585644371942,0.0,0.0,0,0,38,0.0,20333.4,0,0,1711
36005037400,"Bronx County, NY",40.8745379,-73.8666711,59.347945965795866,88.19834710743801,39.93474714518761,0.0,0.0,0,0,38,0.0,20333.4,0,0,1712
36005041800,"Bronx County, NY",40.8971155,-73.8584636,68.90539969617559,75.20661157024794,63.1321370309951,0.0,0.0,0,0,38,0.0,20333.4,0,0,1713
36005038500,"Bronx County, NY",40.856176,-73.8925082,35.82404792178167,98.21487603305785,13.066884176182707,0.0,0.0,0,0,38,0.0,20333.4,0,0,1714
36005037100,"Bronx County, NY",40.8472204,-73.8873781,42.75627642292672,91.40495867768595,20.0,0.0,0.0,0,0,38,0.0,20333.4,0,0,1715
36005036700,"Bronx County, NY",40.840764,-73.8893107,42.49914646219973,75.83471074380165,23.817292006525285,0.0,0.0,0,0,38,0.0,20333.4,0,0,1716
36005040900,"Bronx County, NY",40.876857,-73.89442,25.875650656823517,28.46280991735537,23.523654159869494,0.0,0.0,0,0,38,0.0,20333.4,0,0,1717
36005038700,"Bronx County, NY",40.8579914,-73.8892514,35.1651682111237,93.12396694214875,13.278955954323003,0.0,0.0,0,0,38,0.0,20333.4,0,0,1718
36005039600,"Bronx County, NY",40.8844238,-73.8589556,67.8140161152992,88.7603305785124,51.81076672104405,0.0,0.0,0,0,38,0.0,20333.4,0,0,1719
36005041300,"Bronx County, NY",40.8740946,-73.8851972,47.38205908365554,91.1404958677686,24.63295269168026,0.0,0.0,0,0,38,0.0,20333.4,0,0,1720
36005040100,"Bronx County, NY",40.8646118,-73.8976516,19.420646251236356,95.53719008264463,3.947797716150082,0.0,0.0,0,0,38,0.0,20333.4,0,0,1721
36005040303,"Bronx County, NY",40.8696839,-73.8934711,26.78716500536866,93.38842975206612,7.6835236541598695,0.0,0.0,0,0,38,0.0,20333.4,0,0,1722
36005046209,"Bronx County, NY",40.8833754,-73.831994,71.18272380279961,86.80991735537191,58.36867862969005,0.0,0.0,0,0,38,0.0,20333.4,0,0,1723
36005042000,"Bronx County, NY",40.8930261,-73.8598556,75.74755186044653,93.91735537190083,61.092985318107665,0.0,0.0,0,0,38,0.0,20333.4,0,0,1724
36005044400,"Bronx County, NY",40.8995005,-73.8437344,56.73023298496787,47.14049586776859,68.27079934747145,0.0,0.0,0,0,38,0.0,20333.4,0,0,1725
36005042400,"Bronx County, NY",40.8892825,-73.8495388,36.912701848234335,21.785123966942148,62.54486133768352,0.0,0.0,0,0,38,0.0,20333.4,0,0,1726
36005039902,"Bronx County, NY",40.8604238,-73.8947649,28.69469165008161,91.10743801652893,9.037520391517129,0.0,0.0,0,0,38,0.0,20333.4,0,0,1727
36005039100,"Bronx County, NY",40.8531197,-73.8871234,39.5872084780075,96.06611570247934,16.31321370309951,0.0,0.0,0,0,38,0.0,20333.4,0,0,1728
36005041900,"Bronx County, NY",40.8768559,-73.8816837,49.09037080683238,86.74380165289256,27.78140293637847,0.0,0.0,0,0,38,0.0,20333.4,0,0,1729
36005038200,"Bronx County, NY",40.877312,-73.8547394,48.842473404643805,48.85950413223141,48.825448613376835,0.0,0.0,0,0,38,0.0,20333.4,0,0,1730
36005040304,"Bronx County, NY",40.8676699,-73.8951873,21.51126258926971,90.0495867768595,5.138662316476346,0.0,0.0,0,0,38,0.0,20333.4,0,0,1731
36005046208,"Bronx County, NY",40.8750208,-73.8369671,28.372734559526375,15.933884297520661,50.52202283849918,0.0,0.0,0,0,38,0.0,20333.4,0,0,1732
36005036300,"Bronx County, NY",40.8445438,-73.8827576,47.77138064811969,99.07438016528926,23.03425774877651,0.0,0.0,0,0,38,0.0,20333.4,0,0,1733
36005046205,"Bronx County, NY",40.8689202,-73.8290765,38.46560217640451,31.471074380165287,47.01468189233279,0.0,0.0,0,0,38,0.0,20333.4,0,0,1734
36005040400,"Bronx County, NY",40.8861691,-73.8513487,62.26056261903055,63.603305785123965,60.94616639477978,0.0,0.0,0,0,38,0.0,20333.4,0,0,1735
36005045600,"Bronx County, NY",40.8875466,-73.8207511,27.002607142119704,11.107438016528926,65.64437194127242,0.0,0.0,0,0,38,0.0,20333.4,0,0,1736
36005039400,"Bronx County, NY",40.8864792,-73.8633993,66.81216018531512,88.72727272727273,50.30995106035889,0.0,0.0,0,0,38,0.0,20333.4,0,0,1737
36005037900,"Bronx County, NY",40.8515742,-73.8987777,38.2751625526869,97.71900826446281,14.991843393148448,0.0,0.0,0,0,38,0.0,20333.4,0,0,1738
36005046000,"Bronx County, NY",40.8824438,-73.8426481,65.93977050893803,76.06611570247934,57.16150081566068,0.0,0.0,0,0,38,0.0,20333.4,0,0,1739
36005042901,"Bronx County, NY",40.8749499,-73.8742925,50.748045098008106,80.62809917355372,31.941272430668842,0.0,0.0,0,0,38,0.0,20333.4,0,0,1740
36005037504,"Bronx County, NY",40.8503062,-73.892669,37.21978929103834,82.44628099173553,16.802610114192497,0.0,0.0,0,0,38,0.0,20333.4,0,0,1741
36005045101,"Bronx County, NY",40.8974545,-73.8643137,44.40824552684314,32.06611570247934,61.50081566068516,0.0,0.0,0,0,38,0.0,20333.4,0,0,1742
36005040702,"Bronx County, NY",40.8691444,-73.8869972,34.002793830370244,94.24793388429752,12.267536704730832,0.0,0.0,0,0,38,0.0,20333.4,0,0,1743
36005038900,"Bronx County, NY",40.8564,-73.8849976,39.05420609845793,98.31404958677686,15.513866231647636,0.0,0.0,0,0,38,0.0,20333.4,0,0,1744
36005038304,"Bronx County, NY",40.8581327,-73.8937316,31.585910973398693,86.3801652892562,11.549755301794454,0.0,0.0,0,0,38,0.0,20333.4,0,0,1745
36005042800,"Bronx County, NY",40.8945094,-73.845703,15.46611739734624,3.6694214876033056,65.18760195758564,0.0,0.0,0,0,38,0.0,20333.4,0,0,1746
36005043101,"Bronx County, NY",40.8837271,-73.8789899,58.238451230069295,93.9504132231405,36.101141924959215,0.0,0.0,0,0,38,0.0,20333.4,0,0,1747
36005046206,"Bronx County, NY",40.8754486,-73.8278456,51.881312184399945,51.30578512396694,52.46329526916803,0.0,0.0,0,0,38,0.0,20333.4,0,0,1748
36005043600,"Bronx County, NY",40.8972802,-73.8497602,43.278377332509514,28.363636363636363,66.03588907014681,0.0,0.0,0,0,38,0.0,20333.4,0,0,1749
36005048401,"Bronx County, NY",40.886082,-73.8331562,36.431532343273346,21.983471074380166,60.37520391517129,0.0,0.0,0,0,38,0.0,20333.4,0,0,1750
36005036501,"Bronx County, NY",40.8454083,-73.8857769,41.89742892562387,82.01652892561984,21.40293637846656,0.0,0.0,0,0,38,0.0,20333.4,0,0,1751
36005039800,"Bronx County, NY",40.882697,-73.8534698,63.92245177066647,77.35537190082644,52.82218597063621,0.0,0.0,0,0,38,0.0,20333.4,0,0,1752
36005038000,"Bronx County, NY",40.878088,-73.8624172,62.72220661430026,82.08264462809917,47.92822185970636,0.0,0.0,0,0,38,0.0,20333.4,0,0,1753
36005044901,"Bronx County, NY",40.8974999,-73.8733943,51.18824546894258,44.99173553719008,58.23817292006525,0.0,0.0,0,0,38,0.0,20333.4,0,0,1754
36005038303,"Bronx County, NY",40.8568375,-73.8961642,32.26521417373513,87.90082644628099,11.843393148450245,0.0,0.0,0,0,38,0.0,20333.4,0,0,1755
36005041500,"Bronx County, NY",40.8701051,-73.8835491,48.231127130834636,92.9586776859504,25.02446982055465,0.0,0.0,0,0,38,0.0,20333.4,0,0,1756
36005039700,"Bronx County, NY",40.8618442,-73.885433,36.46537746858835,99.40495867768595,13.376835236541599,0.0,0.0,0,0,38,0.0,20333.4,0,0,1757
36005044200,"Bronx County, NY",40.9038714,-73.8461971,78.53137421101059,86.11570247933884,71.61500815660685,0.0,0.0,0,0,38,0.0,20333.4,0,0,1758
36005036400,"Bronx County, NY",40.8736167,-73.8492139,48.33064855970056,53.1900826446281,43.915171288743885,0.0,0.0,0,0,38,0.0,20333.4,0,0,1759
36005039300,"Bronx County, NY",40.8524976,-73.8831437,42.50682272957635,98.01652892561984,18.43393148450245,0.0,0.0,0,0,38,0.0,20333.4,0,0,1760
36005042100,"Bronx County, NY",40.8814613,-73.882734,54.83311364262697,93.65289256198346,32.10440456769984,0.0,0.0,0,0,38,0.0,20333.4,0,0,1761
36005043102,"Bronx County, NY",40.8794215,-73.8723023,56.0256811634941,83.00826446280992,37.81402936378467,0.0,0.0,0,0,38,0.0,20333.4,0,0,1762
36005037800,"Bronx County, NY",40.8797827,-73.8666133,59.433154833747814,77.55371900826447,45.54649265905383,0.0,0.0,0,0,38,0.0,20333.4,0,0,1763
36005041400,"Bronx County, NY",40.9035441,-73.8540894,46.93907970225875,32.925619834710744,66.91680261011419,0.0,0.0,0,0,38,0.0,20333.4,0,0,1764
36005036901,"Bronx County, NY",40.8443568,-73.8918829,41.541086872330474,82.57851239669421,20.897226753670473,0.0,0.0,0,0,38,0.0,20333.4,0,0,1765
36005038301,"Bronx County, NY",40.8572074,-73.898521,32.26937568366227,93.32231404958678,11.158238172920065,0.0,0.0,0,0,38,0.0,20333.4,0,0,1766
36005046207,"Bronx County, NY",40.8773207,-73.8316493,59.050609696664786,65.48760330578513,53.2463295269168,0.0,0.0,0,0,38,0.0,20333.4,0,0,1767
36005038100,"Bronx County, NY",40.8520113,-73.9011562,37.383344679675446,94.97520661157026,14.714518760195757,0.0,0.0,0,0,38,0.0,20333.4,0,0,1768
36005039901,"Bronx County, NY",40.8635111,-73.8936406,25.71804884147781,93.42148760330579,7.079934747145187,0.0,0.0,0,0,38,0.0,20333.4,0,0,1769
36005045102,"Bronx County, NY",40.9003682,-73.8641477,35.95577286184245,20.59504132231405,62.77324632952692,0.0,0.0,0,0,38,0.0,20333.4,0,0,1770
36005037200,"Bronx County, NY",40.8738025,-73.8632803,37.151425073499446,32.0,43.1321370309951,0.0,0.0,0,0,38,0.0,20333.4,0,0,1771
36005039500,"Bronx County, NY",40.8481986,-73.8966814,41.08577201046982,94.41322314049587,17.879282218597066,0.0,0.0,0,0,38,0.0,20333.4,0,0,1772
36005039000,"Bronx County, NY",40.8812352,-73.86076,46.24855954484751,43.27272727272727,49.42903752039152,0.0,0.0,0,0,38,0.0,20333.4,0,0,1773
36005038600,"Bronx County, NY",40.8796354,-73.8484001,63.63593991511653,81.81818181818183,49.49429037520392,0.0,0.0,0,0,38,0.0,20333.4,0,0,1774
36005046203,"Bronx County, NY",40.8790177,-73.8246576,62.457252715832375,69.55371900826447,56.084828711256115,0.0,0.0,0,0,38,0.0,20333.4,0,0,1775
36005042902,"Bronx County, NY",40.8771176,-73.873909,54.545059072173544,85.22314049586777,34.91027732463296,0.0,0.0,0,0,38,0.0,20333.4,0,0,1776
36005043400,"Bronx County, NY",40.8982106,-73.8523394,63.16513734587976,60.99173553719008,65.41598694942904,0.0,0.0,0,0,38,0.0,20333.4,0,0,1777
36005046204,"Bronx County, NY",40.8729846,-73.8261202,53.535964772156525,56.528925619834716,50.70146818923328,0.0,0.0,0,0,38,0.0,20333.4,0,0,1778
36005037600,"Bronx County, NY",40.8745386,-73.869205,45.96028893548876,55.93388429752066,37.76508972267536,0.0,0.0,0,0,38,0.0,20333.4,0,0,1779
36005036800,"Bronx County, NY",40.8753072,-73.855942,50.763631944323265,53.950413223140494,47.76508972267537,0.0,0.0,0,0,38,0.0,20333.4,0,0,1780
36005040701,"Bronx County, NY",40.8715793,-73.8902605,10.720300270002356,83.86776859504133,1.370309951060359,0.0,0.0,0,0,38,0.0,20333.4,0,0,1781
36047000200,"Kings County, NY",40.6532475,-74.0110678,60.20640932610643,63.50413223140497,57.07993474714519,0.0,0.0,0,0,38,0.0,20333.4,0,0,1782
36047001100,"Kings County, NY",40.6932903,-73.9877087,8.503013682908001,20.330578512396695,3.556280587275693,0.0,0.0,0,0,38,0.0,20333.4,0,0,1783
36047003900,"Kings County, NY",40.6849013,-73.980824,22.724609068289098,39.768595041322314,12.98531810766721,0.0,0.0,0,0,38,0.0,20333.4,0,0,1784
36047001501,"Kings County, NY",40.6959062,-73.9824665,22.96582501048809,68.06611570247934,7.748776508972267,0.0,0.0,0,0,38,0.0,20333.4,0,0,1785
36047002000,"Kings County, NY",40.6480407,-74.0159276,52.31215749409631,44.79338842975207,61.092985318107665,0.0,0.0,0,0,38,0.0,20333.4,0,0,1786
36047003400,"Kings County, NY",40.6404176,-74.0334392,56.52495893587717,45.02479338842975,70.96247960848288,0.0,0.0,0,0,38,0.0,20333.4,0,0,1787
36047002300,"Kings County, NY",40.6995617,-73.9832799,9.604981652731587,88.36363636363636,1.0440456769983686,0.0,0.0,0,0,38,0.0,20333.4,0,0,1788
36047003800,"Kings County, NY",40.6344225,-74.0357544,24.324306817968026,8.198347107438018,72.16965742251223,0.0,0.0,0,0,38,0.0,20333.4,0,0,1789
36047003500,"Kings County, NY",40.6853252,-73.9761803,23.700980590045603,39.04132231404959,14.38825448613377,0.0,0.0,0,0,38,0.0,20333.4,0,0,1790
36047002901,"Kings County, NY",40.6949933,-73.9780959,31.178956428316408,85.6198347107438,11.35399673735726,0.0,0.0,0,0,38,0.0,20333.4,0,0,1791
36047003300,"Kings County, NY",40.6885112,-73.9781063,27.402882859758684,60.72727272727273,12.36541598694943,0.0,0.0,0,0,38,0.0,20333.4,0,0,1792
36047000301,"Kings County, NY",40.6963723,-73.9973735,16.669735784897277,37.68595041322314,7.373572593800978,0.0,0.0,0,0,38,0.0,20333.4,0,0,1793
36047001300,"Kings County, NY",40.697615,-73.9883586,7.196545983244615,10.512396694214877,4.926590538336052,0.0,0.0,0,0,38,0.0,20333.4,0,0,1794
36047002100,"Kings County, NY",40.7034471,-73.9871024,8.25947296548073,45.45454545454545,1.500815660685155,0.0,0.0,0,0,38,0.0,20333.4,0,0,1795
36047004100,"Kings County, NY",40.6865996,-73.9850538,19.171492955093225,35.53719008264463,10.34257748776509,0.0,0.0,0,0,38,0.0,20333.4,0,0,1796
36047003600,"Kings County, NY",40.6346861,-74.0308979,70.61234523115719,69.71900826446281,71.51712887438826,0.0,0.0,0,0,38,0.0,20333.4,0,0,1797
36047003101,"Kings County, NY",40.6916869,-73.979685,19.256619987538787,35.966942148760324,10.309951060358891,0.0,0.0,0,0,38,0.0,20333.4,0,0,1798
36047003700,"Kings County, NY",40.6893925,-73.9847008,19.839948481316867,50.47933884297521,7.797716150081565,0.0,0.0,0,0,38,0.0,20333.4,0,0,1799
36047000502,"Kings County, NY",40.6951344,-73.9928614,10.110254638936743,27.008264462809915,3.7846655791190864,0.0,0.0,0,0,38,0.0,20333.4,0,0,1800
36047001502,"Kings County, NY",40.6923209,-73.9835851,19.228370323148372,56.66115702479338,6.525285481239804,0.0,0.0,0,0,38,0.0,20333.4,0,0,1801
36047000100,"Kings County, NY",40.700215,-73.9938089,5.090315848572881,30.545454545454547,0.8482871125611746,0.0,0.0,0,0,38,0.0,20333.4,0,0,1802
36047000900,"Kings County, NY",40.6917206,-73.9916018,12.582683275318008,41.12396694214876,3.8499184339314847,0.0,0.0,0,0,38,0.0,20333.4,0,0,1803
36047002200,"Kings County, NY",40.6434585,-74.0216933,75.89256054688911,84.62809917355372,68.05872756933115,0.0,0.0,0,0,38,0.0,20333.4,0,0,1804
36047000700,"Kings County, NY",40.6923505,-73.9973434,4.989087899814429,34.67768595041322,0.7177814029363785,0.0,0.0,0,0,38,0.0,20333.4,0,0,1805
36047000501,"Kings County, NY",40.6958143,-73.9947007,17.748051341276202,64.36363636363637,4.893964110929853,0.0,0.0,0,0,38,0.0,20333.4,0,0,1806
36047003000,"Kings County, NY",40.6388788,-74.0289766,24.934022385922564,8.793388429752067,70.70146818923327,0.0,0.0,0,0,38,0.0,20333.4,0,0,1807
36047016500,"Kings County, NY",40.6699761,-73.9740401,27.70057403256807,31.867768595041323,24.078303425774877,0.0,0.0,0,0,38,0.0,20333.4,0,0,1808
36047048100,"Kings County, NY",40.7138604,-73.9384989,41.891559142714506,73.88429752066116,23.752039151712886,0.0,0.0,0,0,38,0.0,20333.4,0,0,1809
36047005800,"Kings County, NY",40.6190887,-74.0321884,62.99902447382376,52.95867768595042,74.94290375203914,0.0,0.0,0,0,38,0.0,20333.4,0,0,1810
36047037900,"Kings County, NY",40.6804989,-73.9193657,65.43107658419544,87.80165289256199,48.76019575856444,0.0,0.0,0,0,38,0.0,20333.4,0,0,1811
36047005302,"Kings County, NY",40.6735148,-74.0087194,11.463376608841076,11.933884297520661,11.01141924959217,0.0,0.0,0,0,38,0.0,20333.4,0,0,1812
36047019000,"Kings County, NY",40.621038,-74.0003857,74.19788539348065,84.49586776859505,65.15497553017944,0.0,0.0,0,0,38,0.0,20333.4,0,0,1813
36047038900,"Kings County, NY",40.6994385,-73.9372349,38.03877075876717,63.53719008264462,22.773246329526916,0.0,0.0,0,0,38,0.0,20333.4,0,0,1814
36047028800,"Kings County, NY",40.6045113,-73.9965623,63.28131286132993,62.97520661157024,63.588907014681894,0.0,0.0,0,0,38,0.0,20333.4,0,0,1815
36047035602,"Kings County, NY",40.5778298,-73.9702043,63.769433547392495,87.40495867768595,46.525285481239806,0.0,0.0,0,0,38,0.0,20333.4,0,0,1816
36047050700,"Kings County, NY",40.7014096,-73.9470079,39.34173141487386,85.32231404958678,18.140293637846653,0.0,0.0,0,0,38,0.0,20333.4,0,0,1817
36047043900,"Kings County, NY",40.6974716,-73.9093087,47.2587848340433,62.743801652892564,35.59543230016313,0.0,0.0,0,0,38,0.0,20333.4,0,0,1818
36047049700,"Kings County, NY",40.7162166,-73.944594,32.318971657168355,49.98347107438016,20.897226753670473,0.0,0.0,0,0,38,0.0,20333.4,0,0,1819
36047024100,"Kings County, NY",40.6922221,-73.9538035,41.261908959445634,69.9504132231405,24.33931484502447,0.0,0.0,0,0,38,0.0,20333.4,0,0,1820
36047006902,"Kings County, NY",40.6845526,-73.9920877,5.275114904799782,19.834710743801654,1.4029363784665578,0.0,0.0,0,0,38,0.0,20333.4,0,0,1821
36047044600,"Kings County, NY",40.6152315,-73.9760563,32.338388524047545,20.03305785123967,52.20228384991843,0.0,0.0,0,0,38,0.0,20333.4,0,0,1822
36047013000,"Kings County, NY",40.6325873,-74.0213843,75.4347579513884,79.60330578512396,71.48450244698206,0.0,0.0,0,0,38,0.0,20333.4,0,0,1823
36047049900,"Kings County, NY",40.7209087,-73.9468832,23.327243170896434,30.74380165289256,17.69983686786297,0.0,0.0,0,0,38,0.0,20333.4,0,0,1824
36047005100,"Kings County, NY",40.683495,-74.0034808,4.948496416870474,11.37190082644628,2.1533442088091355,0.0,0.0,0,0,38,0.0,20333.4,0,0,1825
36047041600,"Kings County, NY",40.6024112,-73.9634864,45.50211954985225,52.16528925619834,39.69004893964111,0.0,0.0,0,0,38,0.0,20333.4,0,0,1826
36047013500,"Kings County, NY",40.672811,-73.9833133,12.051619390636656,18.74380165289256,7.748776508972267,0.0,0.0,0,0,38,0.0,20333.4,0,0,1827
36047029200,"Kings County, NY",40.5972459,-74.0007128,66.61607201154534,66.44628099173553,66.78629690048939,0.0,0.0,0,0,38,0.0,20333.4,0,0,1828
36047019800,"Kings County, NY",40.6193594,-74.0066177,44.98796571048768,29.75206611570248,68.02610114192495,0.0,0.0,0,0,38,0.0,20333.4,0,0,1829
36047029900,"Kings County, NY",40.6781448,-73.9257979,58.703789033689716,75.93388429752066,45.38336052202283,0.0,0.0,0,0,38,0.0,20333.4,0,0,1830
36047009401,"Kings County, NY",40.6440222,-74.0024807,59.33485960679887,57.12396694214876,61.631321370309955,0.0,0.0,0,0,38,0.0,20333.4,0,0,1831
36047036002,"Kings County, NY",40.5763621,-73.9612376,63.91036960501291,97.65289256198348,41.82707993474715,0.0,0.0,0,0,38,0.0,20333.4,0,0,1832
36047030300,"Kings County, NY",40.6751161,-73.9179373,67.68319329736403,91.47107438016529,50.08156606851549,0.0,0.0,0,0,38,0.0,20333.4,0,0,1833
36047049100,"Kings County, NY",40.7035729,-73.9440999,43.07307349909211,92.46280991735537,20.0652528548124,0.0,0.0,0,0,38,0.0,20333.4,0,0,1834
36047051300,"Kings County, NY",40.7117914,-73.9521631,38.30870915813951,79.47107438016529,18.466557911908644,0.0,0.0,0,0,38,0.0,20333.4,0,0,1835
36047010100,"Kings County, NY",40.6583907,-73.9998245,34.34089469992503,58.67768595041323,20.097879282218596,0.0,0.0,0,0,38,0.0,20333.4,0,0,1836
36047024900,"Kings County, NY",40.6829833,-73.9483904,47.380249387621625,78.54545454545455,28.58075040783034,0.0,0.0,0,0,38,0.0,20333.4,0,0,1837
36047024600,"Kings County, NY",40.6181698,-73.9811393,63.57881340828493,72.49586776859505,55.758564437194124,0.0,0.0,0,0,38,0.0,20333.4,0,0,1838
36047020700,"Kings County, NY",40.6749547,-73.9666124,28.03084907006563,33.35537190082645,23.556280587275694,0.0,0.0,0,0,38,0.0,20333.4,0,0,1839
36047026200,"Kings County, NY",40.6187285,-73.9970786,37.15409587051258,21.58677685950413,63.94779771615008,0.0,0.0,0,0,38,0.0,20333.4,0,0,1840
36047035500,"Kings County, NY",40.664405,-73.9334722,62.4588414219536,83.96694214876032,46.460032626427406,0.0,0.0,0,0,38,0.0,20333.4,0,0,1841
36047024500,"Kings County, NY",40.682881,-73.9519012,38.22065354077706,53.68595041322314,27.210440456769984,0.0,0.0,0,0,38,0.0,20333.4,0,0,1842
36047050600,"Kings County, NY",40.6489784,-73.9668581,64.42785676998568,77.38842975206612,53.637846655791186,0.0,0.0,0,0,38,0.0,20333.4,0,0,1843
36047011200,"Kings County, NY",40.6422528,-73.9956749,75.87502843406585,92.52892561983471,62.21859706362153,0.0,0.0,0,0,38,0.0,20333.4,0,0,1844
36047041800,"Kings County, NY",40.6054,-73.9648516,57.62974019394704,80.66115702479338,41.174551386623165,0.0,0.0,0,0,38,0.0,20333.4,0,0,1845
36047050900,"Kings County, NY",40.7032772,-73.9505646,40.53449534636529,98.74380165289256,16.6394779771615,0.0,0.0,0,0,38,0.0,20333.4,0,0,1846
36047022200,"Kings County, NY",40.6382394,-73.9929635,80.1363216399006,98.9090909090909,64.92659053833604,0.0,0.0,0,0,38,0.0,20333.4,0,0,1847
36047011901,"Kings County, NY",40.677193,-73.9878271,9.739962284392583,33.421487603305785,2.838499184339315,0.0,0.0,0,0,38,0.0,20333.4,0,0,1848
36047034902,"Kings County, NY",40.6669397,-73.9299051,61.909154824799764,80.79338842975207,47.43882544861337,0.0,0.0,0,0,38,0.0,20333.4,0,0,1849
36047014000,"Kings County, NY",40.6207782,-74.0196779,60.992823951936465,51.570247933884296,72.13703099510603,0.0,0.0,0,0,38,0.0,20333.4,0,0,1850
36047036300,"Kings County, NY",40.6721757,-73.9169925,62.58182623027871,76.26446280991736,51.35399673735726,0.0,0.0,0,0,38,0.0,20333.4,0,0,1851
36047049800,"Kings County, NY",40.6454295,-73.9826813,46.532587573455025,35.83471074380165,60.42414355628058,0.0,0.0,0,0,38,0.0,20333.4,0,0,1852
36047031100,"Kings County, NY",40.6764778,-73.9389551,43.19583356309155,51.10743801652893,36.508972267536706,0.0,0.0,0,0,38,0.0,20333.4,0,0,1853
36047038700,"Kings County, NY",40.6905393,-73.9277496,57.54088617228551,80.92561983471074,40.91353996737357,0.0,0.0,0,0,38,0.0,20333.4,0,0,1854
36047029600,"Kings County, NY",40.6009574,-73.9930188,74.14109957719523,89.1900826446281,61.631321370309955,0.0,0.0,0,0,38,0.0,20333.4,0,0,1855
36047043200,"Kings County, NY",40.6106815,-73.9806847,55.19793639558002,57.52066115702479,52.96900489396411,0.0,0.0,0,0,38,0.0,20333.4,0,0,1856
36047018700,"Kings County, NY",40.6946579,-73.9706403,19.65575415366739,25.520661157024794,15.138662316476346,0.0,0.0,0,0,38,0.0,20333.4,0,0,1857
36047007400,"Kings County, NY",40.6418552,-74.0170288,70.75600734923322,73.45454545454545,68.15660685154975,0.0,0.0,0,0,38,0.0,20333.4,0,0,1858
36047009001,"Kings County, NY",40.6479217,-73.9983817,55.00050434685654,51.33884297520661,58.923327895595435,0.0,0.0,0,0,38,0.0,20333.4,0,0,1859
36047016900,"Kings County, NY",40.6592927,-73.9812838,29.941948786663254,45.950413223140494,19.510603588907014,0.0,0.0,0,0,38,0.0,20333.4,0,0,1860
36047035200,"Kings County, NY",40.573212,-73.9807254,56.34349240336983,57.917355371900825,54.81239804241436,0.0,0.0,0,0,38,0.0,20333.4,0,0,1861
36047031500,"Kings County, NY",40.6769132,-73.9499243,46.68448389449925,72.92561983471074,29.885807504078304,0.0,0.0,0,0,38,0.0,20333.4,0,0,1862
36047032100,"Kings County, NY",40.6668692,-73.9521834,48.2793608851016,68.7603305785124,33.898858075040785,0.0,0.0,0,0,38,0.0,20333.4,0,0,1863
36047019400,"Kings County, NY",40.6258369,-74.0011077,58.87429009248209,55.07438016528926,62.936378466557905,0.0,0.0,0,0,38,0.0,20333.4,0,0,1864
36047012600,"Kings County, NY",40.634819,-74.0190415,65.89271173692967,61.15702479338842,70.99510603588907,0.0,0.0,0,0,38,0.0,20333.4,0,0,1865
36047013600,"Kings County, NY",40.6268984,-74.0225939,65.75792726185544,59.27272727272728,72.95269168026101,0.0,0.0,0,0,38,0.0,20333.4,0,0,1866
36047030900,"Kings County, NY",40.6761508,-73.9330036,52.446438726163585,68.09917355371901,40.39151712887439,0.0,0.0,0,0,38,0.0,20333.4,0,0,1867
36047036400,"Kings County, NY",40.5801614,-73.9638638,54.21980499893115,72.69421487603306,40.44045676998368,0.0,0.0,0,0,38,0.0,20333.4,0,0,1868
36047019200,"Kings County, NY",40.6284585,-73.9989281,73.10406619947392,84.82644628099175,63.00163132137031,0.0,0.0,0,0,38,0.0,20333.4,0,0,1869
36047017100,"Kings County, NY",40.6569638,-73.9768619,23.405320784507744,25.752066115702476,21.272430668841764,0.0,0.0,0,0,38,0.0,20333.4,0,0,1870
36047043300,"Kings County, NY",40.697522,-73.915939,53.86686996853524,90.61157024793388,32.02283849918434,0.0,0.0,0,0,38,0.0,20333.4,0,0,1871
36047028600,"Kings County, NY",40.5987718,-74.0019271,78.33077147338736,90.41322314049587,67.86296900489397,0.0,0.0,0,0,38,0.0,20333.4,0,0,1872
36047021200,"Kings County, NY",40.6294745,-74.0058501,60.5532935547958,55.471074380165284,66.10114192495922,0.0,0.0,0,0,38,0.0,20333.4,0,0,1873
36047018300,"Kings County, NY",40.691376,-73.9714779,16.374936365632788,17.983471074380162,14.910277324632954,0.0,0.0,0,0,38,0.0,20333.4,0,0,1874
36047045400,"Kings County, NY",40.6186826,-73.9650025,54.05551877642415,61.09090909090909,47.83034257748777,0.0,0.0,0,0,38,0.0,20333.4,0,0,1875
36047028000,"Kings County, NY",40.6011057,-74.0073298,46.697535361358355,31.438016528925623,69.36378466557912,0.0,0.0,0,0,38,0.0,20333.4,0,0,1876
36047041300,"Kings County, NY",40.6898146,-73.91062,62.142444125333704,74.34710743801652,51.94127243066884,0.0,0.0,0,0,38,0.0,20333.4,0,0,1877
36047004900,"Kings County, NY",40.6879989,-73.9984362,4.321612864537224,15.47107438016529,1.2071778140293639,0.0,0.0,0,0,38,0.0,20333.4,0,0,1878
36047040200,"Kings County, NY",40.5960009,-73.9827234,47.006058331944466,38.8099173553719,56.933115823817296,0.0,0.0,0,0,38,0.0,20333.4,0,0,1879
36047015000,"Kings County, NY",40.6153783,-74.0107586,42.60534918677124,26.181818181818183,69.33115823817292,0.0,0.0,0,0,38,0.0,20333.4,0,0,1880
36047024000,"Kings County, NY",40.6288316,-73.9931862,77.10939984579193,96.62809917355372,61.53344208809135,0.0,0.0,0,0,38,0.0,20333.4,0,0,1881
36047011400,"Kings County, NY",40.6394233,-73.9992118,75.37342356689757,84.09917355371901,67.55301794453507,0.0,0.0,0,0,38,0.0,20333.4,0,0,1882
36047013900,"Kings County, NY",40.6679862,-73.9873365,22.498837147899405,40.561983471074385,12.479608482871125,0.0,0.0,0,0,38,0.0,20333.4,0,0,1883
36047025901,"Kings County, NY",40.6949673,-73.9462243,37.68611077766215,79.07438016528926,17.96084828711256,0.0,0.0,0,0,38,0.0,20333.4,0,0,1884
36047042200,"Kings County, NY",40.6068705,-73.9699923,65.6146886658702,90.94214876033058,47.34094616639478,0.0,0.0,0,0,38,0.0,20333.4,0,0,1885
36047050300,"Kings County, NY",40.7122018,-73.9474623,31.407227260683573,48.06611570247934,20.522022838499186,0.0,0.0,0,0,38,0.0,20333.4,0,0,1886
36047015200,"Kings County, NY",40.6145072,-74.0244665,54.72869512642516,40.892561983471076,73.2463295269168,0.0,0.0,0,0,38,0.0,20333.4,0,0,1887
36047018800,"Kings County, NY",40.6174779,-74.00274,66.79907487041321,67.47107438016529,66.13376835236542,0.0,0.0,0,0,38,0.0,20333.4,0,0,1888
36047025100,"Kings County, NY",40.6878546,-73.9493878,50.085734000889225,90.77685950413223,27.634584013050574,0.0,0.0,0,0,38,0.0,20333.4,0,0,1889
36047039800,"Kings County, NY",40.5954468,-73.9755124,32.576646800463735,20.49586776859504,51.77814029363784,0.0,0.0,0,0,38,0.0,20333.4,0,0,1890
36047048500,"Kings County, NY",40.7078399,-73.9363455,39.93372828330427,66.54545454545455,23.96411092985318,0.0,0.0,0,0,38,0.0,20333.4,0,0,1891
36047030600,"Kings County, NY",40.5911556,-73.9861335,49.76099971065053,42.97520661157025,57.61827079934747,0.0,0.0,0,0,38,0.0,20333.4,0,0,1892
36047047600,"Kings County, NY",40.6305694,-73.9805808,69.92803656679418,85.15702479338843,57.42251223491027,0.0,0.0,0,0,38,0.0,20333.4,0,0,1893
36047009402,"Kings County, NY",40.6426913,-74.000278,52.58291539962657,44.46280991735537,62.18597063621534,0.0,0.0,0,0,38,0.0,20333.4,0,0,1894
36047036600,"Kings County, NY",40.5828706,-73.9637676,58.43765123741538,87.73553719008265,38.923327895595435,0.0,0.0,0,0,38,0.0,20333.4,0,0,1895
36047005201,"Kings County, NY",40.6216089,-74.0382101,58.061272125497126,44.231404958677686,76.21533442088091,0.0,0.0,0,0,38,0.0,20333.4,0,0,1896
36047036502,"Kings County, NY",40.6747259,-73.9075432,54.96675009131761,54.90909090909091,55.02446982055464,0.0,0.0,0,0,38,0.0,20333.4,0,0,1897
36047030200,"Kings County, NY",40.5957121,-73.990647,48.995474655779965,39.074380165289256,61.435562805872756,0.0,0.0,0,0,38,0.0,20333.4,0,0,1898
36047011800,"Kings County, NY",40.6351044,-74.0114899,55.81190302742015,44.760330578512395,69.5921696574225,0.0,0.0,0,0,38,0.0,20333.4,0,0,1899
36047042000,"Kings County, NY",40.6092377,-73.9643322,49.352836588577595,60.79338842975207,40.0652528548124,0.0,0.0,0,0,38,0.0,20333.4,0,0,1900
36047013400,"Kings County, NY",40.6295241,-74.0202705,63.10937062276911,56.46280991735537,70.53833605220228,0.0,0.0,0,0,38,0.0,20333.4,0,0,1901
36047041900,"Kings County, NY",40.6953233,-73.9210331,51.498096876556154,89.81818181818181,29.526916802610113,0.0,0.0,0,0,38,0.0,20333.4,0,0,1902
36047049301,"Kings County, NY",40.710001,-73.9419334,41.60305490785175,77.78512396694215,22.251223491027734,0.0,0.0,0,0,38,0.0,20333.4,0,0,1903
36047033500,"Kings County, NY",40.6675941,-73.9423885,50.16434775102484,64.7603305785124,38.858075040783035,0.0,0.0,0,0,38,0.0,20333.4,0,0,1904
36047006800,"Kings County, NY",40.6351749,-74.0262304,76.90794199869754,82.47933884297521,71.71288743882545,0.0,0.0,0,0,38,0.0,20333.4,0,0,1905
36047029500,"Kings County, NY",40.684566,-73.9323759,46.95612617877645,56.69421487603306,38.890701468189235,0.0,0.0,0,0,38,0.0,20333.4,0,0,1906
36047014800,"Kings County, NY",40.6167077,-74.012961,34.55219772304237,17.09090909090909,69.8531810766721,0.0,0.0,0,0,38,0.0,20333.4,0,0,1907
36047017800,"Kings County, NY",40.6069686,-74.0047234,27.557522358605155,11.206611570247933,67.76508972267537,0.0,0.0,0,0,38,0.0,20333.4,0,0,1908
36047017900,"Kings County, NY",40.6842401,-73.9713282,31.462964963454866,57.35537190082645,17.25938009787928,0.0,0.0,0,0,38,0.0,20333.4,0,0,1909
36047050100,"Kings County, NY",40.715735,-73.9489203,39.58786235629862,78.80991735537191,19.885807504078304,0.0,0.0,0,0,38,0.0,20333.4,0,0,1910
36047028100,"Kings County, NY",40.6926888,-73.9399286,56.54987338920541,97.91735537190083,32.65905383360522,0.0,0.0,0,0,38,0.0,20333.4,0,0,1911
36047024800,"Kings County, NY",40.6213629,-73.9899931,63.25676490188645,65.6198347107438,60.978792822185966,0.0,0.0,0,0,38,0.0,20333.4,0,0,1912
36047044200,"Kings County, NY",40.6123965,-73.9655936,55.90694410682495,71.04132231404958,43.99673735725938,0.0,0.0,0,0,38,0.0,20333.4,0,0,1913
36047043500,"Kings County, NY",40.695384,-73.9121802,55.553986349039576,90.34710743801652,34.159869494290376,0.0,0.0,0,0,38,0.0,20333.4,0,0,1914
36047040900,"Kings County, NY",40.6910811,-73.904613,67.81724468656206,84.56198347107437,54.38825448613377,0.0,0.0,0,0,38,0.0,20333.4,0,0,1915
36047030000,"Kings County, NY",40.5974031,-73.9887444,53.94086805167065,47.53719008264463,61.207177814029365,0.0,0.0,0,0,38,0.0,20333.4,0,0,1916
36047040600,"Kings County, NY",40.6005116,-73.9823218,33.38070954984475,20.462809917355372,54.45350734094616,0.0,0.0,0,0,38,0.0,20333.4,0,0,1917
36047023200,"Kings County, NY",40.6360999,-73.9862206,76.20706673936762,93.48760330578513,62.12071778140293,0.0,0.0,0,0,38,0.0,20333.4,0,0,1918
36047030700,"Kings County, NY",40.675583,-73.9262196,65.82248653048974,94.31404958677686,45.93800978792822,0.0,0.0,0,0,38,0.0,20333.4,0,0,1919
36047022700,"Kings County, NY",40.6815084,-73.9572531,44.659226333464986,80.85950413223141,24.66557911908646,0.0,0.0,0,0,38,0.0,20333.4,0,0,1920
36047009201,"Kings County, NY",40.6459823,-74.0004393,48.83895113304692,39.603305785123965,60.2283849918434,0.0,0.0,0,0,38,0.0,20333.4,0,0,1921
36047037500,"Kings County, NY",40.6876199,-73.9215167,61.714859873393245,81.12396694214877,46.94942903752039,0.0,0.0,0,0,38,0.0,20333.4,0,0,1922
36047009600,"Kings County, NY",40.6460153,-74.0057847,68.26197868269477,76.6611570247934,60.78303425774878,0.0,0.0,0,0,38,0.0,20333.4,0,0,1923
36047028501,"Kings County, NY",40.6994266,-73.9420913,40.16505656628081,79.2396694214876,20.358890701468187,0.0,0.0,0,0,38,0.0,20333.4,0,0,1924
36047011600,"Kings County, NY",40.6358731,-74.0036488,62.99459017081627,58.64462809917356,67.66721044045677,0.0,0.0,0,0,38,0.0,20333.4,0,0,1925
36047035900,"Kings County, NY",40.670433,-73.9238643,67.85427479103873,94.01652892561984,48.972267536704734,0.0,0.0,0,0,38,0.0,20333.4,0,0,1926
36047039700,"Kings County, NY",40.6889485,-73.91914,66.05540122836294,90.54545454545455,48.18923327895595,0.0,0.0,0,0,38,0.0,20333.4,0,0,1927
36047004300,"Kings County, NY",40.6882029,-73.9895993,19.18695780727656,50.14876033057851,7.3409461663947795,0.0,0.0,0,0,38,0.0,20333.4,0,0,1928
36047025500,"Kings County, NY",40.6973919,-73.9512862,38.55861619441216,95.83471074380165,15.513866231647636,0.0,0.0,0,0,38,0.0,20333.4,0,0,1929
36047006300,"Kings County, NY",40.6819491,-74.0013351,6.581245760588252,19.239669421487605,2.2512234910277327,0.0,0.0,0,0,38,0.0,20333.4,0,0,1930
36047033900,"Kings County, NY",40.6712119,-73.9420151,56.52920432588218,86.44628099173553,36.965742251223496,0.0,0.0,0,0,38,0.0,20333.4,0,0,1931
36047037100,"Kings County, NY",40.6802873,-73.9138395,51.96967326155786,52.760330578512395,51.19086460032627,0.0,0.0,0,0,38,0.0,20333.4,0,0,1932
36047050801,"Kings County, NY",40.6512352,-73.9607363,70.03993960849087,86.7107438016529,56.5742251223491,0.0,0.0,0,0,38,0.0,20333.4,0,0,1933
36047015900,"Kings County, NY",40.6751934,-73.9730667,29.454131670909824,41.289256198347104,21.01141924959217,0.0,0.0,0,0,38,0.0,20333.4,0,0,1934
36047025200,"Kings County, NY",40.6198289,-73.9921391,67.42794459450995,72.95867768595042,62.31647634584013,0.0,0.0,0,0,38,0.0,20333.4,0,0,1935
36047029100,"Kings County, NY",40.6904272,-73.933541,51.77842945485869,72.46280991735537,36.99836867862969,0.0,0.0,0,0,38,0.0,20333.4,0,0,1936
36047028700,"Kings County, NY",40.6956353,-73.9354275,36.85704113736734,58.31404958677686,23.2952691680261,0.0,0.0,0,0,38,0.0,20333.4,0,0,1937
36047012100,"Kings County, NY",40.671479,-73.991049,18.240096426756317,38.049586776859506,8.743882544861338,0.0,0.0,0,0,38,0.0,20333.4,0,0,1938
36047023500,"Kings County, NY",40.692513,-73.9577849,44.72925727672334,89.52066115702479,22.34910277324633,0.0,0.0,0,0,38,0.0,20333.4,0,0,1939
36047021500,"Kings County, NY",40.6733751,-73.9632899,41.62073200867401,67.63636363636364,25.61174551386623,0.0,0.0,0,0,38,0.0,20333.4,0,0,1940
36047010401,"Kings County, NY",40.6372888,-74.0094827,63.51846878826655,58.247933884297524,69.26590538336053,0.0,0.0,0,0,38,0.0,20333.4,0,0,1941
36047037300,"Kings County, NY",40.6839488,-73.9152154,62.99216743712603,79.43801652892562,49.9510603588907,0.0,0.0,0,0,38,0.0,20333.4,0,0,1942
36047013300,"Kings County, NY",40.6751824,-73.9813092,12.944565703072175,30.479338842975206,5.497553017944535,0.0,0.0,0,0,38,0.0,20333.4,0,0,1943
36047031701,"Kings County, NY",40.6738669,-73.9501241,45.620542216897476,67.0413223140496,31.044045676998365,0.0,0.0,0,0,38,0.0,20333.4,0,0,1944
36047010801,"Kings County, NY",40.6417811,-74.0048117,60.35561680538949,54.67768595041322,66.62316476345839,0.0,0.0,0,0,38,0.0,20333.4,0,0,1945
36047038200,"Kings County, NY",40.591525,-73.9814805,66.91816089251454,83.10743801652892,53.88254486133769,0.0,0.0,0,0,38,0.0,20333.4,0,0,1946
36047023600,"Kings County, NY",40.6321905,-73.9896876,77.67243500070818,97.78512396694214,61.69657422512235,0.0,0.0,0,0,38,0.0,20333.4,0,0,1947
36047027000,"Kings County, NY",40.6058611,-73.989985,59.819474149723,59.83471074380166,59.80424143556281,0.0,0.0,0,0,38,0.0,20333.4,0,0,1948
36047034500,"Kings County, NY",40.6732278,-73.9336926,46.441969575949045,52.52892561983471,41.06035889070147,0.0,0.0,0,0,38,0.0,20333.4,0,0,1949
36047050402,"Kings County, NY",40.6466552,-73.9731444,21.936502543771294,7.933884297520661,60.65252854812398,0.0,0.0,0,0,38,0.0,20333.4,0,0,1950
36047006700,"Kings County, NY",40.6841758,-73.9972232,7.159130632715369,29.09090909090909,1.7618270799347473,0.0,0.0,0,0,38,0.0,20333.4,0,0,1951
36047018000,"Kings County, NY",40.6083001,-74.0071511,50.284081011820454,36.69421487603306,68.90701468189233,0.0,0.0,0,0,38,0.0,20333.4,0,0,1952
36047042800,"Kings County, NY",40.6056457,-73.9843266,44.31782874407321,34.77685950413223,56.476345840130506,0.0,0.0,0,0,38,0.0,20333.4,0,0,1953
36047021600,"Kings County, NY",40.6327947,-73.9997692,79.28098957333044,96.7603305785124,64.95921696574226,0.0,0.0,0,0,38,0.0,20333.4,0,0,1954
36047016300,"Kings County, NY",40.6791843,-73.9700051,27.572566998102843,37.950413223140494,20.0326264274062,0.0,0.0,0,0,38,0.0,20333.4,0,0,1955
36047049400,"Kings County, NY",40.642966,-73.9738254,50.96604936377018,44.132231404958674,58.85807504078303,0.0,0.0,0,0,38,0.0,20333.4,0,0,1956
36047004700,"Kings County, NY",40.6883662,-74.0018662,6.253770787586915,23.50413223140496,1.66394779771615,0.0,0.0,0,0,38,0.0,20333.4,0,0,1957
36047020000,"Kings County, NY",40.620689,-74.0088197,47.70099980945098,32.95867768595041,69.03752039151712,0.0,0.0,0,0,38,0.0,20333.4,0,0,1958
36047043600,"Kings County, NY",40.61313,-73.9778573,65.10079983047783,80.9586776859504,52.34910277324632,0.0,0.0,0,0,38,0.0,20333.4,0,0,1959
36047005202,"Kings County, NY",40.6199915,-74.0399196,40.971787768983994,21.950413223140497,76.4763458401305,0.0,0.0,0,0,38,0.0,20333.4,0,0,1960
36047041402,"Kings County, NY",40.6024233,-73.9679363,60.26648652467583,82.64462809917356,43.947797716150085,0.0,0.0,0,0,38,0.0,20333.4,0,0,1961
36047025600,"Kings County, NY",40.614995,-73.9856662,31.988295487960833,17.71900826446281,57.74877650897226,0.0,0.0,0,0,38,0.0,20333.4,0,0,1962
36047010802,"Kings County, NY",40.6404508,-74.0026095,54.18916708978087,43.6694214876033,67.24306688417619,0.0,0.0,0,0,38,0.0,20333.4,0,0,1963
36047045000,"Kings County, NY",40.621693,-73.9728834,41.89142397355238,36.33057851239669,48.30342577487765,0.0,0.0,0,0,38,0.0,20333.4,0,0,1964
36047021900,"Kings County, NY",40.6719738,-73.9552592,44.76813475837748,67.80165289256198,29.55954323001631,0.0,0.0,0,0,38,0.0,20333.4,0,0,1965
36047049302,"Kings County, NY",40.706879,-73.9411085,45.46931392885772,94.57851239669421,21.859706362153343,0.0,0.0,0,0,38,0.0,20333.4,0,0,1966
36047006901,"Kings County, NY",40.6861936,-73.9911578,5.382388913627236,26.115702479338843,1.1092985318107667,0.0,0.0,0,0,38,0.0,20333.4,0,0,1967
36047034300,"Kings County, NY",40.6735031,-73.9388376,60.72326400232855,96.59504132231405,38.17292006525285,0.0,0.0,0,0,38,0.0,20333.4,0,0,1968
36047022800,"Kings County, NY",40.6391243,-73.9815297,69.42025983212267,82.3801652892562,58.499184339314844,0.0,0.0,0,0,38,0.0,20333.4,0,0,1969
36047030500,"Kings County, NY",40.6773164,-73.9590603,44.61986116406285,77.98347107438016,25.530179445350733,0.0,0.0,0,0,38,0.0,20333.4,0,0,1970
36047041100,"Kings County, NY",40.6878787,-73.9071509,68.84017508662869,88.29752066115702,53.67047308319739,0.0,0.0,0,0,38,0.0,20333.4,0,0,1971
36047043800,"Kings County, NY",40.6103302,-73.9710945,56.69169191809412,68.69421487603306,46.7862969004894,0.0,0.0,0,0,38,0.0,20333.4,0,0,1972
36047050001,"Kings County, NY",40.6490033,-73.9778206,46.84026280191066,37.421487603305785,58.62969004893964,0.0,0.0,0,0,38,0.0,20333.4,0,0,1973
36047012902,"Kings County, NY",40.6809277,-73.9760597,24.197338073281706,34.64462809917355,16.900489396411093,0.0,0.0,0,0,38,0.0,20333.4,0,0,1974
36047020400,"Kings County, NY",40.6233502,-74.0132239,24.62437261302601,8.62809917355372,70.27732463295268,0.0,0.0,0,0,38,0.0,20333.4,0,0,1975
36047014200,"Kings County, NY",40.6225046,-74.0224901,73.59752941229627,74.21487603305785,72.98531810766721,0.0,0.0,0,0,38,0.0,20333.4,0,0,1976
36047047200,"Kings County, NY",40.6270361,-73.9841274,67.08238299600129,79.40495867768595,56.672104404567705,0.0,0.0,0,0,38,0.0,20333.4,0,0,1977
36047010402,"Kings County, NY",40.6359594,-74.0072805,65.5039113855479,62.446280991735534,68.71125611745515,0.0,0.0,0,0,38,0.0,20333.4,0,0,1978
36047026000,"Kings County, NY",40.6169171,-73.9923457,60.481710385848096,59.6694214876033,61.305057096247964,0.0,0.0,0,0,38,0.0,20333.4,0,0,1979
36047026700,"Kings County, NY",40.6839731,-73.9440382,34.49869998881297,38.47933884297521,30.929853181076673,0.0,0.0,0,0,38,0.0,20333.4,0,0,1980
36047008800,"Kings County, NY",40.6502102,-74.0014031,62.55495204645991,67.5702479338843,57.91190864600326,0.0,0.0,0,0,38,0.0,20333.4,0,0,1981
36047036900,"Kings County, NY",40.67965,-73.9092283,71.92273367488521,96.52892561983471,53.588907014681894,0.0,0.0,0,0,38,0.0,20333.4,0,0,1982
36047030100,"Kings County, NY",40.6776216,-73.916228,49.376902961827014,48.4297520661157,50.3425774877651,0.0,0.0,0,0,38,0.0,20333.4,0,0,1983
36047043100,"Kings County, NY",40.6996605,-73.919698,50.22732624344302,82.87603305785125,30.440456769983687,0.0,0.0,0,0,38,0.0,20333.4,0,0,1984
36047050202,"Kings County, NY",40.6535104,-73.9752845,29.000303808187915,35.80165289256199,23.491027732463294,0.0,0.0,0,0,38,0.0,20333.4,0,0,1985
36047048600,"Kings County, NY",40.6389191,-73.9784252,47.240215151370336,38.578512396694215,57.84665579119086,0.0,0.0,0,0,38,0.0,20333.4,0,0,1986
36047017400,"Kings County, NY",40.6035123,-74.012107,42.88704858428254,26.47933884297521,69.46166394779772,0.0,0.0,0,0,38,0.0,20333.4,0,0,1987
36047016200,"Kings County, NY",40.6132236,-74.0313837,55.22792192589164,40.33057851239669,75.62805872756934,0.0,0.0,0,0,38,0.0,20333.4,0,0,1988
36047025700,"Kings County, NY",40.6982179,-73.9473443,39.405570633345576,88.62809917355372,17.520391517128875,0.0,0.0,0,0,38,0.0,20333.4,0,0,1989
36047023800,"Kings County, NY",40.6305112,-73.9914376,77.03858411881563,96.29752066115702,61.631321370309955,0.0,0.0,0,0,38,0.0,20333.4,0,0,1990
36047009002,"Kings County, NY",40.6465865,-73.9962083,55.61825040354601,52.066115702479344,59.41272430668841,0.0,0.0,0,0,38,0.0,20333.4,0,0,1991
36047042400,"Kings County, NY",40.6067484,-73.9760483,57.67220834450268,65.98347107438016,50.40783034257748,0.0,0.0,0,0,38,0.0,20333.4,0,0,1992
36047032700,"Kings County, NY",40.6626465,-73.9587961,39.610918284185345,46.64462809917355,33.63784665579119,0.0,0.0,0,0,38,0.0,20333.4,0,0,1993
36047051602,"Kings County, NY",40.641613,-73.9581408,63.76260861485578,70.84297520661157,57.38988580750408,0.0,0.0,0,0,38,0.0,20333.4,0,0,1994
36047014901,"Kings County, NY",40.6638862,-73.9840883,15.812731208858489,15.801652892561984,15.823817292006526,0.0,0.0,0,0,38,0.0,20333.4,0,0,1995
36047024200,"Kings County, NY",40.6258678,-73.9928098,69.77585349942689,81.45454545454545,59.77161500815661,0.0,0.0,0,0,38,0.0,20333.4,0,0,1996
36047034000,"Kings County, NY",40.5723223,-73.9964764,66.64048308612236,70.3801652892562,63.099510603588904,0.0,0.0,0,0,38,0.0,20333.4,0,0,1997
36047024400,"Kings County, NY",40.6217475,-73.9862364,69.61828742659148,88.52892561983471,54.74714518760195,0.0,0.0,0,0,38,0.0,20333.4,0,0,1998
36047029400,"Kings County, NY",40.5942315,-74.0005814,55.18461837883766,46.97520661157025,64.82871125611746,0.0,0.0,0,0,38,0.0,20333.4,0,0,1999
36047016400,"Kings County, NY",40.6067615,-74.0301151,20.84008110245096,5.785123966942149,75.07340946166394,0.0,0.0,0,0,38,0.0,20333.4,0,0,2000
36047044100,"Kings County, NY",40.7014228,-73.914052,56.248584934497,95.30578512396694,33.1973898858075,0.0,0.0,0,0,38,0.0,20333.4,0,0,2001
36047012801,"Kings County, NY",40.6308009,-74.0133027,49.97941414897188,36.16528925619835,69.07014681892333,0.0,0.0,0,0,38,0.0,20333.4,0,0,2002
36047030400,"Kings County, NY",40.5902839,-73.9965003,58.26577991898994,53.71900826446281,63.19738988580751,0.0,0.0,0,0,38,0.0,20333.4,0,0,2003
36047005400,"Kings County, NY",40.6167865,-74.0394733,65.30983228247919,55.70247933884298,76.5742251223491,0.0,0.0,0,0,38,0.0,20333.4,0,0,2004
36047050401,"Kings County, NY",40.6499201,-73.9737386,40.18776793737265,31.074380165289256,51.97389885807504,0.0,0.0,0,0,38,0.0,20333.4,0,0,2005
36047044500,"Kings County, NY",40.705036,-73.9196716,51.00531678369086,83.80165289256199,31.044045676998365,0.0,0.0,0,0,38,0.0,20333.4,0,0,2006
36047012700,"Kings County, NY",40.6817476,-73.9828507,34.89868350473424,85.42148760330579,14.257748776508972,0.0,0.0,0,0,38,0.0,20333.4,0,0,2007
36047049000,"Kings County, NY",40.6381109,-73.9730323,56.0274714931529,56.429752066115704,55.62805872756933,0.0,0.0,0,0,38,0.0,20333.4,0,0,2008
36047014500,"Kings County, NY",40.6613672,-73.9949634,30.673430560475197,53.85123966942149,17.471451876019575,0.0,0.0,0,0,38,0.0,20333.4,0,0,2009
36047016800,"Kings County, NY",40.6029654,-74.0172662,15.67279657190416,3.4710743801652892,70.76672104404568,0.0,0.0,0,0,38,0.0,20333.4,0,0,2010
36047028502,"Kings County, NY",40.6974508,-73.940885,42.49627860824514,87.30578512396694,20.68515497553018,0.0,0.0,0,0,38,0.0,20333.4,0,0,2011
36047039300,"Kings County, NY",40.695628,-73.9300045,46.287197852032385,84.29752066115702,25.415986949429037,0.0,0.0,0,0,38,0.0,20333.4,0,0,2012
36047018100,"Kings County, NY",40.6877689,-73.9723701,26.59267819818406,46.51239669421487,15.203915171288743,0.0,0.0,0,0,38,0.0,20333.4,0,0,2013
36047043700,"Kings County, NY",40.693245,-73.9084239,68.11562954697513,88.0,52.72430668841762,0.0,0.0,0,0,38,0.0,20333.4,0,0,2014
36047049600,"Kings County, NY",40.643687,-73.9804383,68.3906377616862,76.99173553719008,60.75040783034258,0.0,0.0,0,0,38,0.0,20333.4,0,0,2015
36047020200,"Kings County, NY",40.62202,-74.0110215,26.67403580561787,10.24793388429752,69.42903752039152,0.0,0.0,0,0,38,0.0,20333.4,0,0,2016
36047004600,"Kings County, NY",40.6269928,-74.0363209,26.62808249470577,9.355371900826446,75.79119086460032,0.0,0.0,0,0,38,0.0,20333.4,0,0,2017
36047008500,"Kings County, NY",40.675857,-74.0064716,27.886590907862626,99.10743801652893,7.846655791190865,0.0,0.0,0,0,38,0.0,20333.4,0,0,2018
36047035302,"Kings County, NY",40.6672418,-73.9354395,51.05020589612074,60.33057851239669,43.1973898858075,0.0,0.0,0,0,38,0.0,20333.4,0,0,2019
36047010200,"Kings County, NY",40.6392844,-74.0127872,70.02934415210461,71.3388429752066,68.74388254486134,0.0,0.0,0,0,38,0.0,20333.4,0,0,2020
36047022100,"Kings County, NY",40.676167,-73.9543559,50.86000048366589,92.29752066115702,28.026101141924958,0.0,0.0,0,0,38,0.0,20333.4,0,0,2021
36047042700,"Kings County, NY",40.7036832,-73.9271913,49.08786606043517,88.13223140495869,27.34094616639478,0.0,0.0,0,0,38,0.0,20333.4,0,0,2022
36047034200,"Kings County, NY",40.5741077,-73.9968627,77.83592336091124,96.46280991735537,62.80587275693311,0.0,0.0,0,0,38,0.0,20333.4,0,0,2023
36047037402,"Kings County, NY",40.586788,-73.9720026,59.62698008741154,75.57024793388429,47.04730831973899,0.0,0.0,0,0,38,0.0,20333.4,0,0,2024
36047032500,"Kings County, NY",40.6672983,-73.9577655,45.25097526470348,66.41322314049587,30.831973898858074,0.0,0.0,0,0,38,0.0,20333.4,0,0,2025
36047016700,"Kings County, NY",40.6642969,-73.9787754,28.751205074572578,50.876033057851245,16.247960848287114,0.0,0.0,0,0,38,0.0,20333.4,0,0,2026
36047022900,"Kings County, NY",40.6851316,-73.9567615,36.62237035006839,55.96694214876033,23.96411092985318,0.0,0.0,0,0,38,0.0,20333.4,0,0,2027
36047021800,"Kings County, NY",40.6343541,-73.9978229,75.56415745975356,88.03305785123968,64.86133768352366,0.0,0.0,0,0,38,0.0,20333.4,0,0,2028
36047010602,"Kings County, NY",40.6382102,-74.0049387,39.90343324500264,23.206611570247933,68.61337683523654,0.0,0.0,0,0,38,0.0,20333.4,0,0,2029
36047007800,"Kings County, NY",40.6463204,-74.012337,71.20321391383607,82.61157024793388,61.37030995106036,0.0,0.0,0,0,38,0.0,20333.4,0,0,2030
36047051200,"Kings County, NY",40.6465522,-73.9633627,67.31406275841138,74.24793388429752,61.02773246329527,0.0,0.0,0,0,38,0.0,20333.4,0,0,2031
36047047000,"Kings County, NY",40.625589,-73.9867507,63.053717079267436,69.35537190082644,57.32463295269168,0.0,0.0,0,0,38,0.0,20333.4,0,0,2032
36047015500,"Kings County, NY",40.6705136,-73.9785613,14.964398990997616,19.47107438016529,11.500815660685156,0.0,0.0,0,0,38,0.0,20333.4,0,0,2033
36047026400,"Kings County, NY",40.6148678,-73.9974816,70.58787907776811,77.81818181818181,64.02936378466558,0.0,0.0,0,0,38,0.0,20333.4,0,0,2034
36047008000,"Kings County, NY",40.6485749,-74.0100168,61.764263633575645,64.03305785123968,59.57585644371941,0.0,0.0,0,0,38,0.0,20333.4,0,0,2035
36047042500,"Kings County, NY",40.7014484,-73.9309587,44.235932339540035,77.28925619834712,25.318107667210437,0.0,0.0,0,0,38,0.0,20333.4,0,0,2036
36047044000,"Kings County, NY",40.6130385,-73.970977,58.01548223709491,70.08264462809917,48.02610114192496,0.0,0.0,0,0,38,0.0,20333.4,0,0,2037
36047043400,"Kings County, NY",40.6100424,-73.9769277,58.65033167078851,68.52892561983471,50.1957585644372,0.0,0.0,0,0,38,0.0,20333.4,0,0,2038
36047027300,"Kings County, NY",40.6810841,-73.9374383,34.45529419513673,33.123966942148755,35.84013050570963,0.0,0.0,0,0,38,0.0,20333.4,0,0,2039
36047019300,"Kings County, NY",40.6912794,-73.9626407,39.877402350955784,79.96694214876034,19.885807504078304,0.0,0.0,0,0,38,0.0,20333.4,0,0,2040
36047011000,"Kings County, NY",40.6445789,-73.9927738,46.65252126827994,35.768595041322314,60.848287112561174,0.0,0.0,0,0,38,0.0,20333.4,0,0,2041
36047035000,"Kings County, NY",40.5775623,-73.9789488,66.46753095247324,85.19008264462809,51.85970636215335,0.0,0.0,0,0,38,0.0,20333.4,0,0,2042
36047021300,"Kings County, NY",40.6683548,-73.9604674,50.48015310651404,86.97520661157024,29.298531810766722,0.0,0.0,0,0,38,0.0,20333.4,0,0,2043
36047033300,"Kings County, NY",40.6658373,-73.9425262,55.81967109762855,78.21487603305786,39.83686786296901,0.0,0.0,0,0,38,0.0,20333.4,0,0,2044
36047047400,"Kings County, NY",40.6286836,-73.9823658,62.90668717156389,69.58677685950413,56.86786296900489,0.0,0.0,0,0,38,0.0,20333.4,0,0,2045
36047039600,"Kings County, NY",40.5973496,-73.9697067,59.78996939781446,72.13223140495867,49.55954323001631,0.0,0.0,0,0,38,0.0,20333.4,0,0,2046
36047010601,"Kings County, NY",40.6395396,-74.0071422,63.703707930616666,59.5702479338843,68.12398042414355,0.0,0.0,0,0,38,0.0,20333.4,0,0,2047
36047048400,"Kings County, NY",40.6342861,-73.9736271,63.595580245033055,70.51239669421487,57.35725938009788,0.0,0.0,0,0,38,0.0,20333.4,0,0,2048
36047045600,"Kings County, NY",40.626163,-73.9666205,62.101026997115795,78.64462809917356,49.037520391517134,0.0,0.0,0,0,38,0.0,20333.4,0,0,2049
36047038800,"Kings County, NY",40.5929248,-73.9692516,58.824806095234045,72.79338842975207,47.53670473083197,0.0,0.0,0,0,38,0.0,20333.4,0,0,2050
36047016600,"Kings County, NY",40.6187031,-74.0162624,29.107588277987677,11.96694214876033,70.79934747145188,0.0,0.0,0,0,38,0.0,20333.4,0,0,2051
36047022400,"Kings County, NY",40.6405156,-73.9903118,77.13434232955635,96.23140495867769,61.82707993474714,0.0,0.0,0,0,38,0.0,20333.4,0,0,2052
36047039400,"Kings County, NY",40.598493,-73.9650691,59.504649038961176,76.85950413223141,46.06851549755302,0.0,0.0,0,0,38,0.0,20333.4,0,0,2053
36047036100,"Kings County, NY",40.6695658,-73.9199592,67.36943079769102,89.7190082644628,50.58727569331158,0.0,0.0,0,0,38,0.0,20333.4,0,0,2054
36047018400,"Kings County, NY",40.6137054,-74.0071446,22.835424119506833,7.702479338842975,67.69983686786297,0.0,0.0,0,0,38,0.0,20333.4,0,0,2055
36047028900,"Kings County, NY",40.6930514,-73.9330041,59.6925237352703,95.00826446280992,37.50407830342578,0.0,0.0,0,0,38,0.0,20333.4,0,0,2056
36047044700,"Kings County, NY",40.7066908,-73.9226186,47.6745321331594,76.59504132231405,29.67373572593801,0.0,0.0,0,0,38,0.0,20333.4,0,0,2057
36047014300,"Kings County, NY",40.6636266,-73.9926558,28.187209159399917,50.314049586776854,15.791190864600328,0.0,0.0,0,0,38,0.0,20333.4,0,0,2058
36047049200,"Kings County, NY",40.6408996,-73.9702106,44.07874894806637,34.21487603305785,56.7862969004894,0.0,0.0,0,0,38,0.0,20333.4,0,0,2059
36047041700,"Kings County, NY",40.6937625,-73.9179179,65.50949297776197,88.39669421487604,48.548123980424144,0.0,0.0,0,0,38,0.0,20333.4,0,0,2060
36047035601,"Kings County, NY",40.5808793,-73.9697027,60.73324536091038,81.68595041322314,45.15497553017945,0.0,0.0,0,0,38,0.0,20333.4,0,0,2061
36047041200,"Kings County, NY",40.6041574,-73.9741916,48.94750587311558,48.760330578512395,49.135399673735726,0.0,0.0,0,0,38,0.0,20333.4,0,0,2062
36047017000,"Kings County, NY",40.6101331,-74.012634,48.70783908400079,33.88429752066116,70.0163132137031,0.0,0.0,0,0,38,0.0,20333.4,0,0,2063
36047037000,"Kings County, NY",40.5878491,-73.963165,48.488640540819155,59.14049586776859,39.75530179445351,0.0,0.0,0,0,38,0.0,20333.4,0,0,2064
36047014902,"Kings County, NY",40.6618001,-73.9856502,26.888108023686673,42.247933884297524,17.112561174551384,0.0,0.0,0,0,38,0.0,20333.4,0,0,2065
36047034100,"Kings County, NY",40.6735662,-73.9445868,47.64864960382393,65.58677685950414,34.61663947797716,0.0,0.0,0,0,38,0.0,20333.4,0,0,2066
36047016100,"Kings County, NY",40.6798885,-73.9731895,23.05412309422893,28.429752066115704,18.69494290375204,0.0,0.0,0,0,38,0.0,20333.4,0,0,2067
36047035400,"Kings County, NY",40.580133,-73.9726148,59.99619795700478,75.6694214876033,47.56933115823817,0.0,0.0,0,0,38,0.0,20333.4,0,0,2068
36047048200,"Kings County, NY",40.6332088,-73.9695313,67.95567420151292,83.70247933884298,55.17128874388254,0.0,0.0,0,0,38,0.0,20333.4,0,0,2069
36047005900,"Kings County, NY",40.6794028,-74.0061193,15.370333500890583,51.53719008264462,4.584013050570963,0.0,0.0,0,0,38,0.0,20333.4,0,0,2070
36047029800,"Kings County, NY",40.6008233,-73.9879075,61.09170002948368,63.83471074380165,58.466557911908644,0.0,0.0,0,0,38,0.0,20333.4,0,0,2071
36047004500,"Kings County, NY",40.688146,-73.995287,5.045623887398695,27.86776859504132,0.9135399673735726,0.0,0.0,0,0,38,0.0,20333.4,0,0,2072
36047046201,"Kings County, NY",40.6276229,-73.9735164,64.596932389342,79.83471074380165,52.26753670473083,0.0,0.0,0,0,38,0.0,20333.4,0,0,2073
36047035701,"Kings County, NY",40.6699092,-73.9268403,64.82419296805836,88.06611570247934,47.71615008156607,0.0,0.0,0,0,38,0.0,20333.4,0,0,2074
36047028300,"Kings County, NY",40.6952563,-73.9404379,44.24168611244218,93.88429752066115,20.848287112561177,0.0,0.0,0,0,38,0.0,20333.4,0,0,2075
36047048000,"Kings County, NY",40.6302931,-73.9744922,69.07276703980956,87.6694214876033,54.42088091353997,0.0,0.0,0,0,38,0.0,20333.4,0,0,2076
36047027600,"Kings County, NY",40.6108964,-73.999489,63.54001307388409,62.942148760330575,64.14355628058728,0.0,0.0,0,0,38,0.0,20333.4,0,0,2077
36047006500,"Kings County, NY",40.6790828,-73.9994592,11.230040739020826,46.01652892561984,2.740619902120718,0.0,0.0,0,0,38,0.0,20333.4,0,0,2078
36047023300,"Kings County, NY",40.6887957,-73.95749,43.46927821327189,81.91735537190083,23.066884176182707,0.0,0.0,0,0,38,0.0,20333.4,0,0,2079
36047032600,"Kings County, NY",40.5765295,-73.9882115,73.21261751451233,91.37190082644628,58.66231647634584,0.0,0.0,0,0,38,0.0,20333.4,0,0,2080
36047048900,"Kings County, NY",40.7029206,-73.9392589,43.65697273964985,86.47933884297521,22.03915171288744,0.0,0.0,0,0,38,0.0,20333.4,0,0,2081
36047038500,"Kings County, NY",40.6874554,-73.9267891,42.914879321616056,43.43801652892562,42.39804241435563,0.0,0.0,0,0,38,0.0,20333.4,0,0,2082
36047014101,"Kings County, NY",40.6661833,-73.9888407,16.84326822245213,20.363636363636363,13.931484502446981,0.0,0.0,0,0,38,0.0,20333.4,0,0,2083
36047015700,"Kings County, NY",40.6730524,-73.9764165,24.002435623471015,27.041322314049587,21.30505709624796,0.0,0.0,0,0,38,0.0,20333.4,0,0,2084
36047044300,"Kings County, NY",40.7033043,-73.9166863,49.11891369228634,75.07438016528926,32.13703099510604,0.0,0.0,0,0,38,0.0,20333.4,0,0,2085
36047020300,"Kings County, NY",40.6799568,-73.9648123,30.37134619779626,42.578512396694215,21.663947797716148,0.0,0.0,0,0,38,0.0,20333.4,0,0,2086
36047010000,"Kings County, NY",40.6415355,-74.0104457,73.5575401607835,80.23140495867769,67.43882544861339,0.0,0.0,0,0,38,0.0,20333.4,0,0,2087
36047041000,"Kings County, NY",40.6009797,-73.9754514,44.20339481283215,39.50413223140496,49.46166394779772,0.0,0.0,0,0,38,0.0,20333.4,0,0,2088
36047026300,"Kings County, NY",40.6894684,-73.9451314,40.17386344452608,54.47933884297521,29.624796084828713,0.0,0.0,0,0,38,0.0,20333.4,0,0,2089
36047039500,"Kings County, NY",40.6929683,-73.9247375,64.26775183314915,95.0413223140496,43.4584013050571,0.0,0.0,0,0,38,0.0,20333.4,0,0,2090
36047018501,"Kings County, NY",40.6947866,-73.9741567,33.497406275689116,83.27272727272728,13.474714518760194,0.0,0.0,0,0,38,0.0,20333.4,0,0,2091
36047005601,"Kings County, NY",40.6150045,-74.0376412,56.485218071599704,41.45454545454545,76.96574225122349,0.0,0.0,0,0,38,0.0,20333.4,0,0,2092
36047051700,"Kings County, NY",40.7206502,-73.9545002,23.253089835275908,35.074380165289256,15.415986949429037,0.0,0.0,0,0,38,0.0,20333.4,0,0,2093
36047049500,"Kings County, NY",40.7123628,-73.9433572,40.158288994208455,72.26446280991735,22.31647634584013,0.0,0.0,0,0,38,0.0,20333.4,0,0,2094
36047051002,"Kings County, NY",40.6487514,-73.9603672,70.06732944361279,86.2809917355372,56.90048939641109,0.0,0.0,0,0,38,0.0,20333.4,0,0,2095
36047034700,"Kings County, NY",40.6726583,-73.9279722,64.40438220262006,90.80991735537191,45.67699836867863,0.0,0.0,0,0,38,0.0,20333.4,0,0,2096
36047042900,"Kings County, NY",40.7017991,-73.9234556,53.2230827158587,99.3388429752066,28.515497553017944,0.0,0.0,0,0,38,0.0,20333.4,0,0,2097
36047016000,"Kings County, NY",40.6189797,-74.0268721,74.3365770325235,74.80991735537191,73.86623164763458,0.0,0.0,0,0,38,0.0,20333.4,0,0,2098
36047046800,"Kings County, NY",40.6214965,-73.9806533,61.09463506359613,72.42975206611571,51.533442088091356,0.0,0.0,0,0,38,0.0,20333.4,0,0,2099
36047050804,"Kings County, NY",40.652835,-73.963573,52.513283701831526,52.99173553719009,52.039151712887445,0.0,0.0,0,0,38,0.0,20333.4,0,0,2100
36047009202,"Kings County, NY",40.6446517,-73.9982381,63.48902669855151,66.0495867768595,61.02773246329527,0.0,0.0,0,0,38,0.0,20333.4,0,0,2101
36047042300,"Kings County, NY",40.699002,-73.9272884,42.657276828434554,68.26446280991736,26.6557911908646,0.0,0.0,0,0,38,0.0,20333.4,0,0,2102
36047019900,"Kings County, NY",40.6840329,-73.9669265,30.65210578170914,48.561983471074385,19.347471451876018,0.0,0.0,0,0,38,0.0,20333.4,0,0,2103
36047040500,"Kings County, NY",40.681589,-73.9051763,54.07139888190018,53.02479338842975,55.13866231647635,0.0,0.0,0,0,38,0.0,20333.4,0,0,2104
36047012000,"Kings County, NY",40.6327817,-74.0117295,43.43852527117473,27.305785123966942,69.10277324632953,0.0,0.0,0,0,38,0.0,20333.4,0,0,2105
36047020800,"Kings County, NY",40.6259761,-74.0097676,46.208103351437366,32.03305785123967,66.6557911908646,0.0,0.0,0,0,38,0.0,20333.4,0,0,2106
36047041500,"Kings County, NY",40.6919502,-73.9143896,62.35272375835082,77.88429752066116,49.9184339314845,0.0,0.0,0,0,38,0.0,20333.4,0,0,2107
36047013800,"Kings County, NY",40.6243111,-74.0255174,39.594019180591744,21.355371900826448,73.4094616639478,0.0,0.0,0,0,38,0.0,20333.4,0,0,2108
36047031900,"Kings County, NY",40.6668852,-73.9493978,43.26551595722302,53.12396694214876,35.23654159869494,0.0,0.0,0,0,38,0.0,20333.4,0,0,2109
36047032900,"Kings County, NY",40.6632636,-73.9484196,58.22888501102544,88.59504132231405,38.27079934747145,0.0,0.0,0,0,38,0.0,20333.4,0,0,2110
36047037401,"Kings County, NY",40.5879978,-73.967755,57.51096260106262,75.37190082644628,43.882544861337685,0.0,0.0,0,0,38,0.0,20333.4,0,0,2111
36047025000,"Kings County, NY",40.6236257,-73.9958382,49.2315943478631,40.264462809917354,60.1957585644372,0.0,0.0,0,0,38,0.0,20333.4,0,0,2112
36047036001,"Kings County, NY",40.5757896,-73.9655591,65.1650004955096,95.10743801652892,44.64926590538336,0.0,0.0,0,0,38,0.0,20333.4,0,0,2113
36047025400,"Kings County, NY",40.6166972,-73.9838448,49.58259978182264,43.404958677685954,56.6394779771615,0.0,0.0,0,0,38,0.0,20333.4,0,0,2114
36047050500,"Kings County, NY",40.708052,-73.9449451,42.88316291225794,89.75206611570248,20.489396411092986,0.0,0.0,0,0,38,0.0,20333.4,0,0,2115
36047042600,"Kings County, NY",40.605675,-73.9801891,57.11161659916146,60.95867768595041,53.507340946166394,0.0,0.0,0,0,38,0.0,20333.4,0,0,2116
36047007200,"Kings County, NY",40.6402978,-74.0204135,64.59588048479313,60.29752066115702,69.20065252854812,0.0,0.0,0,0,38,0.0,20333.4,0,0,2117
36047027900,"Kings County, NY",40.6897594,-73.9393446,44.110669336794885,58.611570247933884,33.1973898858075,0.0,0.0,0,0,38,0.0,20333.4,0,0,2118
36047026800,"Kings County, NY",40.6104494,-73.9903619,66.43357973871106,74.77685950413223,59.02120717781403,0.0,0.0,0,0,38,0.0,20333.4,0,0,2119
36047021400,"Kings County, NY",40.6316104,-74.0031816,68.81959263125128,71.93388429752065,65.84013050570962,0.0,0.0,0,0,38,0.0,20333.4,0,0,2120
36047023000,"Kings County, NY",40.637816,-73.9842809,78.09161926234988,97.55371900826447,62.51223491027732,0.0,0.0,0,0,38,0.0,20333.4,0,0,2121
36047015300,"Kings County, NY",40.6681002,-73.9805759,23.435461922495616,41.71900826446281,13.164763458401305,0.0,0.0,0,0,38,0.0,20333.4,0,0,2122
36047027200,"Kings County, NY",40.6081765,-73.9927384,67.12563531246126,74.97520661157024,60.0978792822186,0.0,0.0,0,0,38,0.0,20333.4,0,0,2123
36047046000,"Kings County, NY",40.632163,-73.965733,53.857693789733,54.710743801652896,53.01794453507341,0.0,0.0,0,0,38,0.0,20333.4,0,0,2124
36047011700,"Kings County, NY",40.6685626,-73.9933107,21.81836719482274,39.70247933884298,11.99021207177814,0.0,0.0,0,0,38,0.0,20333.4,0,0,2125
36047036700,"Kings County, NY",40.6775646,-73.904613,68.15495837539656,83.40495867768595,55.69331158238173,0.0,0.0,0,0,38,0.0,20333.4,0,0,2126
36047013100,"Kings County, NY",40.6777175,-73.9796019,32.082144845756325,57.88429752066116,17.781402936378466,0.0,0.0,0,0,38,0.0,20333.4,0,0,2127
36047022000,"Kings County, NY",40.6361633,-73.9955594,79.27600345345176,96.99173553719008,64.79608482871126,0.0,0.0,0,0,38,0.0,20333.4,0,0,2128
36047048800,"Kings County, NY",40.6404769,-73.9762086,59.97127647574424,62.01652892561983,57.993474714518754,0.0,0.0,0,0,38,0.0,20333.4,0,0,2129
36047025300,"Kings County, NY",40.6926218,-73.9503365,47.44084230845255,85.05785123966942,26.460032626427406,0.0,0.0,0,0,38,0.0,20333.4,0,0,2130
36047020500,"Kings County, NY",40.6774755,-73.9657037,24.859379638606036,27.371900826446282,22.577487765089725,0.0,0.0,0,0,38,0.0,20333.4,0,0,2131
36047051500,"Kings County, NY",40.7191277,-73.9505297,20.64219134116762,24.59504132231405,17.32463295269168,0.0,0.0,0,0,38,0.0,20333.4,0,0,2132
36047051601,"Kings County, NY",40.6386226,-73.9567106,64.44904685749556,76.16528925619835,54.53507340946167,0.0,0.0,0,0,38,0.0,20333.4,0,0,2133
36047039900,"Kings County, NY",40.6902355,-73.9175528,68.31265512718068,95.80165289256199,48.711256117455136,0.0,0.0,0,0,38,0.0,20333.4,0,0,2134
36047018200,"Kings County, NY",40.6124597,-74.0026813,55.811197664022075,47.2396694214876,65.93800978792822,0.0,0.0,0,0,38,0.0,20333.4,0,0,2135
36047044901,"Kings County, NY",40.7197735,-73.9379665,43.00243970154495,85.48760330578511,21.63132137030995,0.0,0.0,0,0,38,0.0,20333.4,0,0,2136
36047039100,"Kings County, NY",40.699795,-73.933655,45.94632382605856,87.43801652892562,24.143556280587276,0.0,0.0,0,0,38,0.0,20333.4,0,0,2137
36047032300,"Kings County, NY",40.6665474,-73.9550744,48.29441567917221,71.27272727272728,32.72430668841762,0.0,0.0,0,0,38,0.0,20333.4,0,0,2138
36047014102,"Kings County, NY",40.6648134,-73.9898324,23.0602860366943,35.47107438016529,14.991843393148448,0.0,0.0,0,0,38,0.0,20333.4,0,0,2139
36047044400,"Kings County, NY",40.6157674,-73.969322,64.66335552443188,85.98347107438016,48.629690048939636,0.0,0.0,0,0,38,0.0,20333.4,0,0,2140
36047027100,"Kings County, NY",40.6787956,-73.9369686,47.91770726508965,61.9504132231405,37.06362153344209,0.0,0.0,0,0,38,0.0,20333.4,0,0,2141
36047035301,"Kings County, NY",40.6703627,-73.9351464,61.482180441632146,90.47933884297521,41.77814029363785,0.0,0.0,0,0,38,0.0,20333.4,0,0,2142
36047026600,"Kings County, NY",40.6126303,-73.9903254,62.49733792343433,65.45454545454545,59.673735725938016,0.0,0.0,0,0,38,0.0,20333.4,0,0,2143
36047017600,"Kings County, NY",40.6019273,-74.0088041,42.51489083202315,26.545454545454543,68.09135399673735,0.0,0.0,0,0,38,0.0,20333.4,0,0,2144
36047051100,"Kings County, NY",40.7075596,-73.9485791,39.031090742093625,80.29752066115702,18.97226753670473,0.0,0.0,0,0,38,0.0,20333.4,0,0,2145
36047026900,"Kings County, NY",40.6812827,-73.9433173,45.39807258617696,64.06611570247934,32.16965742251223,0.0,0.0,0,0,38,0.0,20333.4,0,0,2146
36047030800,"Kings County, NY",40.5865515,-73.9795108,49.16928178038955,47.107438016528924,51.321370309951064,0.0,0.0,0,0,38,0.0,20333.4,0,0,2147
36047033702,"Kings County, NY",40.6689279,-73.9421957,51.60051434076361,69.45454545454545,38.33605220228385,0.0,0.0,0,0,38,0.0,20333.4,0,0,2148
36047012901,"Kings County, NY",40.6816216,-73.9786547,22.918919101108035,33.752066115702476,15.562805872756933,0.0,0.0,0,0,38,0.0,20333.4,0,0,2149
36047021700,"Kings County, NY",40.6727657,-73.9590256,47.865165940644076,82.7107438016529,27.69983686786297,0.0,0.0,0,0,38,0.0,20333.4,0,0,2150
36047013700,"Kings County, NY",40.6703973,-73.9853274,19.6246855052631,37.65289256198347,10.228384991843393,0.0,0.0,0,0,38,0.0,20333.4,0,0,2151
36047014700,"Kings County, NY",40.6598558,-73.989672,15.767854673057364,13.322314049586778,18.66231647634584,0.0,0.0,0,0,38,0.0,20333.4,0,0,2152
36047047800,"Kings County, NY",40.6333983,-73.9788744,75.21117901286696,96.8595041322314,58.40130505709625,0.0,0.0,0,0,38,0.0,20333.4,0,0,2153
36047019700,"Kings County, NY",40.6880022,-73.9667469,20.90944554116401,23.801652892561982,18.36867862969005,0.0,0.0,0,0,38,0.0,20333.4,0,0,2154
36047032800,"Kings County, NY",40.5763672,-73.9976846,60.84997828783619,58.909090909090914,62.85481239804241,0.0,0.0,0,0,38,0.0,20333.4,0,0,2155
36047027400,"Kings County, NY",40.6109494,-73.995292,61.68648899705632,61.22314049586777,62.15334420880914,0.0,0.0,0,0,38,0.0,20333.4,0,0,2156
36047046400,"Kings County, NY",40.6246552,-73.978399,62.1090590953639,73.6198347107438,52.39804241435563,0.0,0.0,0,0,38,0.0,20333.4,0,0,2157
36047043000,"Kings County, NY",40.6092493,-73.9842021,61.394347503523164,68.19834710743802,55.26916802610115,0.0,0.0,0,0,38,0.0,20333.4,0,0,2158
36047019100,"Kings County, NY",40.6952427,-73.9644277,15.999406781231839,49.1900826446281,5.203915171288744,0.0,0.0,0,0,38,0.0,20333.4,0,0,2159
36047007000,"Kings County, NY",40.6381971,-74.0242975,46.04468166332019,30.181818181818183,70.2446982055465,0.0,0.0,0,0,38,0.0,20333.4,0,0,2160
36047005602,"Kings County, NY",40.6127383,-74.0357394,51.13918047179393,34.18181818181818,76.5089722675367,0.0,0.0,0,0,38,0.0,20333.4,0,0,2161
36047013200,"Kings County, NY",40.6279744,-74.0156708,47.21077061075418,32.231404958677686,69.15171288743882,0.0,0.0,0,0,38,0.0,20333.4,0,0,2162
36047006200,"Kings County, NY",40.624911,-74.0304459,70.95111255204317,67.70247933884298,74.35562805872758,0.0,0.0,0,0,38,0.0,20333.4,0,0,2163
36047017200,"Kings County, NY",40.6088822,-74.0103463,35.00871887565134,17.68595041322314,69.29853181076672,0.0,0.0,0,0,38,0.0,20333.4,0,0,2164
36047045200,"Kings County, NY",40.6201742,-73.9681621,52.03304735001522,54.14876033057852,50.0,0.0,0.0,0,0,38,0.0,20333.4,0,0,2165
36047008400,"Kings County, NY",40.6538976,-74.0044859,47.057392949060436,39.90082644628099,55.49755301794453,0.0,0.0,0,0,38,0.0,20333.4,0,0,2166
36047033701,"Kings County, NY",40.6698766,-73.9421669,51.74375624669419,70.74380165289256,37.84665579119086,0.0,0.0,0,0,38,0.0,20333.4,0,0,2167
36047050002,"Kings County, NY",40.6465962,-73.9764973,27.94994862064944,12.991735537190083,60.13050570962479,0.0,0.0,0,0,38,0.0,20333.4,0,0,2168
36047040800,"Kings County, NY",40.6012012,-73.9791341,54.54185068919094,56.82644628099174,52.34910277324632,0.0,0.0,0,0,38,0.0,20333.4,0,0,2169
36047033600,"Kings County, NY",40.5759997,-74.0084907,69.31042191013736,70.21487603305785,68.41761827079935,0.0,0.0,0,0,38,0.0,20333.4,0,0,2170
36047046202,"Kings County, NY",40.6245853,-73.974228,43.65364357052833,37.71900826446281,50.52202283849918,0.0,0.0,0,0,38,0.0,20333.4,0,0,2171
36047015100,"Kings County, NY",40.665689,-73.9825855,20.28101286500947,27.768595041322314,14.812398042414356,0.0,0.0,0,0,38,0.0,20333.4,0,0,2172
36047019500,"Kings County, NY",40.6914102,-73.9674997,27.41091099062189,43.20661157024793,17.38988580750408,0.0,0.0,0,0,38,0.0,20333.4,0,0,2173
36047038300,"Kings County, NY",40.6845246,-73.9262056,58.19636849055549,78.0495867768595,43.3931484502447,0.0,0.0,0,0,38,0.0,20333.4,0,0,2174
36047033000,"Kings County, NY",40.5801785,-73.9994354,75.62670628178977,90.31404958677686,63.3278955954323,0.0,0.0,0,0,38,0.0,20333.4,0,0,2175
36047029300,"Kings County, NY",40.6874968,-73.9329582,57.10965251318037,85.58677685950413,38.107667210440454,0.0,0.0,0,0,38,0.0,20333.4,0,0,2176
36047021100,"Kings County, NY",40.6970856,-73.9719259,10.958659445589332,56.628099173553714,2.1207177814029365,0.0,0.0,0,0,38,0.0,20333.4,0,0,2177
36047034800,"Kings County, NY",40.581212,-73.9833628,65.76950603362945,79.86776859504133,54.15986949429038,0.0,0.0,0,0,38,0.0,20333.4,0,0,2178
36047027800,"Kings County, NY",40.6068585,-74.0012211,62.72549952680743,59.40495867768595,66.23164763458401,0.0,0.0,0,0,38,0.0,20333.4,0,0,2179
36047039200,"Kings County, NY",40.5958499,-73.9630396,61.735452489888566,83.76859504132231,45.49755301794454,0.0,0.0,0,0,38,0.0,20333.4,0,0,2180
36047031702,"Kings County, NY",40.671193,-73.9503749,43.716225303566354,59.107438016528924,32.33278955954323,0.0,0.0,0,0,38,0.0,20333.4,0,0,2181
36047007600,"Kings County, NY",40.6440836,-74.0146698,75.13522967418908,84.8595041322314,66.5252854812398,0.0,0.0,0,0,38,0.0,20333.4,0,0,2182
36047041401,"Kings County, NY",40.6017065,-73.9710654,53.616831981951684,60.89256198347107,47.21044045676999,0.0,0.0,0,0,38,0.0,20333.4,0,0,2183
36047047700,"Kings County, NY",40.7182181,-73.9421366,35.51514915311822,60.595041322314046,20.815660685154977,0.0,0.0,0,0,38,0.0,20333.4,0,0,2184
36047009800,"Kings County, NY",40.6437764,-74.0081153,74.66018090348396,89.35537190082644,62.38172920065252,0.0,0.0,0,0,38,0.0,20333.4,0,0,2185
36047007700,"Kings County, NY",40.6770204,-73.9952231,12.744993066304453,52.132231404958674,3.1158238172920063,0.0,0.0,0,0,38,0.0,20333.4,0,0,2186
36047037700,"Kings County, NY",40.6840882,-73.9201875,59.133584106517866,72.85950413223141,47.993474714518754,0.0,0.0,0,0,38,0.0,20333.4,0,0,2187
36047026500,"Kings County, NY",40.6869045,-73.9446206,49.713812978841254,82.24793388429752,30.0489396411093,0.0,0.0,0,0,38,0.0,20333.4,0,0,2188
36047019600,"Kings County, NY",40.6234234,-74.004185,67.96429188838829,68.79338842975207,67.14518760195759,0.0,0.0,0,0,38,0.0,20333.4,0,0,2189
36047029000,"Kings County, NY",40.6031741,-73.9943478,72.07877863584241,83.2396694214876,62.41435562805873,0.0,0.0,0,0,38,0.0,20333.4,0,0,2190
36047045800,"Kings County, NY",40.6257017,-73.9690061,33.990547807766596,23.40495867768595,49.36378466557912,0.0,0.0,0,0,38,0.0,20333.4,0,0,2191
36047007100,"Kings County, NY",40.683021,-73.9861157,33.18921924859984,86.34710743801652,12.756933115823818,0.0,0.0,0,0,38,0.0,20333.4,0,0,2192
36047042100,"Kings County, NY",40.6970292,-73.9240384,49.41986117001388,86.94214876033057,28.091353996737357,0.0,0.0,0,0,38,0.0,20333.4,0,0,2193
36047034901,"Kings County, NY",40.67006,-73.9296091,49.48119336841059,53.48760330578513,45.774877650897224,0.0,0.0,0,0,38,0.0,20333.4,0,0,2194
36047031401,"Kings County, NY",40.5871933,-73.996335,64.77012530190687,66.74380165289257,62.85481239804241,0.0,0.0,0,0,38,0.0,20333.4,0,0,2195
36047005000,"Kings County, NY",40.6242299,-74.0407575,42.012033845384806,22.94214876033058,76.93311582381729,0.0,0.0,0,0,38,0.0,20333.4,0,0,2196
36047040300,"Kings County, NY",40.6845226,-73.9082094,52.64974074399467,51.90082644628099,53.4094616639478,0.0,0.0,0,0,38,0.0,20333.4,0,0,2197
36047050803,"Kings County, NY",40.6539087,-73.9606235,65.39915595983526,81.98347107438016,52.16965742251224,0.0,0.0,0,0,38,0.0,20333.4,0,0,2198
36047040400,"Kings County, NY",40.6021856,-73.9854194,19.409813563711197,6.6115702479338845,56.982055464926596,0.0,0.0,0,0,38,0.0,20333.4,0,0,2199
36047036200,"Kings County, NY",40.578117,-73.9640009,60.36436357480656,86.67768595041322,42.03915171288744,0.0,0.0,0,0,38,0.0,20333.4,0,0,2200
36047006400,"Kings County, NY",40.6289253,-74.0288094,64.36880242625077,55.50413223140496,74.64926590538336,0.0,0.0,0,0,38,0.0,20333.4,0,0,2201
36047036501,"Kings County, NY",40.6750312,-73.9115136,47.75137277026985,42.87603305785124,53.181076672104396,0.0,0.0,0,0,38,0.0,20333.4,0,0,2202
36047027500,"Kings County, NY",40.6838975,-73.9381789,52.63613657253666,79.14049586776859,35.00815660685155,0.0,0.0,0,0,38,0.0,20333.4,0,0,2203
36047044800,"Kings County, NY",40.6181291,-73.9732311,41.26607797555726,33.22314049586777,51.256117455138664,0.0,0.0,0,0,38,0.0,20333.4,0,0,2204
36047035102,"Kings County, NY",40.6670911,-73.9326744,54.737907554563414,66.11570247933885,45.31810766721044,0.0,0.0,0,0,38,0.0,20333.4,0,0,2205
36047012200,"Kings County, NY",40.638166,-74.0175772,74.76394843182025,80.13223140495867,69.7553017944535,0.0,0.0,0,0,38,0.0,20333.4,0,0,2206
36047007500,"Kings County, NY",40.6812953,-73.9920163,11.065223111102787,61.52066115702479,1.9902120717781402,0.0,0.0,0,0,38,0.0,20333.4,0,0,2207
36047051001,"Kings County, NY",40.6461218,-73.9597677,74.3677905149847,91.60330578512396,60.37520391517129,0.0,0.0,0,0,38,0.0,20333.4,0,0,2208
36047020600,"Kings County, NY",40.6248807,-74.0154509,45.85244793961894,29.586776859504134,71.06035889070147,0.0,0.0,0,0,38,0.0,20333.4,0,0,2209
36047035101,"Kings County, NY",40.6702121,-73.932378,60.85792738482549,84.46280991735537,43.849918433931485,0.0,0.0,0,0,38,0.0,20333.4,0,0,2210
36047039000,"Kings County, NY",40.5929692,-73.9644265,46.43323079440693,48.16528925619835,44.76345840130506,0.0,0.0,0,0,38,0.0,20333.4,0,0,2211
36047006600,"Kings County, NY",40.6321309,-74.0274985,70.11161704256581,68.29752066115702,71.97389885807503,0.0,0.0,0,0,38,0.0,20333.4,0,0,2212
36047026100,"Kings County, NY",40.6923989,-73.9457142,51.93554307987888,93.5206611570248,28.841761827079935,0.0,0.0,0,0,38,0.0,20333.4,0,0,2213
36047033100,"Kings County, NY",40.6641581,-73.9420073,62.76130631299123,96.66115702479338,40.750407830342574,0.0,0.0,0,0,38,0.0,20333.4,0,0,2214
36047022600,"Kings County, NY",40.641984,-73.9863474,61.82381703515919,62.3801652892562,61.27243066884176,0.0,0.0,0,0,38,0.0,20333.4,0,0,2215
36047038100,"Kings County, NY",40.6810478,-73.9254263,61.17107724755493,83.47107438016529,44.82871125611745,0.0,0.0,0,0,38,0.0,20333.4,0,0,2216
36047045300,"Kings County, NY",40.7065844,-73.9289569,49.11621276780907,90.28099173553719,26.721044045677,0.0,0.0,0,0,38,0.0,20333.4,0,0,2217
36047028200,"Kings County, NY",40.60025,-74.0054401,69.68542268194662,70.9090909090909,68.48287112561174,0.0,0.0,0,0,38,0.0,20333.4,0,0,2218
36047020100,"Kings County, NY",40.6838477,-73.9633875,29.584424270856964,41.78512396694215,20.946166394779773,0.0,0.0,0,0,38,0.0,20333.4,0,0,2219
36047004400,"Kings County, NY",40.6310418,-74.03732,33.933860413432825,15.173553719008265,75.88907014681892,0.0,0.0,0,0,38,0.0,20333.4,0,0,2220
36047040100,"Kings County, NY",40.686459,-73.9127405,67.24227840199747,88.69421487603306,50.97879282218597,0.0,0.0,0,0,38,0.0,20333.4,0,0,2221
36047023100,"Kings County, NY",40.6857866,-73.9608381,35.35198130333919,57.950413223140494,21.56606851549755,0.0,0.0,0,0,38,0.0,20333.4,0,0,2222
36047029700,"Kings County, NY",40.6812727,-73.9316176,54.15383663159725,73.25619834710744,40.0326264274062,0.0,0.0,0,0,38,0.0,20333.4,0,0,2223
36047025800,"Kings County, NY",40.6132884,-73.9874098,70.87246227667217,86.61157024793388,57.993474714518754,0.0,0.0,0,0,38,0.0,20333.4,0,0,2224
36047040000,"Kings County, NY",40.5978088,-73.9761352,60.56095211912735,68.62809917355371,53.442088091354,0.0,0.0,0,0,38,0.0,20333.4,0,0,2225
36047051400,"Kings County, NY",40.6427917,-73.9614284,68.0644498732711,79.50413223140495,58.270799347471446,0.0,0.0,0,0,38,0.0,20333.4,0,0,2226
36047021000,"Kings County, NY",40.627626,-74.0081561,64.576342000611,62.77685950413223,66.4274061990212,0.0,0.0,0,0,38,0.0,20333.4,0,0,2227
36047024700,"Kings County, NY",40.6794431,-73.9492698,42.71911534172721,62.14876033057851,29.363784665579118,0.0,0.0,0,0,38,0.0,20333.4,0,0,2228
36047031300,"Kings County, NY",40.6765714,-73.944303,51.19451354531077,78.67768595041322,33.311582381729195,0.0,0.0,0,0,38,0.0,20333.4,0,0,2229
36047018600,"Kings County, NY",40.6156439,-74.0051063,19.529250152088224,5.7190082644628095,66.6884176182708,0.0,0.0,0,0,38,0.0,20333.4,0,0,2230
36047038600,"Kings County, NY",40.5923495,-73.9751085,47.91113430869654,45.68595041322314,50.24469820554649,0.0,0.0,0,0,38,0.0,20333.4,0,0,2231
36047023400,"Kings County, NY",40.6338712,-73.9879406,77.49252093741015,97.02479338842976,61.892332789559546,0.0,0.0,0,0,38,0.0,20333.4,0,0,2232
36047008200,"Kings County, NY",40.6508179,-74.0076889,71.77668846421727,88.6611570247934,58.10766721044046,0.0,0.0,0,0,38,0.0,20333.4,0,0,2233
36047024300,"Kings County, NY",40.6874555,-73.952856,44.56711649496791,77.25619834710744,25.709624796084828,0.0,0.0,0,0,38,0.0,20333.4,0,0,2234
36047006000,"Kings County, NY",40.6220831,-74.0316042,61.88204080099999,50.942148760330575,75.17128874388254,0.0,0.0,0,0,38,0.0,20333.4,0,0,2235
36047028400,"Kings County, NY",40.6056742,-73.9989428,67.79217548559187,70.67768595041322,65.02446982055466,0.0,0.0,0,0,38,0.0,20333.4,0,0,2236
36047027700,"Kings County, NY",40.6868289,-73.9387604,56.09949924980281,92.66115702479338,33.96411092985318,0.0,0.0,0,0,38,0.0,20333.4,0,0,2237
36047051900,"Kings County, NY",40.7157159,-73.9551571,32.07071245524785,57.05785123966942,18.02610114192496,0.0,0.0,0,0,38,0.0,20333.4,0,0,2238
36047076800,"Kings County, NY",40.6188042,-73.9608017,62.331989000537554,84.39669421487604,46.035889070146816,0.0,0.0,0,0,38,0.0,20333.4,0,0,2239
36047076600,"Kings County, NY",40.6331871,-73.956842,36.828146909441585,25.05785123966942,54.127243066884176,0.0,0.0,0,0,38,0.0,20333.4,0,0,2240
36047053500,"Kings County, NY",40.7061438,-73.9612198,33.241790719869066,95.40495867768595,11.582381729200652,0.0,0.0,0,0,38,0.0,20333.4,0,0,2241
36047056100,"Kings County, NY",40.7262636,-73.9568789,24.65798844402503,57.78512396694215,10.522022838499185,0.0,0.0,0,0,38,0.0,20333.4,0,0,2242
36047081800,"Kings County, NY",40.6530923,-73.9479752,68.31131308499273,79.10743801652893,58.98858075040783,0.0,0.0,0,0,38,0.0,20333.4,0,0,2243
36047057800,"Kings County, NY",40.5994398,-73.9515127,49.120922820261505,66.14876033057851,36.476345840130506,0.0,0.0,0,0,38,0.0,20333.4,0,0,2244
36047073800,"Kings County, NY",40.6224095,-73.9390773,33.71929045993774,24.628099173553718,46.166394779771615,0.0,0.0,0,0,38,0.0,20333.4,0,0,2245
36047054600,"Kings County, NY",40.6131411,-73.9531238,60.82007790322532,94.87603305785125,38.988580750407834,0.0,0.0,0,0,38,0.0,20333.4,0,0,2246
36047150200,"Kings County, NY",40.6546407,-73.9812779,18.69029463758488,15.768595041322314,22.153344208809138,0.0,0.0,0,0,38,0.0,20333.4,0,0,2247
36047056301,"Kings County, NY",40.7340584,-73.9572128,8.624268558555492,74.74380165289256,0.9951060358890701,0.0,0.0,0,0,38,0.0,20333.4,0,0,2248
36047086800,"Kings County, NY",40.6543124,-73.9297309,65.35750052106712,69.75206611570248,61.23980424143556,0.0,0.0,0,0,38,0.0,20333.4,0,0,2249
36047058600,"Kings County, NY",40.594564,-73.9546136,41.681249026774175,40.46280991735537,42.93637846655791,0.0,0.0,0,0,38,0.0,20333.4,0,0,2250
36047102200,"Kings County, NY",40.6364413,-73.8900106,25.33256082690587,9.15702479338843,70.0815660685155,0.0,0.0,0,0,38,0.0,20333.4,0,0,2251
36047074600,"Kings County, NY",40.6186094,-73.942635,38.293756241521386,31.96694214876033,45.872756933115824,0.0,0.0,0,0,38,0.0,20333.4,0,0,2252
36047064800,"Kings County, NY",40.6176898,-73.9364602,25.137964803856576,13.553719008264462,46.623164763458405,0.0,0.0,0,0,38,0.0,20333.4,0,0,2253
36047093000,"Kings County, NY",40.649929,-73.9154075,33.79333769830951,18.677685950413224,61.141924959216965,0.0,0.0,0,0,38,0.0,20333.4,0,0,2254
36047064600,"Kings County, NY",40.6159147,-73.9395351,33.88947657843513,26.809917355371898,42.83849918433931,0.0,0.0,0,0,38,0.0,20333.4,0,0,2255
36047098400,"Kings County, NY",40.6465779,-73.8917896,32.42191155136269,15.305785123966942,68.67862969004894,0.0,0.0,0,0,38,0.0,20333.4,0,0,2256
36047077600,"Kings County, NY",40.6309255,-73.9411361,43.310028451124275,36.0,52.10440456769984,0.0,0.0,0,0,38,0.0,20333.4,0,0,2257
36047055500,"Kings County, NY",40.7180846,-73.9632608,28.058500820074567,54.34710743801653,14.486133768352365,0.0,0.0,0,0,38,0.0,20333.4,0,0,2258
36047052700,"Kings County, NY",40.7084001,-73.9536948,38.94705708737084,92.4297520661157,16.411092985318106,0.0,0.0,0,0,38,0.0,20333.4,0,0,2259
36047064200,"Kings County, NY",40.6121974,-73.9463939,49.2022071174569,64.85950413223141,37.32463295269168,0.0,0.0,0,0,38,0.0,20333.4,0,0,2260
36047113400,"Kings County, NY",40.6677793,-73.8996082,61.97087944582922,85.38842975206612,44.97553017944535,0.0,0.0,0,0,38,0.0,20333.4,0,0,2261
36047077200,"Kings County, NY",40.6316094,-73.953177,57.812859492174276,63.47107438016529,52.65905383360522,0.0,0.0,0,0,38,0.0,20333.4,0,0,2262
36047112600,"Kings County, NY",40.6648986,-73.8931118,62.11407754407022,82.8099173553719,46.5905383360522,0.0,0.0,0,0,38,0.0,20333.4,0,0,2263
36047087401,"Kings County, NY",40.6604744,-73.9384588,63.31315561474969,88.23140495867769,45.43230016313214,0.0,0.0,0,0,38,0.0,20333.4,0,0,2264
36047088600,"Kings County, NY",40.657488,-73.9206765,55.08726896553885,58.94214876033058,51.48450244698205,0.0,0.0,0,0,38,0.0,20333.4,0,0,2265
36047098600,"Kings County, NY",40.6449365,-73.8943196,31.957665497046868,15.107438016528926,67.60195758564437,0.0,0.0,0,0,38,0.0,20333.4,0,0,2266
36047054400,"Kings County, NY",40.6132196,-73.9571904,55.48767496472996,79.70247933884298,38.62969004893964,0.0,0.0,0,0,38,0.0,20333.4,0,0,2267
36047065200,"Kings County, NY",40.614762,-73.9300726,30.564664199681676,19.801652892561982,47.17781402936379,0.0,0.0,0,0,38,0.0,20333.4,0,0,2268
36047083000,"Kings County, NY",40.640887,-73.9455028,59.21607797409465,62.413223140495866,56.182707993474715,0.0,0.0,0,0,38,0.0,20333.4,0,0,2269
36047053800,"Kings County, NY",40.6181982,-73.956835,61.414626103739074,84.19834710743802,44.79608482871126,0.0,0.0,0,0,38,0.0,20333.4,0,0,2270
36047075600,"Kings County, NY",40.6168562,-73.9479894,37.70997192960762,33.32231404958678,42.67536704730832,0.0,0.0,0,0,38,0.0,20333.4,0,0,2271
36047060800,"Kings County, NY",40.5839493,-73.9490961,55.170329448958455,83.6694214876033,36.378466557911906,0.0,0.0,0,0,38,0.0,20333.4,0,0,2272
36047053000,"Kings County, NY",40.6273634,-73.9637344,60.83593854991959,75.27272727272727,49.168026101141926,0.0,0.0,0,0,38,0.0,20333.4,0,0,2273
36047056600,"Kings County, NY",40.6028525,-73.9414035,43.345115340757566,58.049586776859506,32.36541598694943,0.0,0.0,0,0,38,0.0,20333.4,0,0,2274
36047076400,"Kings County, NY",40.6319262,-73.9586448,65.02561022631487,78.97520661157024,53.539967373572594,0.0,0.0,0,0,38,0.0,20333.4,0,0,2275
36047101400,"Kings County, NY",40.6416626,-73.8906734,40.04561054835777,23.305785123966942,68.80913539967374,0.0,0.0,0,0,38,0.0,20333.4,0,0,2276
36047061200,"Kings County, NY",40.5808755,-73.9493716,25.259223920798522,17.123966942148762,37.25938009787928,0.0,0.0,0,0,38,0.0,20333.4,0,0,2277
36047058400,"Kings County, NY",40.5940748,-73.9586719,55.5199906535189,71.900826446281,42.87112561174551,0.0,0.0,0,0,38,0.0,20333.4,0,0,2278
36047085800,"Kings County, NY",40.6501596,-73.9389962,49.19109193554539,42.11570247933884,57.45513866231647,0.0,0.0,0,0,38,0.0,20333.4,0,0,2279
36047082200,"Kings County, NY",40.6532888,-73.9544282,63.88447637921625,75.53719008264463,54.02936378466558,0.0,0.0,0,0,38,0.0,20333.4,0,0,2280
36047069602,"Kings County, NY",40.622761,-73.9092489,58.91851556754371,57.388429752066116,60.48939641109299,0.0,0.0,0,0,38,0.0,20333.4,0,0,2281
36047101000,"Kings County, NY",40.6360282,-73.894972,54.793248017544904,44.56198347107438,67.37357259380097,0.0,0.0,0,0,38,0.0,20333.4,0,0,2282
36047065800,"Kings County, NY",40.6080828,-73.9312005,32.33785488287021,24.429752066115704,42.80587275693312,0.0,0.0,0,0,38,0.0,20333.4,0,0,2283
36047123700,"Kings County, NY",40.6967384,-73.9567404,34.15995084972656,96.92561983471074,12.039151712887438,0.0,0.0,0,0,38,0.0,20333.4,0,0,2284
36047079001,"Kings County, NY",40.641499,-73.9554599,58.97143719288741,60.925619834710744,57.07993474714519,0.0,0.0,0,0,38,0.0,20333.4,0,0,2285
36047054700,"Kings County, NY",40.7085259,-73.9665937,28.903472610941726,89.68595041322314,9.31484502446982,0.0,0.0,0,0,38,0.0,20333.4,0,0,2286
36047099200,"Kings County, NY",40.6374035,-73.9012845,24.211330100827524,9.223140495867769,63.556280587275694,0.0,0.0,0,0,38,0.0,20333.4,0,0,2287
36047091000,"Kings County, NY",40.6657515,-73.9034065,65.32019431265552,98.51239669421487,43.3115823817292,0.0,0.0,0,0,38,0.0,20333.4,0,0,2288
36047052500,"Kings County, NY",40.7088833,-73.9599784,34.367517888920254,87.86776859504131,13.442088091353996,0.0,0.0,0,0,38,0.0,20333.4,0,0,2289
36047079400,"Kings County, NY",40.6486053,-73.955286,45.266977676090576,36.429752066115704,56.247960848287114,0.0,0.0,0,0,38,0.0,20333.4,0,0,2290
36047119800,"Kings County, NY",40.6763145,-73.8943861,58.44363086561286,74.51239669421487,45.840130505709624,0.0,0.0,0,0,38,0.0,20333.4,0,0,2291
36047078601,"Kings County, NY",40.6341973,-73.9479551,32.4950981474203,19.43801652892562,54.32300163132137,0.0,0.0,0,0,38,0.0,20333.4,0,0,2292
36047100800,"Kings County, NY",40.6341331,-73.8980664,39.16612927162355,23.43801652892562,65.44861337683524,0.0,0.0,0,0,38,0.0,20333.4,0,0,2293
36047061004,"Kings County, NY",40.5798742,-73.9557652,60.47378763569807,98.2809917355372,37.21044045676998,0.0,0.0,0,0,38,0.0,20333.4,0,0,2294
36047086600,"Kings County, NY",40.656375,-73.9267616,54.39980554170398,49.32231404958678,60.0,0.0,0.0,0,0,38,0.0,20333.4,0,0,2295
36047085600,"Kings County, NY",40.6486243,-73.9448274,49.21552229859288,43.33884297520661,55.88907014681892,0.0,0.0,0,0,38,0.0,20333.4,0,0,2296
36047072600,"Kings County, NY",40.6324139,-73.9338762,20.8802940541828,8.03305785123967,54.274061990212076,0.0,0.0,0,0,38,0.0,20333.4,0,0,2297
36047051800,"Kings County, NY",40.6379909,-73.9607951,39.164187789615,28.000000000000004,54.77977161500816,0.0,0.0,0,0,38,0.0,20333.4,0,0,2298
36047060600,"Kings County, NY",40.5864642,-73.9561214,47.09433708865258,61.685950413223146,35.95432300163132,0.0,0.0,0,0,38,0.0,20333.4,0,0,2299
36047103401,"Kings County, NY",40.6335239,-73.8862271,81.55568153027068,94.51239669421487,70.3752039151713,0.0,0.0,0,0,38,0.0,20333.4,0,0,2300
36047089400,"Kings County, NY",40.6615039,-73.9164852,66.76909248903178,82.21487603305785,54.225122349102776,0.0,0.0,0,0,38,0.0,20333.4,0,0,2301
36047089000,"Kings County, NY",40.6569877,-73.9154892,71.23222328008977,78.74380165289256,64.43719412724307,0.0,0.0,0,0,38,0.0,20333.4,0,0,2302
36047054200,"Kings County, NY",40.6128027,-73.960979,62.653187620640175,96.79338842975207,40.55464926590538,0.0,0.0,0,0,38,0.0,20333.4,0,0,2303
36047090000,"Kings County, NY",40.666247,-73.9198123,68.96587889261698,92.03305785123968,51.68026101141925,0.0,0.0,0,0,38,0.0,20333.4,0,0,2304
36047102400,"Kings County, NY",40.6329284,-73.8932756,39.366274029103096,22.677685950413224,68.33605220228385,0.0,0.0,0,0,38,0.0,20333.4,0,0,2305
36047055100,"Kings County, NY",40.7139593,-73.9644095,31.104822944057023,69.12396694214877,13.99673735725938,0.0,0.0,0,0,38,0.0,20333.4,0,0,2306
36047059100,"Kings County, NY",40.7235304,-73.9429338,33.53846614346156,61.45454545454545,18.303425774877653,0.0,0.0,0,0,38,0.0,20333.4,0,0,2307
36047079601,"Kings County, NY",40.6565964,-73.9582723,65.76105996360182,84.69421487603306,51.060358890701465,0.0,0.0,0,0,38,0.0,20333.4,0,0,2308
36047096800,"Kings County, NY",40.6441418,-73.9038769,21.795628266029112,7.338842975206611,64.73083197389886,0.0,0.0,0,0,38,0.0,20333.4,0,0,2309
36047064000,"Kings County, NY",40.6109971,-73.9402463,19.783520963780617,10.413223140495868,37.58564437194127,0.0,0.0,0,0,38,0.0,20333.4,0,0,2310
36047099800,"Kings County, NY",40.6295432,-73.9094498,41.29289859419001,28.49586776859504,59.836867862969,0.0,0.0,0,0,38,0.0,20333.4,0,0,2311
36047062600,"Kings County, NY",40.5923334,-73.9344391,51.453079707400484,54.97520661157025,48.15660685154975,0.0,0.0,0,0,38,0.0,20333.4,0,0,2312
36047088400,"Kings County, NY",40.6622281,-73.9245506,69.05768146571488,93.81818181818183,50.831973898858074,0.0,0.0,0,0,38,0.0,20333.4,0,0,2313
36047077400,"Kings County, NY",40.63168,-73.947607,48.62248988194087,45.09090909090909,52.43066884176183,0.0,0.0,0,0,38,0.0,20333.4,0,0,2314
36047099000,"Kings County, NY",40.6393703,-73.898562,30.55981174277407,14.24793388429752,65.54649265905384,0.0,0.0,0,0,38,0.0,20333.4,0,0,2315
36047101600,"Kings County, NY",40.643303,-73.8881409,5.679194114506664,0.4628099173553719,69.69004893964112,0.0,0.0,0,0,38,0.0,20333.4,0,0,2316
36047062800,"Kings County, NY",40.589588,-73.9273296,51.52823648203542,50.0495867768595,53.050570962479604,0.0,0.0,0,0,38,0.0,20333.4,0,0,2317
36047072400,"Kings County, NY",40.6341061,-73.9270557,42.72107830562163,31.702479338842977,57.56933115823817,0.0,0.0,0,0,38,0.0,20333.4,0,0,2318
36047085400,"Kings County, NY",40.6443465,-73.943876,27.47043862618052,12.892561983471074,58.53181076672105,0.0,0.0,0,0,38,0.0,20333.4,0,0,2319
36047114201,"Kings County, NY",40.679002,-73.9010285,32.59166625971047,25.68595041322314,41.35399673735726,0.0,0.0,0,0,38,0.0,20333.4,0,0,2320
36047059402,"Kings County, NY",40.5946146,-73.9430181,45.368662748313334,49.950413223140494,41.207177814029365,0.0,0.0,0,0,38,0.0,20333.4,0,0,2321
36047098800,"Kings County, NY",40.6430019,-73.8973153,42.5498729533968,27.471074380165287,65.90538336052202,0.0,0.0,0,0,38,0.0,20333.4,0,0,2322
36047088800,"Kings County, NY",40.6539409,-73.9180852,72.43985918962146,83.83471074380165,62.59380097879282,0.0,0.0,0,0,38,0.0,20333.4,0,0,2323
36047102600,"Kings County, NY",40.6296068,-73.8984805,44.626224038350465,30.611570247933884,65.05709624796084,0.0,0.0,0,0,38,0.0,20333.4,0,0,2324
36047052900,"Kings County, NY",40.7058715,-73.9545059,37.41048393934375,91.07438016528926,15.367047308319739,0.0,0.0,0,0,38,0.0,20333.4,0,0,2325
36047101200,"Kings County, NY",40.6397265,-73.8936677,21.636172961597058,6.975206611570248,67.11256117455139,0.0,0.0,0,0,38,0.0,20333.4,0,0,2326
36047074200,"Kings County, NY",40.6269944,-73.9449753,54.07846961398207,60.198347107438025,48.580750407830344,0.0,0.0,0,0,38,0.0,20333.4,0,0,2327
36047085000,"Kings County, NY",40.6457434,-73.932316,9.797100309300435,1.5867768595041323,60.48939641109299,0.0,0.0,0,0,38,0.0,20333.4,0,0,2328
36047076000,"Kings County, NY",40.6213569,-73.9547885,51.90400878646961,60.82644628099173,44.290375203915175,0.0,0.0,0,0,38,0.0,20333.4,0,0,2329
36047067600,"Kings County, NY",40.624995,-73.9272011,15.024227801428449,4.363636363636364,51.72920065252855,0.0,0.0,0,0,38,0.0,20333.4,0,0,2330
36047061600,"Kings County, NY",40.5767201,-73.9428777,8.81925426650185,1.6859504132231404,46.133768352365415,0.0,0.0,0,0,38,0.0,20333.4,0,0,2331
36047080800,"Kings County, NY",40.6573033,-73.9394864,60.46363411937372,76.95867768595042,47.50407830342577,0.0,0.0,0,0,38,0.0,20333.4,0,0,2332
36047052600,"Kings County, NY",40.6364701,-73.9666776,49.7133790695408,43.37190082644628,56.982055464926596,0.0,0.0,0,0,38,0.0,20333.4,0,0,2333
36047063200,"Kings County, NY",40.5997604,-73.9315683,32.32888172160545,22.016528925619834,47.47145187601958,0.0,0.0,0,0,38,0.0,20333.4,0,0,2334
36047081600,"Kings County, NY",40.6535296,-73.9442053,33.594745206322585,18.975206611570247,59.47797716150082,0.0,0.0,0,0,38,0.0,20333.4,0,0,2335
36047063800,"Kings County, NY",40.608074,-73.9403,21.31573319350883,12.099173553719009,37.55301794453507,0.0,0.0,0,0,38,0.0,20333.4,0,0,2336
36047100600,"Kings County, NY",40.6322533,-73.9008897,34.75542858857061,18.479338842975206,65.36704730831974,0.0,0.0,0,0,38,0.0,20333.4,0,0,2337
36047082000,"Kings County, NY",40.653453,-73.9513097,71.24986089287843,92.39669421487604,54.94290375203915,0.0,0.0,0,0,38,0.0,20333.4,0,0,2338
36047075200,"Kings County, NY",40.6261531,-73.9525462,12.093854142626952,3.041322314049587,48.091353996737354,0.0,0.0,0,0,38,0.0,20333.4,0,0,2339
36047067200,"Kings County, NY",40.618747,-73.9278042,19.466631773509135,7.537190082644628,50.27732463295269,0.0,0.0,0,0,38,0.0,20333.4,0,0,2340
36047086000,"Kings County, NY",40.6499865,-73.9329328,56.461440357405166,55.14049586776859,57.81402936378467,0.0,0.0,0,0,38,0.0,20333.4,0,0,2341
36047059600,"Kings County, NY",40.5910968,-73.9400566,59.886941328739965,76.49586776859503,46.88417618270799,0.0,0.0,0,0,38,0.0,20333.4,0,0,2342
36047073200,"Kings County, NY",40.6279296,-73.9336064,32.168428842021235,20.39669421487603,50.73409461663948,0.0,0.0,0,0,38,0.0,20333.4,0,0,2343
36047070000,"Kings County, NY",40.6200459,-73.9067408,51.34568409786357,43.53719008264463,60.55464926590538,0.0,0.0,0,0,38,0.0,20333.4,0,0,2344
36047059200,"Kings County, NY",40.5923379,-73.9514508,55.63023348501217,71.37190082644628,43.3605220228385,0.0,0.0,0,0,38,0.0,20333.4,0,0,2345
36047091200,"Kings County, NY",40.665129,-73.9076346,63.82814684622703,98.7107438016529,41.272430668841764,0.0,0.0,0,0,38,0.0,20333.4,0,0,2346
36047054500,"Kings County, NY",40.7052376,-73.9652859,28.32769029220698,98.57851239669422,8.140293637846655,0.0,0.0,0,0,38,0.0,20333.4,0,0,2347
36047068200,"Kings County, NY",40.6166469,-73.9241304,14.9400719115599,4.3966942148760335,50.76672104404568,0.0,0.0,0,0,38,0.0,20333.4,0,0,2348
36047054800,"Kings County, NY",40.6092526,-73.9483771,40.97615739388513,49.388429752066116,33.996737357259384,0.0,0.0,0,0,38,0.0,20333.4,0,0,2349
36047052000,"Kings County, NY",40.6374454,-73.9641874,48.36725568765413,44.16528925619835,52.96900489396411,0.0,0.0,0,0,38,0.0,20333.4,0,0,2350
36047084800,"Kings County, NY",40.646427,-73.9278611,35.169477257412254,20.165289256198346,61.337683523654164,0.0,0.0,0,0,38,0.0,20333.4,0,0,2351
36047087200,"Kings County, NY",40.6536754,-73.9366498,50.069731483866455,41.85123966942149,59.9021207177814,0.0,0.0,0,0,38,0.0,20333.4,0,0,2352
36047053700,"Kings County, NY",40.7002979,-73.9599545,30.498693047313893,92.26446280991736,10.081566068515498,0.0,0.0,0,0,38,0.0,20333.4,0,0,2353
36047069800,"Kings County, NY",40.6112503,-73.9170851,30.345091181305097,16.991735537190085,54.19249592169657,0.0,0.0,0,0,38,0.0,20333.4,0,0,2354
36047058800,"Kings County, NY",40.5896217,-73.9585479,43.200452593187784,49.05785123966942,38.042414355628054,0.0,0.0,0,0,38,0.0,20333.4,0,0,2355
36047098200,"Kings County, NY",40.6509988,-73.8943666,81.0768398018002,94.54545454545455,69.52691680261012,0.0,0.0,0,0,38,0.0,20333.4,0,0,2356
36047080000,"Kings County, NY",40.660686,-73.9537667,41.14419237367527,45.553719008264466,37.16150081566069,0.0,0.0,0,0,38,0.0,20333.4,0,0,2357
36047075000,"Kings County, NY",40.6265678,-73.948766,37.23197259720688,28.72727272727273,48.25448613376835,0.0,0.0,0,0,38,0.0,20333.4,0,0,2358
36047095800,"Kings County, NY",40.6408221,-73.9116859,63.413724643944526,66.01652892561984,60.91353996737357,0.0,0.0,0,0,38,0.0,20333.4,0,0,2359
36047083800,"Kings County, NY",40.6417561,-73.935135,30.80739785520737,16.462809917355372,57.65089722675367,0.0,0.0,0,0,38,0.0,20333.4,0,0,2360
36047073400,"Kings County, NY",40.6278153,-73.9374778,21.288746723578058,9.090909090909092,49.8531810766721,0.0,0.0,0,0,38,0.0,20333.4,0,0,2361
36047087800,"Kings County, NY",40.6588465,-73.9310338,55.98912571539291,63.107438016528924,49.67373572593801,0.0,0.0,0,0,38,0.0,20333.4,0,0,2362
36047088001,"Kings County, NY",40.6619842,-73.932935,44.01658463057473,40.396694214876035,47.96084828711256,0.0,0.0,0,0,38,0.0,20333.4,0,0,2363
36047056000,"Kings County, NY",40.6040855,-73.9514358,50.383432656209024,79.63636363636364,31.876019575856446,0.0,0.0,0,0,38,0.0,20333.4,0,0,2364
36047062000,"Kings County, NY",40.5788518,-73.9460579,22.276078947104995,11.900826446280991,41.696574225122355,0.0,0.0,0,0,38,0.0,20333.4,0,0,2365
36047068000,"Kings County, NY",40.6213764,-73.9251879,30.58381946956879,17.454545454545457,53.588907014681894,0.0,0.0,0,0,38,0.0,20333.4,0,0,2366
36047105801,"Kings County, NY",40.6492205,-73.8805957,81.66320781975509,93.71900826446281,71.15823817292006,0.0,0.0,0,0,38,0.0,20333.4,0,0,2367
36047059800,"Kings County, NY",40.5878962,-73.9362265,51.39028114915363,54.54545454545454,48.417618270799345,0.0,0.0,0,0,38,0.0,20333.4,0,0,2368
36047094600,"Kings County, NY",40.6446169,-73.9232797,8.292054839383603,1.1239669421487601,61.174551386623165,0.0,0.0,0,0,38,0.0,20333.4,0,0,2369
36047096600,"Kings County, NY",40.6406399,-73.903142,47.88744617728017,35.570247933884296,64.46982055464927,0.0,0.0,0,0,38,0.0,20333.4,0,0,2370
36047101800,"Kings County, NY",40.643853,-73.886645,20.20684965425649,5.818181818181818,70.1794453507341,0.0,0.0,0,0,38,0.0,20333.4,0,0,2371
36047058000,"Kings County, NY",40.5990067,-73.9554539,56.76714243249993,80.7603305785124,39.9021207177814,0.0,0.0,0,0,38,0.0,20333.4,0,0,2372
36047078801,"Kings County, NY",40.6374228,-73.9503076,42.80220048218375,34.51239669421488,53.083197389885804,0.0,0.0,0,0,38,0.0,20333.4,0,0,2373
36047082800,"Kings County, NY",40.640991,-73.9496047,55.82439517884493,55.371900826446286,56.280587275693314,0.0,0.0,0,0,38,0.0,20333.4,0,0,2374
36047061002,"Kings County, NY",40.5752803,-73.9555451,62.833935797402134,90.67768595041322,43.539967373572594,0.0,0.0,0,0,38,0.0,20333.4,0,0,2375
36047057901,"Kings County, NY",40.7351703,-73.9511757,8.85477088889998,46.21487603305785,1.6965742251223492,0.0,0.0,0,0,38,0.0,20333.4,0,0,2376
36047099600,"Kings County, NY",40.6334438,-73.9077878,52.31576547792667,45.65289256198347,59.95106035889071,0.0,0.0,0,0,38,0.0,20333.4,0,0,2377
36047080600,"Kings County, NY",40.661659,-73.9438615,58.32111088137929,82.34710743801654,41.30505709624796,0.0,0.0,0,0,38,0.0,20333.4,0,0,2378
36047069200,"Kings County, NY",40.6236755,-73.9200888,17.206684704410105,5.12396694214876,57.78140293637847,0.0,0.0,0,0,38,0.0,20333.4,0,0,2379
36047052300,"Kings County, NY",40.7116633,-73.958807,37.68576734148072,91.83471074380165,15.464926590538337,0.0,0.0,0,0,38,0.0,20333.4,0,0,2380
36047087600,"Kings County, NY",40.6606478,-73.9357059,57.965190666245164,70.87603305785125,47.40619902120718,0.0,0.0,0,0,38,0.0,20333.4,0,0,2381
36047094401,"Kings County, NY",40.638743,-73.9229682,39.98600324053586,27.702479338842977,57.71615008156606,0.0,0.0,0,0,38,0.0,20333.4,0,0,2382
36047055800,"Kings County, NY",40.6036536,-73.9553779,47.948849021331476,67.2396694214876,34.192495921696576,0.0,0.0,0,0,38,0.0,20333.4,0,0,2383
36047083200,"Kings County, NY",40.641524,-73.9416243,26.259060182691968,12.132231404958677,56.8352365415987,0.0,0.0,0,0,38,0.0,20333.4,0,0,2384
36047060000,"Kings County, NY",40.5870743,-73.9456922,55.09292703715228,74.84297520661157,40.55464926590538,0.0,0.0,0,0,38,0.0,20333.4,0,0,2385
36047090800,"Kings County, NY",40.6713226,-73.9047719,63.55137648164596,98.47933884297521,41.011419249592166,0.0,0.0,0,0,38,0.0,20333.4,0,0,2386
36047069601,"Kings County, NY",40.6271699,-73.9153676,44.259052604846815,35.00826446280992,55.95432300163132,0.0,0.0,0,0,38,0.0,20333.4,0,0,2387
36047079602,"Kings County, NY",40.6527603,-73.9576551,68.01166171858878,81.9504132231405,56.443719412724306,0.0,0.0,0,0,38,0.0,20333.4,0,0,2388
36047072800,"Kings County, NY",40.6294856,-73.9270042,47.03227729032955,41.1900826446281,53.70309951060359,0.0,0.0,0,0,38,0.0,20333.4,0,0,2389
36047096200,"Kings County, NY",40.6450267,-73.9105174,44.24344135181969,30.94214876033058,63.2626427406199,0.0,0.0,0,0,38,0.0,20333.4,0,0,2390
36047114400,"Kings County, NY",40.6728096,-73.8985527,55.383740776508816,68.92561983471074,44.50244698205547,0.0,0.0,0,0,38,0.0,20333.4,0,0,2391
36047056500,"Kings County, NY",40.730219,-73.957763,9.78459715292358,71.5702479338843,1.33768352365416,0.0,0.0,0,0,38,0.0,20333.4,0,0,2392
36047057500,"Kings County, NY",40.7321052,-73.9532306,11.34099776709982,74.3801652892562,1.7292006525285482,0.0,0.0,0,0,38,0.0,20333.4,0,0,2393
36047092000,"Kings County, NY",40.6585644,-73.9029876,48.0420858195789,35.107438016528924,65.74225122349104,0.0,0.0,0,0,38,0.0,20333.4,0,0,2394
36047092400,"Kings County, NY",40.6669331,-73.9114794,69.89347860245644,88.85950413223141,54.97553017944535,0.0,0.0,0,0,38,0.0,20333.4,0,0,2395
36047068600,"Kings County, NY",40.6148226,-73.9172817,14.60243916928762,3.9669421487603307,53.752039151712886,0.0,0.0,0,0,38,0.0,20333.4,0,0,2396
36047084000,"Kings County, NY",40.6419943,-73.931292,41.72878269805574,29.983471074380162,58.07504078303426,0.0,0.0,0,0,38,0.0,20333.4,0,0,2397
36047081000,"Kings County, NY",40.659113,-73.9445489,34.944301042856594,28.396694214876035,43.00163132137031,0.0,0.0,0,0,38,0.0,20333.4,0,0,2398
36047113200,"Kings County, NY",40.6612884,-73.8988885,51.14217525925616,39.47107438016529,66.2642740619902,0.0,0.0,0,0,38,0.0,20333.4,0,0,2399
36047097000,"Kings County, NY",40.64726,-73.907353,25.023036856168833,9.619834710743802,65.08972267536704,0.0,0.0,0,0,38,0.0,20333.4,0,0,2400
36047058200,"Kings County, NY",40.5985399,-73.9592618,50.42373667405518,61.65289256198348,41.239804241435564,0.0,0.0,0,0,38,0.0,20333.4,0,0,2401
36047055700,"Kings County, NY",40.7219984,-73.9593366,18.86129152844919,28.066115702479337,12.67536704730832,0.0,0.0,0,0,38,0.0,20333.4,0,0,2402
36047056302,"Kings County, NY",40.7366538,-73.9587876,5.570472082540091,45.289256198347104,0.6851549755301795,0.0,0.0,0,0,38,0.0,20333.4,0,0,2403
36047059404,"Kings County, NY",40.590829,-73.9470803,53.68805588760655,66.77685950413223,43.1647634584013,0.0,0.0,0,0,38,0.0,20333.4,0,0,2404
36047090200,"Kings County, NY",40.6675531,-73.9150074,69.50489085798982,90.64462809917356,53.2952691680261,0.0,0.0,0,0,38,0.0,20333.4,0,0,2405
36047053200,"Kings County, NY",40.6262195,-73.9602546,44.89857224756294,42.611570247933884,47.30831973898858,0.0,0.0,0,0,38,0.0,20333.4,0,0,2406
36047100400,"Kings County, NY",40.6306493,-73.9038,50.52432937362718,39.86776859504132,64.02936378466558,0.0,0.0,0,0,38,0.0,20333.4,0,0,2407
36047070601,"Kings County, NY",40.6159847,-73.9025453,28.036985574344325,12.52892561983471,62.74061990212072,0.0,0.0,0,0,38,0.0,20333.4,0,0,2408
36047082400,"Kings County, NY",40.6488474,-73.9493577,70.97275611153201,89.91735537190083,56.019575856443716,0.0,0.0,0,0,38,0.0,20333.4,0,0,2409
36047083400,"Kings County, NY",40.6415499,-73.9384751,18.29883742834183,5.851239669421488,57.22675367047309,0.0,0.0,0,0,38,0.0,20333.4,0,0,2410
36047057200,"Kings County, NY",40.5963688,-73.9382159,62.945638007798514,92.0,43.066884176182704,0.0,0.0,0,0,38,0.0,20333.4,0,0,2411
36047054900,"Kings County, NY",40.7111707,-73.965736,31.218418849909508,83.20661157024793,11.71288743882545,0.0,0.0,0,0,38,0.0,20333.4,0,0,2412
36047055200,"Kings County, NY",40.6083096,-73.9562588,53.898581579184075,80.0,36.313213703099514,0.0,0.0,0,0,38,0.0,20333.4,0,0,2413
36047080400,"Kings County, NY",40.6589744,-73.9489902,57.510240568205596,81.78512396694215,40.44045676998368,0.0,0.0,0,0,38,0.0,20333.4,0,0,2414
36047088200,"Kings County, NY",40.6604945,-73.9259817,68.03748230415192,91.00826446280992,50.864600326264274,0.0,0.0,0,0,38,0.0,20333.4,0,0,2415
36047081400,"Kings County, NY",40.6536407,-73.940238,48.68132615890404,39.735537190082646,59.641109298531816,0.0,0.0,0,0,38,0.0,20333.4,0,0,2416
36047110400,"Kings County, NY",40.6574021,-73.8887862,70.43042216647912,73.02479338842976,67.92822185970635,0.0,0.0,0,0,38,0.0,20333.4,0,0,2417
36047086400,"Kings County, NY",40.654339,-73.9238466,50.99524499599159,41.9504132231405,61.99021207177814,0.0,0.0,0,0,38,0.0,20333.4,0,0,2418
36047079002,"Kings County, NY",40.6407206,-73.9528265,63.72215145019934,72.23140495867769,56.215334420880914,0.0,0.0,0,0,38,0.0,20333.4,0,0,2419
36047057600,"Kings County, NY",40.5998731,-73.947571,35.93440876437584,37.05785123966942,34.84502446982056,0.0,0.0,0,0,38,0.0,20333.4,0,0,2420
36047053400,"Kings County, NY",40.6225826,-73.9628302,58.25674583612188,77.45454545454545,43.817292006525285,0.0,0.0,0,0,38,0.0,20333.4,0,0,2421
36047102801,"Kings County, NY",40.631175,-73.8897557,43.81396454795997,27.239669421487605,70.47308319738988,0.0,0.0,0,0,38,0.0,20333.4,0,0,2422
36047110600,"Kings County, NY",40.6573142,-73.8842981,80.1670024241593,93.35537190082644,68.84176182707994,0.0,0.0,0,0,38,0.0,20333.4,0,0,2423
36047095400,"Kings County, NY",40.6389669,-73.9146325,47.61276986006297,37.256198347107436,60.848287112561174,0.0,0.0,0,0,38,0.0,20333.4,0,0,2424
36047094402,"Kings County, NY",40.6350816,-73.9207802,73.95887322433218,91.2396694214876,59.95106035889071,0.0,0.0,0,0,38,0.0,20333.4,0,0,2425
36047093400,"Kings County, NY",40.6489251,-73.9190149,42.65771930147143,30.644628099173556,59.380097879282225,0.0,0.0,0,0,38,0.0,20333.4,0,0,2426
36047056200,"Kings County, NY",40.6045181,-73.9475034,19.376917365528975,12.0,31.28874388254486,0.0,0.0,0,0,38,0.0,20333.4,0,0,2427
36047053900,"Kings County, NY",40.7026477,-73.9625584,28.4194342730745,90.18181818181819,8.955954323001631,0.0,0.0,0,0,38,0.0,20333.4,0,0,2428
36047059403,"Kings County, NY",40.5952707,-73.9481901,40.31642468610229,41.6198347107438,39.05383360522023,0.0,0.0,0,0,38,0.0,20333.4,0,0,2429
36047073000,"Kings County, NY",40.6262004,-73.9298509,12.352286054998778,2.9421487603305785,51.85970636215335,0.0,0.0,0,0,38,0.0,20333.4,0,0,2430
36047079201,"Kings County, NY",40.6446151,-73.956409,52.82420378450535,47.17355371900827,59.151712887438826,0.0,0.0,0,0,38,0.0,20333.4,0,0,2431
36047075400,"Kings County, NY",40.6214738,-73.9507115,27.566796618172475,17.388429752066116,43.703099510603586,0.0,0.0,0,0,38,0.0,20333.4,0,0,2432
36047067400,"Kings County, NY",40.6198305,-73.9302723,18.784839149487272,7.041322314049586,50.11419249592169,0.0,0.0,0,0,38,0.0,20333.4,0,0,2433
36047070201,"Kings County, NY",40.6089645,-73.9081434,58.245562366908466,56.29752066115703,60.26101141924959,0.0,0.0,0,0,38,0.0,20333.4,0,0,2434
36047080200,"Kings County, NY",40.6576399,-73.9534407,52.13268643953273,68.36363636363636,39.75530179445351,0.0,0.0,0,0,38,0.0,20333.4,0,0,2435
36047086200,"Kings County, NY",40.6502164,-73.9282257,60.78932891616579,63.2396694214876,58.433931484502445,0.0,0.0,0,0,38,0.0,20333.4,0,0,2436
36047092800,"Kings County, NY",40.6524793,-73.9117726,38.106604449678606,23.636363636363637,61.435562805872756,0.0,0.0,0,0,38,0.0,20333.4,0,0,2437
36047072000,"Kings County, NY",40.6288503,-73.9200467,45.44259667953161,35.900826446280995,57.52039151712888,0.0,0.0,0,0,38,0.0,20333.4,0,0,2438
36047057100,"Kings County, NY",40.7247837,-73.9476188,34.915399350904565,77.52066115702479,15.72593800978793,0.0,0.0,0,0,38,0.0,20333.4,0,0,2439
36047059000,"Kings County, NY",40.5899909,-73.954687,32.97881482445269,27.50413223140496,39.54323001631322,0.0,0.0,0,0,38,0.0,20333.4,0,0,2440
36047084600,"Kings County, NY",40.642285,-73.9274549,37.95679544801863,24.39669421487603,59.05383360522023,0.0,0.0,0,0,38,0.0,20333.4,0,0,2441
36047091800,"Kings County, NY",40.6616527,-73.9045855,50.42170993861028,61.917355371900825,41.06035889070147,0.0,0.0,0,0,38,0.0,20333.4,0,0,2442
36047075800,"Kings County, NY",40.6164751,-73.9519619,46.1280665654845,49.917355371900825,42.62642740619902,0.0,0.0,0,0,38,0.0,20333.4,0,0,2443
36047109800,"Kings County, NY",40.6526617,-73.9016506,57.701024906394906,52.264462809917354,63.703099510603586,0.0,0.0,0,0,38,0.0,20333.4,0,0,2444
36047095600,"Kings County, NY",40.6355741,-73.9109186,55.85178503918339,51.93388429752066,60.0652528548124,0.0,0.0,0,0,38,0.0,20333.4,0,0,2445
36047078802,"Kings County, NY",40.6375276,-73.9466941,59.64430630418042,66.97520661157024,53.11582381729201,0.0,0.0,0,0,38,0.0,20333.4,0,0,2446
36047066200,"Kings County, NY",40.6093052,-73.924372,48.066887007332895,47.27272727272727,48.874388254486135,0.0,0.0,0,0,38,0.0,20333.4,0,0,2447
36047056800,"Kings County, NY",40.6026717,-73.9378185,20.263455616095037,9.917355371900827,41.402936378466556,0.0,0.0,0,0,38,0.0,20333.4,0,0,2448
36047115800,"Kings County, NY",40.6688809,-73.8921624,55.536636676101004,64.39669421487604,47.89559543230016,0.0,0.0,0,0,38,0.0,20333.4,0,0,2449
36047061003,"Kings County, NY",40.5814312,-73.9586937,55.48091019009404,82.18181818181817,37.45513866231648,0.0,0.0,0,0,38,0.0,20333.4,0,0,2450
36047065000,"Kings County, NY",40.6199785,-73.9336466,28.668989133598313,16.694214876033058,49.233278955954326,0.0,0.0,0,0,38,0.0,20333.4,0,0,2451
36047078200,"Kings County, NY",40.6378537,-73.9414429,60.02264547777666,67.53719008264463,53.344208809135395,0.0,0.0,0,0,38,0.0,20333.4,0,0,2452
36047057300,"Kings County, NY",40.7280487,-73.94883,12.453442883634207,55.27272727272727,2.8058727569331157,0.0,0.0,0,0,38,0.0,20333.4,0,0,2453
36047097400,"Kings County, NY",40.6469841,-73.8997658,59.26432532668824,52.62809917355372,66.73735725938009,0.0,0.0,0,0,38,0.0,20333.4,0,0,2454
36047087000,"Kings County, NY",40.6541803,-73.9334039,67.7723012389963,75.76859504132231,60.61990212071778,0.0,0.0,0,0,38,0.0,20333.4,0,0,2455
36047055300,"Kings County, NY",40.7164576,-73.9592358,30.798889308729446,57.68595041322314,16.443719412724306,0.0,0.0,0,0,38,0.0,20333.4,0,0,2456
36047076200,"Kings County, NY",40.6257185,-73.9564859,66.32395068056151,90.97520661157024,48.352365415986945,0.0,0.0,0,0,38,0.0,20333.4,0,0,2457
36047091600,"Kings County, NY",40.6591038,-73.9091012,77.0928369920583,92.89256198347108,63.98042414355628,0.0,0.0,0,0,38,0.0,20333.4,0,0,2458
36047082600,"Kings County, NY",40.6450647,-73.9489732,58.41485290552493,57.719008264462815,59.11908646003262,0.0,0.0,0,0,38,0.0,20333.4,0,0,2459
36047058901,"Kings County, NY",40.7283712,-73.9435539,18.350838291839402,57.02479338842975,5.9053833605220225,0.0,0.0,0,0,38,0.0,20333.4,0,0,2460
36047066000,"Kings County, NY",40.6090466,-73.92808,20.898920080443485,9.322314049586778,46.8515497553018,0.0,0.0,0,0,38,0.0,20333.4,0,0,2461
36047065600,"Kings County, NY",40.6130109,-73.9349822,19.287624461379153,8.859504132231406,41.99021207177814,0.0,0.0,0,0,38,0.0,20333.4,0,0,2462
36047095000,"Kings County, NY",40.6362488,-73.9171451,37.01337081196479,22.181818181818183,61.76182707993475,0.0,0.0,0,0,38,0.0,20333.4,0,0,2463
36047056400,"Kings County, NY",40.6069158,-73.9433735,35.87511087103284,37.35537190082645,34.45350734094617,0.0,0.0,0,0,38,0.0,20333.4,0,0,2464
36047099400,"Kings County, NY",40.6357597,-73.9043993,23.265644777267028,8.727272727272728,62.02283849918434,0.0,0.0,0,0,38,0.0,20333.4,0,0,2465
36047074800,"Kings County, NY",40.6218931,-73.9468957,55.004931124951106,68.46280991735537,44.192495921696576,0.0,0.0,0,0,38,0.0,20333.4,0,0,2466
36047062200,"Kings County, NY",40.5849933,-73.9355825,65.4237902929422,88.46280991735537,48.38499184339315,0.0,0.0,0,0,38,0.0,20333.4,0,0,2467
36047077000,"Kings County, NY",40.6361361,-73.9538295,35.19660752150332,21.884297520661157,56.6068515497553,0.0,0.0,0,0,38,0.0,20333.4,0,0,2468
36047078602,"Kings County, NY",40.6346388,-73.9461359,50.6505479153532,46.776859504132226,54.84502446982056,0.0,0.0,0,0,38,0.0,20333.4,0,0,2469
36047055600,"Kings County, NY",40.6031608,-73.9594057,53.73047793600757,78.47933884297521,36.7862969004894,0.0,0.0,0,0,38,0.0,20333.4,0,0,2470
36047102000,"Kings County, NY",40.6383785,-73.8870181,5.54008755099303,0.4297520661157025,71.41924959216965,0.0,0.0,0,0,38,0.0,20333.4,0,0,2471
36047053300,"Kings County, NY",40.7037667,-73.95736,35.92553833321497,99.76859504132231,12.936378466557914,0.0,0.0,0,0,38,0.0,20333.4,0,0,2472
36047073600,"Kings County, NY",40.6240356,-73.9357989,32.9290826572917,22.380165289256198,48.450244698205545,0.0,0.0,0,0,38,0.0,20333.4,0,0,2473
36047112800,"Kings County, NY",40.6617411,-73.8921088,75.39926218081439,83.93388429752066,67.73246329526916,0.0,0.0,0,0,38,0.0,20333.4,0,0,2474
36047096400,"Kings County, NY",40.6419501,-73.9072687,50.73506834545309,41.090909090909086,62.64274061990211,0.0,0.0,0,0,38,0.0,20333.4,0,0,2475
36047055400,"Kings County, NY",40.6078701,-73.9600716,57.65171715815488,90.87603305785123,36.574225122349105,0.0,0.0,0,0,38,0.0,20333.4,0,0,2476
36047083600,"Kings County, NY",40.6371028,-73.9351273,24.77907181060408,10.578512396694215,58.04241435562806,0.0,0.0,0,0,38,0.0,20333.4,0,0,2477
36047090600,"Kings County, NY",40.6701302,-73.9088595,73.8691318869636,98.3801652892562,55.46492659053833,0.0,0.0,0,0,38,0.0,20333.4,0,0,2478
36047092200,"Kings County, NY",40.6552406,-73.9063497,49.575768937111306,38.51239669421488,63.817292006525285,0.0,0.0,0,0,38,0.0,20333.4,0,0,2479
36047064400,"Kings County, NY",40.6137965,-73.9424791,48.46794405987675,59.70247933884297,39.34747145187602,0.0,0.0,0,0,38,0.0,20333.4,0,0,2480
36047063600,"Kings County, NY",40.6099355,-73.9361435,14.421427320506785,5.3884297520661155,38.59706362153344,0.0,0.0,0,0,38,0.0,20333.4,0,0,2481
36047067800,"Kings County, NY",40.6261489,-73.922779,46.045688892671485,38.84297520661157,54.58401305057097,0.0,0.0,0,0,38,0.0,20333.4,0,0,2482
36047057400,"Kings County, NY",40.6011498,-73.9443385,24.094310002014815,16.429752066115704,35.33442088091354,0.0,0.0,0,0,38,0.0,20333.4,0,0,2483
36047078000,"Kings County, NY",40.6344979,-73.9391486,5.242813270562178,0.49586776859504134,55.43230016313214,0.0,0.0,0,0,38,0.0,20333.4,0,0,2484
36047093800,"Kings County, NY",40.6504469,-73.9245581,50.99067634833899,43.83471074380165,59.31484502446982,0.0,0.0,0,0,38,0.0,20333.4,0,0,2485
36047056900,"Kings County, NY",40.7237664,-73.9523673,21.379544501350345,32.13223140495868,14.225122349102772,0.0,0.0,0,0,38,0.0,20333.4,0,0,2486
36047079802,"Kings County, NY",40.6579906,-73.9613711,54.819618459055704,83.73553719008264,35.88907014681892,0.0,0.0,0,0,38,0.0,20333.4,0,0,2487
36047079801,"Kings County, NY",40.6600109,-73.9587186,33.15175310252912,30.97520661157025,35.48123980424144,0.0,0.0,0,0,38,0.0,20333.4,0,0,2488
36047059300,"Kings County, NY",40.7259963,-73.9383333,21.92121846685603,45.388429752066116,10.587275693311582,0.0,0.0,0,0,38,0.0,20333.4,0,0,2489
36047057000,"Kings County, NY",40.5992668,-73.9368826,40.11964902114315,37.81818181818182,42.56117455138662,0.0,0.0,0,0,38,0.0,20333.4,0,0,2490
36047067000,"Kings County, NY",40.6127246,-73.9227642,31.185389978706063,19.636363636363637,49.52691680261012,0.0,0.0,0,0,38,0.0,20333.4,0,0,2491
36047088002,"Kings County, NY",40.6611447,-73.9294816,31.19187406950501,19.735537190082646,49.29853181076672,0.0,0.0,0,0,38,0.0,20333.4,0,0,2492
36047069000,"Kings County, NY",40.6199654,-73.9206701,37.36175764471259,25.42148760330579,54.91027732463295,0.0,0.0,0,0,38,0.0,20333.4,0,0,2493
36047089800,"Kings County, NY",40.6627861,-73.9137077,54.470381873540354,53.619834710743795,55.33442088091354,0.0,0.0,0,0,38,0.0,20333.4,0,0,2494
36047079202,"Kings County, NY",40.6449143,-73.9534011,67.00883344447259,75.86776859504131,59.184339314845026,0.0,0.0,0,0,38,0.0,20333.4,0,0,2495
36047152200,"Kings County, NY",40.6439736,-73.9671841,12.931102292365686,2.87603305785124,58.14029363784665,0.0,0.0,0,0,38,0.0,20333.4,0,0,2496
36047105804,"Kings County, NY",40.6458585,-73.8831084,78.08664007085964,85.45454545454545,71.35399673735726,0.0,0.0,0,0,38,0.0,20333.4,0,0,2497
36047074400,"Kings County, NY",40.6223292,-73.9431173,35.96649513359251,28.793388429752063,44.92659053833605,0.0,0.0,0,0,38,0.0,20333.4,0,0,2498
36047053102,"Kings County, NY",40.7002355,-73.9533018,37.06137652342917,93.55371900826445,14.681892332789559,0.0,0.0,0,0,38,0.0,20333.4,0,0,2499
36047078400,"Kings County, NY",40.6342624,-73.9429558,30.846444002507006,17.421487603305785,54.61663947797716,0.0,0.0,0,0,38,0.0,20333.4,0,0,2500
36047074000,"Kings County, NY",40.6273942,-73.9412567,44.90986123200877,41.15702479338843,49.00489396411093,0.0,0.0,0,0,38,0.0,20333.4,0,0,2501
36047052800,"Kings County, NY",40.6308472,-73.9626086,19.080560460055516,7.107438016528926,51.22349102773246,0.0,0.0,0,0,38,0.0,20333.4,0,0,2502
36047093600,"Kings County, NY",40.6487962,-73.9215837,40.637671293416325,28.198347107438014,58.56443719412724,0.0,0.0,0,0,38,0.0,20333.4,0,0,2503
36047113000,"Kings County, NY",40.6621721,-73.8964707,72.25643973886805,77.71900826446281,67.17781402936379,0.0,0.0,0,0,38,0.0,20333.4,0,0,2504
36047068800,"Kings County, NY",40.6172158,-73.9191004,18.930257720250463,6.644628099173554,53.93148450244698,0.0,0.0,0,0,38,0.0,20333.4,0,0,2505
36047055000,"Kings County, NY",40.6087339,-73.9523174,56.123319805645565,91.20661157024793,34.53507340946167,0.0,0.0,0,0,38,0.0,20333.4,0,0,2506
36047065400,"Kings County, NY",40.6129487,-73.9318078,21.155401098663095,10.082644628099173,44.38825448613377,0.0,0.0,0,0,38,0.0,20333.4,0,0,2507
36061009800,"New York County, NY",40.755788,-73.9677745,21.19257307071727,80.03305785123966,5.611745513866231,0.0,0.0,0,0,38,0.0,20333.4,0,0,2508
36061005502,"New York County, NY",40.7262229,-73.993872,9.23562700174887,38.446280991735534,2.2185970636215333,0.0,0.0,0,0,38,0.0,20333.4,0,0,2509
36061008700,"New York County, NY",40.7422439,-73.9969962,17.612807647236615,74.2809917355372,4.176182707993474,0.0,0.0,0,0,38,0.0,20333.4,0,0,2510
36061008601,"New York County, NY",40.7467054,-73.9701026,20.9060666203244,71.63636363636363,6.101141924959217,0.0,0.0,0,0,38,0.0,20333.4,0,0,2511
36061002201,"New York County, NY",40.7191156,-73.9818443,33.65081796602076,99.30578512396694,11.402936378466558,0.0,0.0,0,0,38,0.0,20333.4,0,0,2512
36061026900,"New York County, NY",40.8505567,-73.9309745,38.081221689314724,96.0,15.106035889070146,0.0,0.0,0,0,38,0.0,20333.4,0,0,2513
36061011800,"New York County, NY",40.7652748,-73.9608554,15.96539474272346,68.23140495867769,3.735725938009788,0.0,0.0,0,0,38,0.0,20333.4,0,0,2514
36061005600,"New York County, NY",40.7417922,-73.9872974,3.654116534254058,81.85123966942149,0.1631321370309951,0.0,0.0,0,0,38,0.0,20333.4,0,0,2515
36061023802,"New York County, NY",40.7705618,-73.9420198,31.33746304559251,69.91735537190083,14.045676998368679,0.0,0.0,0,0,38,0.0,20333.4,0,0,2516
36061016500,"New York County, NY",40.7823577,-73.9749988,18.631224808119846,66.08264462809917,5.252854812398042,0.0,0.0,0,0,38,0.0,20333.4,0,0,2517
36061015602,"New York County, NY",40.785182,-73.9463253,21.392858681003823,73.05785123966942,6.2642740619902115,0.0,0.0,0,0,38,0.0,20333.4,0,0,2518
36061002000,"New York County, NY",40.7206299,-73.9750259,30.99407322692237,96.69421487603306,9.934747145187602,0.0,0.0,0,0,38,0.0,20333.4,0,0,2519
36061012602,"New York County, NY",40.7689663,-73.9597087,18.76588214145244,59.30578512396695,5.938009787928221,0.0,0.0,0,0,38,0.0,20333.4,0,0,2520
36061017300,"New York County, NY",40.7877705,-73.9712361,19.24975756331694,71.20661157024793,5.203915171288744,0.0,0.0,0,0,38,0.0,20333.4,0,0,2521
36061020101,"New York County, NY",40.8064355,-73.9602048,27.00995561637314,58.84297520661157,12.39804241435563,0.0,0.0,0,0,38,0.0,20333.4,0,0,2522
36061024200,"New York County, NY",40.8058563,-73.9335113,25.614589764870672,97.6198347107438,6.721044045676998,0.0,0.0,0,0,38,0.0,20333.4,0,0,2523
36061013000,"New York County, NY",40.7727364,-73.9647332,21.28884805007049,47.735537190082646,9.494290375203915,0.0,0.0,0,0,38,0.0,20333.4,0,0,2524
36061009000,"New York County, NY",40.7526586,-73.9700939,15.159193269325375,75.73553719008265,3.034257748776509,0.0,0.0,0,0,38,0.0,20333.4,0,0,2525
36061011401,"New York County, NY",40.7648402,-73.9704939,12.561836587430237,25.322314049586776,6.231647634584013,0.0,0.0,0,0,38,0.0,20333.4,0,0,2526
36061025100,"New York County, NY",40.840326,-73.9399227,18.746301861177855,87.57024793388429,4.01305057096248,0.0,0.0,0,0,38,0.0,20333.4,0,0,2527
36061014200,"New York County, NY",40.7772742,-73.9614257,19.880841694312732,35.735537190082646,11.060358890701469,0.0,0.0,0,0,38,0.0,20333.4,0,0,2528
36061012102,"New York County, NY",40.7603073,-73.99312,16.709673569035047,91.0413223140496,3.066884176182708,0.0,0.0,0,0,38,0.0,20333.4,0,0,2529
36061000600,"New York County, NY",40.7102579,-73.9880558,15.857582768357494,92.85950413223141,2.7079934747145185,0.0,0.0,0,0,38,0.0,20333.4,0,0,2530
36061007600,"New York County, NY",40.7475672,-73.987298,22.76126776835882,54.3801652892562,9.526916802610113,0.0,0.0,0,0,38,0.0,20333.4,0,0,2531
36061007200,"New York County, NY",40.7448656,-73.9808585,15.82943342257102,69.81818181818183,3.588907014681892,0.0,0.0,0,0,38,0.0,20333.4,0,0,2532
36061009100,"New York County, NY",40.7447178,-73.9951959,22.600870502514987,74.90909090909092,6.818923327895596,0.0,0.0,0,0,38,0.0,20333.4,0,0,2533
36061005900,"New York County, NY",40.7312894,-73.9945614,10.02094257234089,68.39669421487604,1.468189233278956,0.0,0.0,0,0,38,0.0,20333.4,0,0,2534
36061016001,"New York County, NY",40.7856349,-73.9553223,15.931377791948938,40.099173553719005,6.329526916802609,0.0,0.0,0,0,38,0.0,20333.4,0,0,2535
36061012601,"New York County, NY",40.7679933,-73.9574068,20.04066080975273,58.4793388429752,6.867862969004894,0.0,0.0,0,0,38,0.0,20333.4,0,0,2536
36061024302,"New York County, NY",40.8313739,-73.936263,31.317038161164678,99.86776859504131,9.820554649265906,0.0,0.0,0,0,38,0.0,20333.4,0,0,2537
36061000900,"New York County, NY",40.6952363,-74.0018345,5.592115571865621,25.223140495867767,1.2398042414355628,0.0,0.0,0,0,38,0.0,20333.4,0,0,2538
36061014900,"New York County, NY",40.7723543,-73.9824832,16.778661013678725,56.39669421487603,4.991843393148451,0.0,0.0,0,0,38,0.0,20333.4,0,0,2539
36061030300,"New York County, NY",40.8692197,-73.918653,19.124656795339778,73.75206611570248,4.959216965742251,0.0,0.0,0,0,38,0.0,20333.4,0,0,2540
36061005501,"New York County, NY",40.7276733,-73.997083,10.98004509386475,61.586776859504134,1.957585644371941,0.0,0.0,0,0,38,0.0,20333.4,0,0,2541
36061021200,"New York County, NY",40.813761,-73.9390011,35.29975679428808,89.65289256198346,13.898858075040781,0.0,0.0,0,0,38,0.0,20333.4,0,0,2542
36061000202,"New York County, NY",40.7056637,-73.9814548,14.025444366177757,95.70247933884298,2.0554649265905383,0.0,0.0,0,0,38,0.0,20333.4,0,0,2543
36061013203,"New York County, NY",40.7708902,-73.9522736,30.97161109876417,78.61157024793388,12.202283849918434,0.0,0.0,0,0,38,0.0,20333.4,0,0,2544
36061008603,"New York County, NY",40.7548017,-73.9634783,19.039676175592437,45.81818181818182,7.911908646003263,0.0,0.0,0,0,38,0.0,20333.4,0,0,2545
36061012700,"New York County, NY",40.762237,-73.9898561,18.737468230212208,82.77685950413223,4.241435562805873,0.0,0.0,0,0,38,0.0,20333.4,0,0,2546
36061016002,"New York County, NY",40.7878787,-73.9536852,26.347241344164082,82.14876033057851,8.450244698205546,0.0,0.0,0,0,38,0.0,20333.4,0,0,2547
36061003601,"New York County, NY",40.7223222,-73.9911397,20.659113484745603,90.84297520661157,4.698205546492659,0.0,0.0,0,0,38,0.0,20333.4,0,0,2548
36061021500,"New York County, NY",40.8135272,-73.9494713,38.40303703627884,93.58677685950413,15.758564437194128,0.0,0.0,0,0,38,0.0,20333.4,0,0,2549
36061001800,"New York County, NY",40.7190464,-73.9908407,28.83610417225134,98.97520661157024,8.401305057096248,0.0,0.0,0,0,38,0.0,20333.4,0,0,2550
36061002202,"New York County, NY",40.7212597,-73.981141,25.43303258205929,68.9586776859504,9.38009787928222,0.0,0.0,0,0,38,0.0,20333.4,0,0,2551
36061006800,"New York County, NY",40.7404366,-73.9840803,3.1514086765268345,76.09917355371901,0.13050570962479607,0.0,0.0,0,0,38,0.0,20333.4,0,0,2552
36061017700,"New York County, NY",40.7903082,-73.969389,25.066253062426814,73.78512396694215,8.515497553017944,0.0,0.0,0,0,38,0.0,20333.4,0,0,2553
36061015700,"New York County, NY",40.7774174,-73.9787895,17.302167437783936,67.96694214876034,4.404567699836868,0.0,0.0,0,0,38,0.0,20333.4,0,0,2554
36061008100,"New York County, NY",40.7398052,-73.9987715,4.918436021975789,67.40495867768595,0.35889070146818924,0.0,0.0,0,0,38,0.0,20333.4,0,0,2555
36061000201,"New York County, NY",40.7098961,-73.9855833,14.753151565173601,81.35537190082644,2.67536704730832,0.0,0.0,0,0,38,0.0,20333.4,0,0,2556
36061017401,"New York County, NY",40.7948875,-73.948576,22.633965365653324,96.3305785123967,5.318107667210441,0.0,0.0,0,0,38,0.0,20333.4,0,0,2557
36061013700,"New York County, NY",40.7652144,-73.9802379,16.980004355366596,53.884297520661164,5.35073409461664,0.0,0.0,0,0,38,0.0,20333.4,0,0,2558
36061011000,"New York County, NY",40.7621475,-73.9631393,16.25033691674263,61.785123966942145,4.274061990212072,0.0,0.0,0,0,38,0.0,20333.4,0,0,2559
36061020800,"New York County, NY",40.8096485,-73.942008,32.00887329283497,89.85123966942149,11.402936378466558,0.0,0.0,0,0,38,0.0,20333.4,0,0,2560
36061018100,"New York County, NY",40.792556,-73.9677459,19.4568225184066,63.404958677685954,5.970636215334421,0.0,0.0,0,0,38,0.0,20333.4,0,0,2561
36061007800,"New York County, NY",40.7463235,-73.9746729,18.475165802935138,76.36363636363637,4.469820554649266,0.0,0.0,0,0,38,0.0,20333.4,0,0,2562
36061001402,"New York County, NY",40.7175134,-73.9858814,30.19572677138573,92.23140495867769,9.885807504078304,0.0,0.0,0,0,38,0.0,20333.4,0,0,2563
36061020000,"New York County, NY",40.8057858,-73.9452337,28.779907365430066,86.64462809917354,9.559543230016313,0.0,0.0,0,0,38,0.0,20333.4,0,0,2564
36061000800,"New York County, NY",40.7101181,-73.9932525,15.264271721335918,88.16528925619835,2.6427406199021206,0.0,0.0,0,0,38,0.0,20333.4,0,0,2565
36061014802,"New York County, NY",40.7810927,-73.9544321,16.86278760346308,71.43801652892562,3.9804241435562804,0.0,0.0,0,0,38,0.0,20333.4,0,0,2566
36061006200,"New York County, NY",40.7329298,-73.9631748,6.644366100616827,75.17355371900827,0.5872756933115824,0.0,0.0,0,0,38,0.0,20333.4,0,0,2567
36061029500,"New York County, NY",40.8675232,-73.9249404,17.31537776973374,77.22314049586777,3.882544861337683,0.0,0.0,0,0,38,0.0,20333.4,0,0,2568
36061030900,"New York County, NY",40.8758478,-73.910373,36.48681495174608,97.85123966942149,13.605220228384992,0.0,0.0,0,0,38,0.0,20333.4,0,0,2569
36061002400,"New York County, NY",40.7232443,-73.9730207,26.688184236998165,98.11570247933884,7.259380097879283,0.0,0.0,0,0,38,0.0,20333.4,0,0,2570
36061006000,"New York County, NY",40.7338155,-73.9755951,3.8348611348290396,50.082644628099175,0.2936378466557912,0.0,0.0,0,0,38,0.0,20333.4,0,0,2571
36061011202,"New York County, NY",40.762604,-73.9721311,6.637788604102146,5.0578512396694215,8.71125611745514,0.0,0.0,0,0,38,0.0,20333.4,0,0,2572
36061010900,"New York County, NY",40.7522505,-73.9897028,18.53199780471906,36.29752066115702,9.461663947797716,0.0,0.0,0,0,38,0.0,20333.4,0,0,2573
36061015601,"New York County, NY",40.7835685,-73.9475024,20.298541644071726,89.88429752066116,4.584013050570963,0.0,0.0,0,0,38,0.0,20333.4,0,0,2574
36061011500,"New York County, NY",40.7571679,-73.9935486,18.410075442884015,80.52892561983471,4.208809135399673,0.0,0.0,0,0,38,0.0,20333.4,0,0,2575
36061012200,"New York County, NY",40.7682812,-73.9679849,11.321008582640468,23.107438016528924,5.5464926590538335,0.0,0.0,0,0,38,0.0,20333.4,0,0,2576
36061020102,"New York County, NY",40.8050511,-73.9566329,32.905147152064195,83.17355371900827,13.017944535073408,0.0,0.0,0,0,38,0.0,20333.4,0,0,2577
36061017402,"New York County, NY",40.7968026,-73.9471624,22.520674502958805,78.9090909090909,6.427406199021207,0.0,0.0,0,0,38,0.0,20333.4,0,0,2578
36061001001,"New York County, NY",40.714369,-73.9775854,11.451633187453988,14.942148760330578,8.776508972267537,0.0,0.0,0,0,38,0.0,20333.4,0,0,2579
36061005000,"New York County, NY",40.7361115,-73.9872138,9.83703650942839,60.52892561983471,1.598694942903752,0.0,0.0,0,0,38,0.0,20333.4,0,0,2580
36061029100,"New York County, NY",40.864311,-73.9239339,18.70976059063064,91.70247933884298,3.8172920065252858,0.0,0.0,0,0,38,0.0,20333.4,0,0,2581
36061010601,"New York County, NY",40.7570025,-73.960385,22.0595062629239,46.247933884297524,10.522022838499185,0.0,0.0,0,0,38,0.0,20333.4,0,0,2582
36061025900,"New York County, NY",40.8232145,-73.9423561,37.66148992090329,92.69421487603306,15.301794453507341,0.0,0.0,0,0,38,0.0,20333.4,0,0,2583
36061023400,"New York County, NY",40.8237307,-73.9386704,38.5574343615231,98.84297520661157,15.040783034257748,0.0,0.0,0,0,38,0.0,20333.4,0,0,2584
36061003400,"New York County, NY",40.7290092,-73.9814618,14.649192579963119,86.54545454545455,2.4796084828711256,0.0,0.0,0,0,38,0.0,20333.4,0,0,2585
36061015801,"New York County, NY",40.7842784,-73.9521037,15.199587587280101,56.19834710743802,4.1109298531810765,0.0,0.0,0,0,38,0.0,20333.4,0,0,2586
36061012000,"New York County, NY",40.7669264,-73.9647673,13.949376029419907,56.26446280991736,3.4584013050570963,0.0,0.0,0,0,38,0.0,20333.4,0,0,2587
36061013602,"New York County, NY",40.7718694,-73.9485449,23.801587729497935,47.70247933884298,11.876019575856443,0.0,0.0,0,0,38,0.0,20333.4,0,0,2588
36061008000,"New York County, NY",40.7492588,-73.977652,19.59618213254825,63.96694214876033,6.00326264274062,0.0,0.0,0,0,38,0.0,20333.4,0,0,2589
36061017000,"New York County, NY",40.7909025,-73.9421468,18.960999491204895,99.27272727272727,3.6215334420880914,0.0,0.0,0,0,38,0.0,20333.4,0,0,2590
36061009400,"New York County, NY",40.7552279,-73.9777463,17.446930960583746,37.6198347107438,8.091353996737357,0.0,0.0,0,0,38,0.0,20333.4,0,0,2591
36061015401,"New York County, NY",40.7804088,-73.949814,16.18517878812079,80.69421487603306,3.2463295269168024,0.0,0.0,0,0,38,0.0,20333.4,0,0,2592
36061013400,"New York County, NY",40.7717015,-73.9561657,28.149091425206954,73.81818181818181,10.734094616639478,0.0,0.0,0,0,38,0.0,20333.4,0,0,2593
36061007400,"New York County, NY",40.7462136,-73.9840829,20.58198964539962,73.35537190082646,5.774877650897227,0.0,0.0,0,0,38,0.0,20333.4,0,0,2594
36061010100,"New York County, NY",40.7497314,-73.9915412,25.550295538259547,54.743801652892564,11.924959216965743,0.0,0.0,0,0,38,0.0,20333.4,0,0,2595
36061011900,"New York County, NY",40.7573151,-73.9860247,23.042541193408766,87.96694214876032,6.035889070146819,0.0,0.0,0,0,38,0.0,20333.4,0,0,2596
36061003200,"New York County, NY",40.7255579,-73.9837166,20.3860388202818,89.38842975206612,4.64926590538336,0.0,0.0,0,0,38,0.0,20333.4,0,0,2597
36061014700,"New York County, NY",40.7713286,-73.9888036,16.757820824967673,32.72727272727273,8.580750407830342,0.0,0.0,0,0,38,0.0,20333.4,0,0,2598
36061010400,"New York County, NY",40.7607791,-73.9776729,8.787000864709512,8.231404958677686,9.38009787928222,0.0,0.0,0,0,38,0.0,20333.4,0,0,2599
36061023501,"New York County, NY",40.8289967,-73.9418352,32.21483236353972,92.19834710743801,11.256117455138662,0.0,0.0,0,0,38,0.0,20333.4,0,0,2600
36061011203,"New York County, NY",40.7612444,-73.9689142,11.412952457685225,19.570247933884296,6.6557911908646,0.0,0.0,0,0,38,0.0,20333.4,0,0,2601
36061014402,"New York County, NY",40.7762431,-73.9453169,24.35273483862751,67.07438016528926,8.841761827079935,0.0,0.0,0,0,38,0.0,20333.4,0,0,2602
36061014500,"New York County, NY",40.7698209,-73.9842729,20.089079391090852,70.28099173553719,5.742251223491028,0.0,0.0,0,0,38,0.0,20333.4,0,0,2603
36061010803,"New York County, NY",40.7600939,-73.9661805,17.566635491338133,47.768595041322314,6.460032626427406,0.0,0.0,0,0,38,0.0,20333.4,0,0,2604
36061016600,"New York County, NY",40.7893731,-73.9483928,21.916137810243864,99.47107438016529,4.828711256117455,0.0,0.0,0,0,38,0.0,20333.4,0,0,2605
36061006600,"New York County, NY",40.7400705,-73.9792317,2.80866245658076,80.59504132231406,0.09787928221859706,0.0,0.0,0,0,38,0.0,20333.4,0,0,2606
36061015501,"New York County, NY",40.7766512,-73.9849195,13.126058895751576,50.77685950413223,3.3931484502446985,0.0,0.0,0,0,38,0.0,20333.4,0,0,2607
36061008400,"New York County, NY",40.7519695,-73.9840942,18.42891561934062,30.842975206611573,11.01141924959217,0.0,0.0,0,0,38,0.0,20333.4,0,0,2608
36061021000,"New York County, NY",40.813496,-73.9351482,36.72561200163392,98.54545454545455,13.686786296900488,0.0,0.0,0,0,38,0.0,20333.4,0,0,2609
36061006100,"New York County, NY",40.7337079,-73.9923266,8.15314566661968,56.59504132231405,1.1745513866231647,0.0,0.0,0,0,38,0.0,20333.4,0,0,2610
36061020701,"New York County, NY",40.8089775,-73.95846,32.142349852049826,71.96694214876032,14.355628058727568,0.0,0.0,0,0,38,0.0,20333.4,0,0,2611
36061025300,"New York County, NY",40.8428948,-73.9383791,24.535120668110675,91.33884297520662,6.5905383360522025,0.0,0.0,0,0,38,0.0,20333.4,0,0,2612
36061022400,"New York County, NY",40.8111222,-73.9469598,37.06174029644289,100.0,13.735725938009788,0.0,0.0,0,0,38,0.0,20333.4,0,0,2613
36061021800,"New York County, NY",40.8032221,-73.9525241,35.70478318762102,95.76859504132231,13.3115823817292,0.0,0.0,0,0,38,0.0,20333.4,0,0,2614
36061016200,"New York County, NY",40.788038,-73.9405522,24.068982603842098,98.64462809917356,5.872756933115824,0.0,0.0,0,0,38,0.0,20333.4,0,0,2615
36061001200,"New York County, NY",40.7159065,-73.9820936,24.52261090902924,66.18181818181819,9.086460032626427,0.0,0.0,0,0,38,0.0,20333.4,0,0,2616
36061005200,"New York County, NY",40.7374356,-73.9904555,7.349513079795,54.280991735537185,0.9951060358890701,0.0,0.0,0,0,38,0.0,20333.4,0,0,2617
36061016900,"New York County, NY",40.7851959,-73.9731196,15.928940393503241,62.214876033057855,4.078303425774878,0.0,0.0,0,0,38,0.0,20333.4,0,0,2618
36061015101,"New York County, NY",40.7738397,-73.9869713,22.05888286597023,95.60330578512396,5.089722675367047,0.0,0.0,0,0,38,0.0,20333.4,0,0,2619
36061021600,"New York County, NY",40.8006768,-73.954388,33.73839693619335,91.5702479338843,12.430668841761827,0.0,0.0,0,0,38,0.0,20333.4,0,0,2620
36061007001,"New York County, NY",40.7427062,-73.9758221,1.93179092023929,57.190082644628106,0.06525285481239804,0.0,0.0,0,0,38,0.0,20333.4,0,0,2621
36061019600,"New York County, NY",40.8028054,-73.9385762,18.441830575107495,97.42148760330579,3.4910277324632957,0.0,0.0,0,0,38,0.0,20333.4,0,0,2622
36061023000,"New York County, NY",40.8184725,-73.9413895,41.785045773432394,99.93388429752066,17.471451876019575,0.0,0.0,0,0,38,0.0,20333.4,0,0,2623
36061007002,"New York County, NY",40.7436753,-73.9781284,1.540749701824043,72.7603305785124,0.03262642740619902,0.0,0.0,0,0,38,0.0,20333.4,0,0,2624
36061014601,"New York County, NY",40.7771916,-73.9521608,21.357916507047438,82.97520661157026,5.497553017944535,0.0,0.0,0,0,38,0.0,20333.4,0,0,2625
36061023600,"New York County, NY",40.8249736,-73.9354598,37.12238227571732,94.28099173553719,14.616639477977161,0.0,0.0,0,0,38,0.0,20333.4,0,0,2626
36061003800,"New York County, NY",40.727367,-73.9884655,15.031010238521237,92.3305785123967,2.4469820554649266,0.0,0.0,0,0,38,0.0,20333.4,0,0,2627
36061019400,"New York County, NY",40.8004651,-73.9351859,18.240599035401527,99.00826446280992,3.360522022838499,0.0,0.0,0,0,38,0.0,20333.4,0,0,2628
36061018500,"New York County, NY",40.7944999,-73.9663637,15.837165008457255,55.30578512396694,4.535073409461663,0.0,0.0,0,0,38,0.0,20333.4,0,0,2629
36061018000,"New York County, NY",40.7944017,-73.939595,23.752211565059035,98.80991735537191,5.709624796084829,0.0,0.0,0,0,38,0.0,20333.4,0,0,2630
36061024301,"New York County, NY",40.8359721,-73.9387601,20.20941153694878,90.7107438016529,4.502446982055465,0.0,0.0,0,0,38,0.0,20333.4,0,0,2631
36061028300,"New York County, NY",40.8589101,-73.9287249,31.855984831201575,93.68595041322314,10.831973898858074,0.0,0.0,0,0,38,0.0,20333.4,0,0,2632
36061015301,"New York County, NY",40.7742589,-73.9792408,16.277890923632675,56.99173553719008,4.64926590538336,0.0,0.0,0,0,38,0.0,20333.4,0,0,2633
36061017800,"New York County, NY",40.7935107,-73.9326073,31.8882514837646,98.94214876033058,10.277324632952691,0.0,0.0,0,0,38,0.0,20333.4,0,0,2634
36061013800,"New York County, NY",40.7749214,-73.9538152,25.241454623444778,71.14049586776859,8.955954323001631,0.0,0.0,0,0,38,0.0,20333.4,0,0,2635
36061016400,"New York County, NY",40.7877141,-73.9444745,22.450787457044505,99.6694214876033,5.057096247960848,0.0,0.0,0,0,38,0.0,20333.4,0,0,2636
36061013601,"New York County, NY",40.7720164,-73.9462409,13.205767644653323,14.446280991735538,12.071778140293638,0.0,0.0,0,0,38,0.0,20333.4,0,0,2637
36061014401,"New York County, NY",40.7752485,-73.9475522,21.679822309565353,53.35537190082644,8.809135399673735,0.0,0.0,0,0,38,0.0,20333.4,0,0,2638
36061018200,"New York County, NY",40.7983211,-73.9418511,23.59672236801441,99.80165289256199,5.579119086460032,0.0,0.0,0,0,38,0.0,20333.4,0,0,2639
36061013300,"New York County, NY",40.7647381,-73.9880352,16.588986640989603,80.33057851239668,3.4257748776508974,0.0,0.0,0,0,38,0.0,20333.4,0,0,2640
36061012400,"New York County, NY",40.7660559,-73.9529175,27.62527584191398,74.61157024793388,10.228384991843393,0.0,0.0,0,0,38,0.0,20333.4,0,0,2641
36061010801,"New York County, NY",40.7579788,-73.9661732,23.211249066731327,58.97520661157025,9.135399673735726,0.0,0.0,0,0,38,0.0,20333.4,0,0,2642
36061005400,"New York County, NY",40.7388112,-73.993678,5.802440517922612,64.49586776859503,0.5220228384991843,0.0,0.0,0,0,38,0.0,20333.4,0,0,2643
36061004002,"New York County, NY",40.7312436,-73.9872095,12.815397962042068,81.1900826446281,2.0228384991843393,0.0,0.0,0,0,38,0.0,20333.4,0,0,2644
36061001401,"New York County, NY",40.7151603,-73.9873313,18.984278811809077,51.1404958677686,7.047308319738989,0.0,0.0,0,0,38,0.0,20333.4,0,0,2645
36061015402,"New York County, NY",40.781504,-73.9475449,15.588717159499442,60.06611570247934,4.045676998368679,0.0,0.0,0,0,38,0.0,20333.4,0,0,2646
36061009200,"New York County, NY",40.7536476,-73.9747422,11.832079805373551,29.190082644628102,4.7960848287112565,0.0,0.0,0,0,38,0.0,20333.4,0,0,2647
36061019702,"New York County, NY",40.802189,-73.9579879,23.80666242445022,50.64462809917355,11.190864600326265,0.0,0.0,0,0,38,0.0,20333.4,0,0,2648
36061003002,"New York County, NY",40.7229641,-73.9858661,22.514327921982144,89.28925619834712,5.67699836867863,0.0,0.0,0,0,38,0.0,20333.4,0,0,2649
36061005800,"New York County, NY",40.7431498,-73.9905172,24.76679414437566,65.85123966942149,9.31484502446982,0.0,0.0,0,0,38,0.0,20333.4,0,0,2650
36061002500,"New York County, NY",40.7089899,-73.9962356,15.421700929471436,93.45454545454545,2.5448613376835234,0.0,0.0,0,0,38,0.0,20333.4,0,0,2651
36061016800,"New York County, NY",40.7910751,-73.9513565,24.494776339503282,97.81818181818181,6.133768352365416,0.0,0.0,0,0,38,0.0,20333.4,0,0,2652
36061023502,"New York County, NY",40.8278881,-73.9389277,33.66365214899878,92.13223140495867,12.30016313213703,0.0,0.0,0,0,38,0.0,20333.4,0,0,2653
36061024900,"New York County, NY",40.8391286,-73.9364494,17.22413295945802,54.77685950413223,5.415986949429037,0.0,0.0,0,0,38,0.0,20333.4,0,0,2654
36061022102,"New York County, NY",40.8186544,-73.9461862,33.00725557966213,59.20661157024794,18.40130505709625,0.0,0.0,0,0,38,0.0,20333.4,0,0,2655
36061021400,"New York County, NY",40.8177873,-73.9362053,38.500187478062074,89.25619834710744,16.6068515497553,0.0,0.0,0,0,38,0.0,20333.4,0,0,2656
36061025700,"New York County, NY",40.8084355,-73.9540741,34.36506991918102,78.34710743801652,15.073409461663948,0.0,0.0,0,0,38,0.0,20333.4,0,0,2657
36061018400,"New York County, NY",40.7996841,-73.9450687,27.41065522860058,98.41322314049586,7.6345840130505715,0.0,0.0,0,0,38,0.0,20333.4,0,0,2658
36061004800,"New York County, NY",40.7338561,-73.9837298,11.264419302456878,70.7107438016529,1.794453507340946,0.0,0.0,0,0,38,0.0,20333.4,0,0,2659
36061029300,"New York County, NY",40.8659258,-73.92012,17.854626824102155,99.70247933884298,3.197389885807504,0.0,0.0,0,0,38,0.0,20333.4,0,0,2660
36061011300,"New York County, NY",40.7547752,-73.9878702,18.756913977431807,48.79338842975206,7.210440456769984,0.0,0.0,0,0,38,0.0,20333.4,0,0,2661
36061009500,"New York County, NY",40.7472363,-73.9933578,25.83600114463156,63.93388429752066,10.440456769983687,0.0,0.0,0,0,38,0.0,20333.4,0,0,2662
36061010802,"New York County, NY",40.7591222,-73.9638752,21.24266918956081,60.396694214876035,7.471451876019576,0.0,0.0,0,0,38,0.0,20333.4,0,0,2663
36061015001,"New York County, NY",40.7801987,-73.9592834,14.650885877164411,26.743801652892564,8.02610114192496,0.0,0.0,0,0,38,0.0,20333.4,0,0,2664
36061026100,"New York County, NY",40.8457845,-73.9344552,34.035702989160896,99.73553719008265,11.615008156606851,0.0,0.0,0,0,38,0.0,20333.4,0,0,2665
36061006300,"New York County, NY",40.7344214,-73.9968603,7.254314523559026,67.20661157024793,0.7830342577487764,0.0,0.0,0,0,38,0.0,20333.4,0,0,2666
36061014602,"New York County, NY",40.7788147,-73.950975,17.614001732778387,74.87603305785125,4.143556280587276,0.0,0.0,0,0,38,0.0,20333.4,0,0,2667
36061018800,"New York County, NY",40.7975948,-73.9372599,21.821740774541542,99.96694214876032,4.763458401305057,0.0,0.0,0,0,38,0.0,20333.4,0,0,2668
36061004300,"New York County, NY",40.7233237,-73.9954663,15.760328609589594,86.51239669421487,2.871125611745514,0.0,0.0,0,0,38,0.0,20333.4,0,0,2669
36061019701,"New York County, NY",40.805311,-73.9593993,25.792046560545536,54.809917355371894,12.137030995106036,0.0,0.0,0,0,38,0.0,20333.4,0,0,2670
36061023803,"New York County, NY",40.7619138,-73.9483646,28.675760136263193,61.32231404958678,13.409461663947797,0.0,0.0,0,0,38,0.0,20333.4,0,0,2671
36061015200,"New York County, NY",40.7792328,-73.9390563,30.597622873373563,81.75206611570248,11.451876019575856,0.0,0.0,0,0,38,0.0,20333.4,0,0,2672
36061022000,"New York County, NY",40.8057836,-73.950657,34.28952081193761,92.7603305785124,12.67536704730832,0.0,0.0,0,0,38,0.0,20333.4,0,0,2673
36061004200,"New York County, NY",40.7317996,-73.989367,11.519433262918177,72.62809917355372,1.8270799347471451,0.0,0.0,0,0,38,0.0,20333.4,0,0,2674
36061006400,"New York County, NY",40.7369488,-73.9814569,4.052691123219008,83.900826446281,0.1957585644371941,0.0,0.0,0,0,38,0.0,20333.4,0,0,2675
36061011201,"New York County, NY",40.7639781,-73.9753455,17.53621705208114,31.735537190082646,9.690048939641109,0.0,0.0,0,0,38,0.0,20333.4,0,0,2676
36061014801,"New York County, NY",40.7788416,-73.9560743,14.136433614679497,35.40495867768595,5.644371941272431,0.0,0.0,0,0,38,0.0,20333.4,0,0,2677
36061004400,"New York County, NY",40.7278421,-73.9715756,15.045533736691398,77.0909090909091,2.936378466557912,0.0,0.0,0,0,38,0.0,20333.4,0,0,2678
36061002602,"New York County, NY",40.7243901,-73.978616,21.665439943259006,86.14876033057851,5.448613376835237,0.0,0.0,0,0,38,0.0,20333.4,0,0,2679
36061022600,"New York County, NY",40.8134304,-73.9448115,35.81449515833314,89.55371900826447,14.32300163132137,0.0,0.0,0,0,38,0.0,20333.4,0,0,2680
36061002800,"New York County, NY",40.7268631,-73.9768122,17.14781908283348,90.57851239669421,3.2463295269168024,0.0,0.0,0,0,38,0.0,20333.4,0,0,2681
36061016100,"New York County, NY",40.779949,-73.9771935,20.07670029694812,60.264462809917354,6.688417618270799,0.0,0.0,0,0,38,0.0,20333.4,0,0,2682
36061017200,"New York County, NY",40.793827,-73.9451333,18.75587891333713,99.83471074380165,3.5236541598694946,0.0,0.0,0,0,38,0.0,20333.4,0,0,2683
36061023804,"New York County, NY",40.7538306,-73.9573893,22.19412625954023,40.69421487603306,12.104404567699836,0.0,0.0,0,0,38,0.0,20333.4,0,0,2684
36061022700,"New York County, NY",40.8229662,-73.9464621,38.90799040995252,95.47107438016529,15.856443719412724,0.0,0.0,0,0,38,0.0,20333.4,0,0,2685
36061019200,"New York County, NY",40.7987751,-73.9294062,27.895891088513995,99.17355371900827,7.846655791190865,0.0,0.0,0,0,38,0.0,20333.4,0,0,2686
36061013900,"New York County, NY",40.7672922,-73.9861712,16.85152671973831,77.02479338842976,3.686786296900489,0.0,0.0,0,0,38,0.0,20333.4,0,0,2687
36061015302,"New York County, NY",40.775453,-73.982082,13.89592312099782,64.3305785123967,3.00163132137031,0.0,0.0,0,0,38,0.0,20333.4,0,0,2688
36061015002,"New York County, NY",40.7824499,-73.9576478,15.28429044694976,37.88429752066116,6.166394779771615,0.0,0.0,0,0,38,0.0,20333.4,0,0,2689
36061012500,"New York County, NY",40.7598407,-73.9841752,19.427614863157117,57.55371900826446,6.557911908646004,0.0,0.0,0,0,38,0.0,20333.4,0,0,2690
36061004001,"New York County, NY",40.7302738,-73.9849042,13.442700133805404,76.92561983471074,2.3491027732463294,0.0,0.0,0,0,38,0.0,20333.4,0,0,2691
36061019800,"New York County, NY",40.8043025,-73.9423627,17.17456123175484,46.84297520661157,6.2969004893964104,0.0,0.0,0,0,38,0.0,20333.4,0,0,2692
36061003001,"New York County, NY",40.7210056,-73.9868387,25.319784799612343,86.18181818181819,7.438825448613377,0.0,0.0,0,0,38,0.0,20333.4,0,0,2693
36061014000,"New York County, NY",40.7759141,-73.95821,24.548392945105224,62.61157024793389,9.624796084828711,0.0,0.0,0,0,38,0.0,20333.4,0,0,2694
36061002601,"New York County, NY",40.722585,-73.9799302,27.38266437608329,97.58677685950413,7.6835236541598695,0.0,0.0,0,0,38,0.0,20333.4,0,0,2695
36061019000,"New York County, NY",40.8019615,-73.9476195,26.234116534460544,70.31404958677686,9.787928221859707,0.0,0.0,0,0,38,0.0,20333.4,0,0,2696
36061001600,"New York County, NY",40.7159568,-73.993266,26.790818718159482,87.47107438016529,8.205546492659053,0.0,0.0,0,0,38,0.0,20333.4,0,0,2697
36061010000,"New York County, NY",40.7580653,-73.9712318,18.18261899467328,41.02479338842976,8.05872756933116,0.0,0.0,0,0,38,0.0,20333.4,0,0,2698
36061004100,"New York County, NY",40.7191639,-73.9966957,24.56087859402859,87.83471074380166,6.867862969004894,0.0,0.0,0,0,38,0.0,20333.4,0,0,2699
36061027700,"New York County, NY",40.8554404,-73.9273892,34.50331890231866,92.72727272727272,12.838499184339314,0.0,0.0,0,0,38,0.0,20333.4,0,0,2700
36061021303,"New York County, NY",40.8145587,-73.9531391,41.42647436078803,96.9586776859504,17.69983686786297,0.0,0.0,0,0,38,0.0,20333.4,0,0,2701
36061013604,"New York County, NY",40.7739561,-73.9484961,23.69067102127572,58.115702479338836,9.65742251223491,0.0,0.0,0,0,38,0.0,20333.4,0,0,2702
36061013201,"New York County, NY",40.7686024,-73.9508486,24.565302503057488,49.586776859504134,12.169657422512236,0.0,0.0,0,0,38,0.0,20333.4,0,0,2703
36061020600,"New York County, NY",40.8082917,-73.9387853,29.51434381172576,94.67768595041322,9.200652528548124,0.0,0.0,0,0,38,0.0,20333.4,0,0,2704
36061005700,"New York County, NY",40.7294159,-73.992391,8.649712203330052,39.53719008264463,1.8923327895595432,0.0,0.0,0,0,38,0.0,20333.4,0,0,2705
36061026700,"New York County, NY",40.8503283,-73.9286454,35.784985192421786,80.26446280991736,15.954323001631321,0.0,0.0,0,0,38,0.0,20333.4,0,0,2706
36061024500,"New York County, NY",40.8366264,-73.942098,18.101796319631884,99.43801652892562,3.2952691680261013,0.0,0.0,0,0,38,0.0,20333.4,0,0,2707
36061019300,"New York County, NY",40.8005051,-73.9619565,25.993178252782172,97.22314049586777,6.949429037520391,0.0,0.0,0,0,38,0.0,20333.4,0,0,2708
36061029900,"New York County, NY",40.8665217,-73.9152652,23.816151919596297,88.92561983471074,6.378466557911909,0.0,0.0,0,0,38,0.0,20333.4,0,0,2709
36061018600,"New York County, NY",40.799106,-73.9497088,31.260936770080633,97.88429752066115,9.983686786296902,0.0,0.0,0,0,38,0.0,20333.4,0,0,2710
36061000700,"New York County, NY",40.6995508,-73.998769,26.3601740530011,66.34710743801652,10.473083197389887,0.0,0.0,0,0,38,0.0,20333.4,0,0,2711
36061022800,"New York County, NY",40.8159297,-73.9432453,37.9425139955319,91.73553719008265,15.69331158238173,0.0,0.0,0,0,38,0.0,20333.4,0,0,2712
36061011402,"New York County, NY",40.7634831,-73.9672789,11.442964987126421,29.950413223140497,4.371941272430669,0.0,0.0,0,0,38,0.0,20333.4,0,0,2713
36061020901,"New York County, NY",40.8115578,-73.9550032,40.75825340177379,97.35537190082646,17.063621533442088,0.0,0.0,0,0,38,0.0,20333.4,0,0,2714
36061023200,"New York County, NY",40.8210133,-73.9395314,41.39034083454881,99.63636363636364,17.194127243066884,0.0,0.0,0,0,38,0.0,20333.4,0,0,2715
36061013100,"New York County, NY",40.7623458,-73.9823535,18.866966163072135,73.22314049586777,4.861337683523654,0.0,0.0,0,0,38,0.0,20333.4,0,0,2716
36061008800,"New York County, NY",40.7494997,-73.9723847,16.494116205072473,69.48760330578513,3.915171288743882,0.0,0.0,0,0,38,0.0,20333.4,0,0,2717
36061030700,"New York County, NY",40.8712704,-73.9166749,17.388103310435877,36.62809917355372,8.254486133768351,0.0,0.0,0,0,38,0.0,20333.4,0,0,2718
36061012800,"New York County, NY",40.7713809,-73.9615172,21.57494551013713,56.72727272727273,8.205546492659053,0.0,0.0,0,0,38,0.0,20333.4,0,0,2719
36061011600,"New York County, NY",40.7625331,-73.9557917,26.892700556807338,85.25619834710744,8.482871125611746,0.0,0.0,0,0,38,0.0,20333.4,0,0,2720
36061001002,"New York County, NY",40.7167358,-73.975094,33.565790062925174,94.4793388429752,11.924959216965743,0.0,0.0,0,0,38,0.0,20333.4,0,0,2721
36061013202,"New York County, NY",40.7698148,-73.9496966,30.36642733121095,69.78512396694215,13.213703099510605,0.0,0.0,0,0,38,0.0,20333.4,0,0,2722
36061010602,"New York County, NY",40.7600894,-73.9582412,21.86834906720828,57.256198347107436,8.352365415986949,0.0,0.0,0,0,38,0.0,20333.4,0,0,2723
36061003602,"New York County, NY",40.7245631,-73.990206,14.971334605893627,77.1900826446281,2.903752039151713,0.0,0.0,0,0,38,0.0,20333.4,0,0,2724
36061022200,"New York County, NY",40.8083402,-73.9487876,30.296678359433304,71.76859504132231,12.789559543230016,0.0,0.0,0,0,38,0.0,20333.4,0,0,2725
36061008200,"New York County, NY",40.7506132,-73.9808741,21.897527382614268,55.66942148760331,8.613376835236542,0.0,0.0,0,0,38,0.0,20333.4,0,0,2726
36061023100,"New York County, NY",40.8258302,-73.9440935,35.3131370446069,91.43801652892563,13.637846655791192,0.0,0.0,0,0,38,0.0,20333.4,0,0,2727
36061015403,"New York County, NY",40.7824762,-73.9498497,14.874449288554946,71.00826446280992,3.1158238172920063,0.0,0.0,0,0,38,0.0,20333.4,0,0,2728
36061018900,"New York County, NY",40.7973281,-73.9642508,20.45544019003104,97.15702479338843,4.306688417618271,0.0,0.0,0,0,38,0.0,20333.4,0,0,2729
36061012101,"New York County, NY",40.7591106,-73.9902796,17.44835274987942,96.19834710743802,3.1647634584013047,0.0,0.0,0,0,38,0.0,20333.4,0,0,2730
36061023900,"New York County, NY",40.8323375,-73.9410642,25.658449009138916,88.89256198347107,7.406199021207178,0.0,0.0,0,0,38,0.0,20333.4,0,0,2731
36081011100,"Queens County, NY",40.7787953,-73.9073131,38.571837665767866,54.611570247933884,27.24306688417618,0.0,0.0,0,0,38,0.0,20333.4,0,0,2732
36081012301,"Queens County, NY",40.7757875,-73.8990845,36.60032712477577,41.22314049586777,32.49592169657423,0.0,0.0,0,0,38,0.0,20333.4,0,0,2733
36081003302,"Queens County, NY",40.7559512,-73.9375672,34.98807121680561,60.03305785123967,20.39151712887439,0.0,0.0,0,0,38,0.0,20333.4,0,0,2734
36081000701,"Queens County, NY",40.742853,-73.9528369,3.308030461766745,17.65289256198347,0.6199021207177814,0.0,0.0,0,0,38,0.0,20333.4,0,0,2735
36081016900,"Queens County, NY",40.7482726,-73.9143592,45.305215182701275,58.41322314049586,35.13866231647634,0.0,0.0,0,0,38,0.0,20333.4,0,0,2736
36081002500,"Queens County, NY",40.7549606,-73.9451645,39.93172283419035,92.56198347107438,17.226753670473084,0.0,0.0,0,0,38,0.0,20333.4,0,0,2737
36081018502,"Queens County, NY",40.7405546,-73.9220647,22.533182807821216,37.45454545454546,13.556280587275694,0.0,0.0,0,0,38,0.0,20333.4,0,0,2738
36081011300,"Queens County, NY",40.7762579,-73.9084659,45.94926976116747,76.62809917355372,27.553017944535075,0.0,0.0,0,0,38,0.0,20333.4,0,0,2739
36081001901,"Queens County, NY",40.7446861,-73.9451364,2.111578868741726,3.5041322314049586,1.2724306688417617,0.0,0.0,0,0,38,0.0,20333.4,0,0,2740
36081010500,"Queens County, NY",40.7827906,-73.9129484,40.945375837349594,71.86776859504133,23.3278955954323,0.0,0.0,0,0,38,0.0,20333.4,0,0,2741
36081005300,"Queens County, NY",40.7603485,-73.9292728,38.331380836753375,62.11570247933884,23.65415986949429,0.0,0.0,0,0,38,0.0,20333.4,0,0,2742
36081014100,"Queens County, NY",40.7669906,-73.90669,41.08424940028232,54.11570247933884,31.19086460032626,0.0,0.0,0,0,38,0.0,20333.4,0,0,2743
36081003100,"Queens County, NY",40.7531761,-73.9339044,36.570433779282716,57.65289256198347,23.197389885807503,0.0,0.0,0,0,38,0.0,20333.4,0,0,2744
36081010100,"Queens County, NY",40.7784032,-73.9162557,29.205543085448586,36.925619834710744,23.099510603588907,0.0,0.0,0,0,38,0.0,20333.4,0,0,2745
36081007900,"Queens County, NY",40.7691001,-73.9299451,32.69344239904367,55.33884297520662,19.31484502446982,0.0,0.0,0,0,38,0.0,20333.4,0,0,2746
36081014300,"Queens County, NY",40.7662996,-73.9115113,48.56298822263271,82.28099173553719,28.66231647634584,0.0,0.0,0,0,38,0.0,20333.4,0,0,2747
36081011900,"Queens County, NY",40.7712054,-73.9060641,36.7971196642507,44.52892561983471,30.407830342577487,0.0,0.0,0,0,38,0.0,20333.4,0,0,2748
36081005700,"Queens County, NY",40.7569544,-73.9256721,46.93710356473445,83.5702479338843,26.36215334420881,0.0,0.0,0,0,38,0.0,20333.4,0,0,2749
36081005100,"Queens County, NY",40.7556398,-73.9321381,30.331403988643352,39.27272727272727,23.4257748776509,0.0,0.0,0,0,38,0.0,20333.4,0,0,2750
36081005500,"Queens County, NY",40.7537948,-73.9277888,27.744517797815636,29.454545454545457,26.133768352365415,0.0,0.0,0,0,38,0.0,20333.4,0,0,2751
36081007100,"Queens County, NY",40.7690847,-73.9230484,40.23891546799264,72.66115702479338,22.283849918433933,0.0,0.0,0,0,38,0.0,20333.4,0,0,2752
36081018101,"Queens County, NY",40.7445099,-73.9241233,28.542169987984263,72.16528925619835,11.288743882544862,0.0,0.0,0,0,38,0.0,20333.4,0,0,2753
36081004500,"Queens County, NY",40.7645328,-73.9337656,20.130832770984284,20.06611570247934,20.195758564437195,0.0,0.0,0,0,38,0.0,20333.4,0,0,2754
36081000101,"Queens County, NY",40.7407147,-73.9569839,3.4106106652541954,23.768595041322314,0.48939641109298526,0.0,0.0,0,0,38,0.0,20333.4,0,0,2755
36081013500,"Queens County, NY",40.7706488,-73.898977,19.444789730245446,20.694214876033058,18.270799347471453,0.0,0.0,0,0,38,0.0,20333.4,0,0,2756
36081018501,"Queens County, NY",40.7387096,-73.9224312,27.410389627052524,54.24793388429752,13.849918433931485,0.0,0.0,0,0,38,0.0,20333.4,0,0,2757
36081000102,"Queens County, NY",40.7466155,-73.9570094,22.43530088475989,38.90909090909091,12.936378466557914,0.0,0.0,0,0,38,0.0,20333.4,0,0,2758
36081011500,"Queens County, NY",40.7744206,-73.9133464,37.78737380073073,54.84297520661157,26.035889070146816,0.0,0.0,0,0,38,0.0,20333.4,0,0,2759
36081010300,"Queens County, NY",40.78106,-73.9150773,37.97124195729351,63.76859504132232,22.61011419249592,0.0,0.0,0,0,38,0.0,20333.4,0,0,2760
36081004300,"Queens County, NY",40.7609451,-73.9375143,38.1842898008666,75.10743801652893,19.412724306688418,0.0,0.0,0,0,38,0.0,20333.4,0,0,2761
36081018900,"Queens County, NY",40.7400819,-73.927999,17.738386185472653,31.93388429752066,9.853181076672104,0.0,0.0,0,0,38,0.0,20333.4,0,0,2762
36081006900,"Queens County, NY",40.7715037,-73.9221645,39.08787050742742,69.68595041322314,21.924959216965743,0.0,0.0,0,0,38,0.0,20333.4,0,0,2763
36081018300,"Queens County, NY",40.7453409,-73.9196687,47.2575295845667,67.37190082644628,33.14845024469821,0.0,0.0,0,0,38,0.0,20333.4,0,0,2764
36081015100,"Queens County, NY",40.7601669,-73.9108442,49.734560271292,77.91735537190083,31.745513866231644,0.0,0.0,0,0,38,0.0,20333.4,0,0,2765
36081014900,"Queens County, NY",40.7618538,-73.9144442,47.97794737869675,79.27272727272727,29.03752039151713,0.0,0.0,0,0,38,0.0,20333.4,0,0,2766
36081009700,"Queens County, NY",40.7764819,-73.9186027,37.4536325945696,61.42148760330578,22.838499184339316,0.0,0.0,0,0,38,0.0,20333.4,0,0,2767
36081018700,"Queens County, NY",40.7366248,-73.9246582,21.985602646742358,36.99173553719008,13.066884176182707,0.0,0.0,0,0,38,0.0,20333.4,0,0,2768
36081007500,"Queens County, NY",40.7645436,-73.9273299,39.04993904053465,67.83471074380165,22.479608482871125,0.0,0.0,0,0,38,0.0,20333.4,0,0,2769
36081017901,"Queens County, NY",40.7447208,-73.9259769,11.660465548036566,13.421487603305785,10.130505709624796,0.0,0.0,0,0,38,0.0,20333.4,0,0,2770
36081011700,"Queens County, NY",40.7722297,-73.9104558,39.58249478576707,56.231404958677686,27.862969004893962,0.0,0.0,0,0,38,0.0,20333.4,0,0,2771
36081015700,"Queens County, NY",40.7550147,-73.9219258,34.643117722627046,42.280991735537185,28.38499184339315,0.0,0.0,0,0,38,0.0,20333.4,0,0,2772
36081016300,"Queens County, NY",40.7563079,-73.909882,54.808796305469045,87.27272727272727,34.42088091353997,0.0,0.0,0,0,38,0.0,20333.4,0,0,2773
36081013700,"Queens County, NY",40.7689714,-73.9049147,34.02714586607568,36.66115702479339,31.582381729200655,0.0,0.0,0,0,38,0.0,20333.4,0,0,2774
36081015500,"Queens County, NY",40.7600351,-73.9175962,38.318688601095786,51.66942148760331,28.41761827079935,0.0,0.0,0,0,38,0.0,20333.4,0,0,2775
36081004700,"Queens County, NY",40.7602879,-73.9331578,42.77210265852302,84.9586776859504,21.533442088091352,0.0,0.0,0,0,38,0.0,20333.4,0,0,2776
36081020500,"Queens County, NY",40.7303893,-73.9218036,10.986477213773526,7.5041322314049586,16.084828711256115,0.0,0.0,0,0,38,0.0,20333.4,0,0,2777
36081007300,"Queens County, NY",40.766995,-73.9253701,38.086439772671305,65.81818181818181,22.03915171288744,0.0,0.0,0,0,38,0.0,20333.4,0,0,2778
36081000702,"Queens County, NY",40.7464165,-73.9502809,29.16089756783615,52.231404958677686,16.28058727569331,0.0,0.0,0,0,38,0.0,20333.4,0,0,2779
36081009100,"Queens County, NY",40.775858,-73.9296772,16.398499615526877,15.669421487603305,17.161500815660684,0.0,0.0,0,0,38,0.0,20333.4,0,0,2780
36081001903,"Queens County, NY",40.7506036,-73.9468225,14.331512782626548,11.636363636363637,17.65089722675367,0.0,0.0,0,0,38,0.0,20333.4,0,0,2781
36081006501,"Queens County, NY",40.7680444,-73.9176747,40.336524075884654,64.4297520661157,25.25285481239804,0.0,0.0,0,0,38,0.0,20333.4,0,0,2782
36081006300,"Queens County, NY",40.7644845,-73.920024,40.0597884097302,62.57851239669422,25.644371941272432,0.0,0.0,0,0,38,0.0,20333.4,0,0,2783
36081008500,"Queens County, NY",40.7600215,-73.9407223,22.274795837441914,27.801652892561986,17.846655791190866,0.0,0.0,0,0,38,0.0,20333.4,0,0,2784
36081016100,"Queens County, NY",40.7550818,-73.9145861,28.63102309143184,25.02479338842975,32.75693311582381,0.0,0.0,0,0,38,0.0,20333.4,0,0,2785
36081014700,"Queens County, NY",40.7629976,-73.9107521,42.09337585968861,58.082644628099175,30.505709624796083,0.0,0.0,0,0,38,0.0,20333.4,0,0,2786
36081015300,"Queens County, NY",40.7580816,-73.9136474,38.914268658582834,48.29752066115702,31.35399673735726,0.0,0.0,0,0,38,0.0,20333.4,0,0,2787
36081014500,"Queens County, NY",40.7642808,-73.9075078,45.50375506210003,65.0909090909091,31.810766721044047,0.0,0.0,0,0,38,0.0,20333.4,0,0,2788
36081008100,"Queens County, NY",40.7700755,-73.9335826,18.229745522170134,19.074380165289256,17.42251223491028,0.0,0.0,0,0,38,0.0,20333.4,0,0,2789
36081003900,"Queens County, NY",40.7627994,-73.9409316,30.77878159137085,54.578512396694215,17.35725938009788,0.0,0.0,0,0,38,0.0,20333.4,0,0,2790
36081012100,"Queens County, NY",40.7727587,-73.9035141,36.44679798129781,42.67768595041323,31.125611745513865,0.0,0.0,0,0,38,0.0,20333.4,0,0,2791
36081018102,"Queens County, NY",40.7442918,-73.9222696,21.04306836644931,35.20661157024794,12.577487765089723,0.0,0.0,0,0,38,0.0,20333.4,0,0,2792
36081006502,"Queens County, NY",40.7667951,-73.9151194,47.47727225695182,83.3388429752066,27.04730831973899,0.0,0.0,0,0,38,0.0,20333.4,0,0,2793
36081008300,"Queens County, NY",40.7726203,-73.9286959,30.544614156218227,49.81818181818182,18.72756933115824,0.0,0.0,0,0,38,0.0,20333.4,0,0,2794
36081003301,"Queens County, NY",40.7514197,-73.9389266,28.620247154422703,38.743801652892564,21.141924959216965,0.0,0.0,0,0,38,0.0,20333.4,0,0,2795
36081005900,"Queens County, NY",40.7597006,-73.9239256,47.13304864245077,84.16528925619835,26.394779771615006,0.0,0.0,0,0,38,0.0,20333.4,0,0,2796
36081001902,"Queens County, NY",40.7481798,-73.9401026,30.235241791168786,42.84297520661157,21.33768352365416,0.0,0.0,0,0,38,0.0,20333.4,0,0,2797
36081012500,"Queens County, NY",40.7709267,-73.9156695,35.348533599086295,49.28925619834711,25.35073409461664,0.0,0.0,0,0,38,0.0,20333.4,0,0,2798
36081009500,"Queens County, NY",40.7744651,-73.9207974,23.84233599493983,26.08264462809917,21.794453507340947,0.0,0.0,0,0,38,0.0,20333.4,0,0,2799
36081015900,"Queens County, NY",40.7557869,-73.9183424,49.62893331585947,80.82644628099173,30.47308319738989,0.0,0.0,0,0,38,0.0,20333.4,0,0,2800
36081007700,"Queens County, NY",40.7667329,-73.9317327,33.41371493623734,56.561983471074385,19.73898858075041,0.0,0.0,0,0,38,0.0,20333.4,0,0,2801
36081006100,"Queens County, NY",40.7620307,-73.922041,43.2620257773638,72.06611570247934,25.97063621533442,0.0,0.0,0,0,38,0.0,20333.4,0,0,2802
36081055700,"Queens County, NY",40.6986893,-73.8983148,51.55159066352203,63.43801652892562,41.892332789559546,0.0,0.0,0,0,38,0.0,20333.4,0,0,2803
36081025500,"Queens County, NY",40.7504263,-73.90792,9.598915986416038,2.3801652892561984,38.711256117455136,0.0,0.0,0,0,38,0.0,20333.4,0,0,2804
36081094202,"Queens County, NY",40.5913939,-73.8105575,81.1639205819516,83.53719008264463,78.85807504078304,0.0,0.0,0,0,38,0.0,20333.4,0,0,2805
36081092800,"Queens County, NY",40.5731798,-73.8518167,40.61627371021211,20.528925619834713,80.35889070146818,0.0,0.0,0,0,38,0.0,20333.4,0,0,2806
36081027900,"Queens County, NY",40.7516729,-73.8802222,43.813632219905415,65.15702479338843,29.461663947797717,0.0,0.0,0,0,38,0.0,20333.4,0,0,2807
36081029100,"Queens County, NY",40.7513358,-73.8951993,39.79991210949166,65.25619834710744,24.274061990212072,0.0,0.0,0,0,38,0.0,20333.4,0,0,2808
36081037300,"Queens County, NY",40.7597146,-73.8599968,39.65118289691375,44.82644628099173,35.07340946166394,0.0,0.0,0,0,38,0.0,20333.4,0,0,2809
36081049500,"Queens County, NY",40.7253902,-73.8904906,33.66206616668095,42.14876033057851,26.884176182707993,0.0,0.0,0,0,38,0.0,20333.4,0,0,2810
36081099200,"Queens County, NY",40.5938729,-73.7677462,76.85969119830574,84.72727272727273,69.7226753670473,0.0,0.0,0,0,38,0.0,20333.4,0,0,2811
36081024500,"Queens County, NY",40.739354,-73.9050486,25.09030512935152,30.31404958677686,20.766721044045678,0.0,0.0,0,0,38,0.0,20333.4,0,0,2812
36081033900,"Queens County, NY",40.7590238,-73.8798382,29.42797460583728,31.008264462809915,27.928221859706365,0.0,0.0,0,0,38,0.0,20333.4,0,0,2813
36081093800,"Queens County, NY",40.5797628,-73.8293271,73.50501391583428,65.22314049586777,82.83849918433933,0.0,0.0,0,0,38,0.0,20333.4,0,0,2814
36081048301,"Queens County, NY",40.742098,-73.8896448,31.108255579165856,33.289256198347104,29.070146818923327,0.0,0.0,0,0,38,0.0,20333.4,0,0,2815
36081027500,"Queens County, NY",40.7521537,-73.8755691,50.81340980004186,83.04132231404958,31.09298531810767,0.0,0.0,0,0,38,0.0,20333.4,0,0,2816
36081099802,"Queens County, NY",40.5932371,-73.7596129,79.18931184278858,89.02479338842976,70.44045676998368,0.0,0.0,0,0,38,0.0,20333.4,0,0,2817
36081101003,"Queens County, NY",40.6014484,-73.7504279,62.19650267656287,55.404958677685954,69.82055464926592,0.0,0.0,0,0,38,0.0,20333.4,0,0,2818
36081029500,"Queens County, NY",40.755998,-73.9067306,38.71641174232489,41.65289256198347,35.986949429037516,0.0,0.0,0,0,38,0.0,20333.4,0,0,2819
36081059502,"Queens County, NY",40.7152482,-73.908713,49.23041130843321,70.54545454545455,34.355628058727575,0.0,0.0,0,0,38,0.0,20333.4,0,0,2820
36081027702,"Queens County, NY",40.7544055,-73.8780514,44.088431461519946,65.68595041322314,29.592169657422513,0.0,0.0,0,0,38,0.0,20333.4,0,0,2821
36081099801,"Queens County, NY",40.5980835,-73.7575992,67.25203396496849,66.7107438016529,67.79771615008157,0.0,0.0,0,0,38,0.0,20333.4,0,0,2822
36081035300,"Queens County, NY",40.759612,-73.8741249,18.973935973225082,12.033057851239668,29.9184339314845,0.0,0.0,0,0,38,0.0,20333.4,0,0,2823
36081094201,"Queens County, NY",40.5857865,-73.8213404,67.62731661279172,56.36363636363636,81.14192495921696,0.0,0.0,0,0,38,0.0,20333.4,0,0,2824
36081099100,"Queens County, NY",40.7919649,-73.7988773,42.1906821269731,36.396694214876035,48.90701468189233,0.0,0.0,0,0,38,0.0,20333.4,0,0,2825
36081049302,"Queens County, NY",40.7279048,-73.8917943,33.09977994337973,41.81818181818181,26.199021207177815,0.0,0.0,0,0,38,0.0,20333.4,0,0,2826
36081055500,"Queens County, NY",40.6972245,-73.9032791,37.8962933498012,36.52892561983471,39.31484502446982,0.0,0.0,0,0,38,0.0,20333.4,0,0,2827
36081037700,"Queens County, NY",40.7556614,-73.8687135,42.74145371934487,55.438016528925615,32.95269168026101,0.0,0.0,0,0,38,0.0,20333.4,0,0,2828
36081054700,"Queens County, NY",40.7036294,-73.9097111,44.401614579198544,55.00826446280992,35.84013050570963,0.0,0.0,0,0,38,0.0,20333.4,0,0,2829
36081051100,"Queens County, NY",40.7273279,-73.9001655,30.1357665641432,38.87603305785124,23.3605220228385,0.0,0.0,0,0,38,0.0,20333.4,0,0,2830
36081030903,"Queens County, NY",40.7579485,-73.8900649,29.415364019645157,36.03305785123967,24.01305057096248,0.0,0.0,0,0,38,0.0,20333.4,0,0,2831
36081100804,"Queens County, NY",40.6031914,-73.7672212,45.52685928042657,31.371900826446282,66.06851549755302,0.0,0.0,0,0,38,0.0,20333.4,0,0,2832
36081104700,"Queens County, NY",40.7748158,-73.8203709,41.384581562027826,47.20661157024794,36.28058727569331,0.0,0.0,0,0,38,0.0,20333.4,0,0,2833
36081048900,"Queens County, NY",40.7373155,-73.8921827,34.298153984197754,48.396694214876035,24.306688417618272,0.0,0.0,0,0,38,0.0,20333.4,0,0,2834
36081026300,"Queens County, NY",40.7457619,-73.8970294,40.12157115069371,63.17355371900827,25.481239804241433,0.0,0.0,0,0,38,0.0,20333.4,0,0,2835
36081101002,"Queens County, NY",40.5986579,-73.7412531,66.28349476685996,63.66942148760331,69.00489396411092,0.0,0.0,0,0,38,0.0,20333.4,0,0,2836
36081102900,"Queens County, NY",40.7838708,-73.8073649,22.432644626876066,16.03305785123967,31.38662316476346,0.0,0.0,0,0,38,0.0,20333.4,0,0,2837
36081058900,"Queens County, NY",40.7062404,-73.9050398,61.09565456876539,95.33884297520662,39.151712887438826,0.0,0.0,0,0,38,0.0,20333.4,0,0,2838
36081024700,"Queens County, NY",40.7422779,-73.89945,31.748628456068655,39.96694214876033,25.220228384991845,0.0,0.0,0,0,38,0.0,20333.4,0,0,2839
36081092200,"Queens County, NY",40.5732499,-73.8598028,29.870649014531146,11.272727272727273,79.15171288743883,0.0,0.0,0,0,38,0.0,20333.4,0,0,2840
36081051700,"Queens County, NY",40.7246283,-73.900294,26.4509643063111,27.404958677685947,25.530179445350733,0.0,0.0,0,0,38,0.0,20333.4,0,0,2841
36081103900,"Queens County, NY",40.7840546,-73.8190352,38.00123961372358,46.34710743801653,31.158238172920065,0.0,0.0,0,0,38,0.0,20333.4,0,0,2842
36081098700,"Queens County, NY",40.7953927,-73.806862,18.39565781638462,13.487603305785123,25.08972267536705,0.0,0.0,0,0,38,0.0,20333.4,0,0,2843
36081100801,"Queens County, NY",40.611341,-73.7661007,32.784565995548604,16.859504132231404,63.75203915171289,0.0,0.0,0,0,38,0.0,20333.4,0,0,2844
36081096400,"Queens County, NY",40.5925505,-73.7918429,61.94753153440651,50.54545454545455,75.92169657422512,0.0,0.0,0,0,38,0.0,20333.4,0,0,2845
36081028300,"Queens County, NY",40.7511737,-73.8848654,42.37639159292818,64.0,28.05872756933116,0.0,0.0,0,0,38,0.0,20333.4,0,0,2846
36081030904,"Queens County, NY",40.7635831,-73.8910547,33.25003095535522,48.82644628099174,22.64274061990212,0.0,0.0,0,0,38,0.0,20333.4,0,0,2847
36081051300,"Queens County, NY",40.7318897,-73.8975137,31.933711152509403,43.471074380165284,23.458401305057098,0.0,0.0,0,0,38,0.0,20333.4,0,0,2848
36081103201,"Queens County, NY",40.6089555,-73.7554305,80.73161211253635,97.25619834710744,67.01468189233279,0.0,0.0,0,0,38,0.0,20333.4,0,0,2849
36081027302,"Queens County, NY",40.7537783,-73.8732099,45.03966078215485,64.29752066115702,31.549755301794452,0.0,0.0,0,0,38,0.0,20333.4,0,0,2850
36081109300,"Queens County, NY",40.7756127,-73.7704101,21.819664787211103,6.9421487603305785,68.58075040783034,0.0,0.0,0,0,38,0.0,20333.4,0,0,2851
36081028100,"Queens County, NY",40.7522203,-73.882592,35.16104268631145,43.30578512396694,28.548123980424144,0.0,0.0,0,0,38,0.0,20333.4,0,0,2852
36081099705,"Queens County, NY",40.7874545,-73.7859776,31.113698476522814,14.84297520661157,65.22022838499184,0.0,0.0,0,0,38,0.0,20333.4,0,0,2853
36081099703,"Queens County, NY",40.7829752,-73.7747051,29.052974673635738,12.363636363636363,68.27079934747145,0.0,0.0,0,0,38,0.0,20333.4,0,0,2854
36081097205,"Queens County, NY",40.5962249,-73.7855141,84.19767602748915,96.16528925619835,73.7194127243067,0.0,0.0,0,0,38,0.0,20333.4,0,0,2855
36081101700,"Queens County, NY",40.7797657,-73.7982495,43.591256532058225,33.85123966942149,56.13376835236542,0.0,0.0,0,0,38,0.0,20333.4,0,0,2856
36081032900,"Queens County, NY",40.7644351,-73.8827319,28.262088302250152,31.107438016528928,25.67699836867863,0.0,0.0,0,0,38,0.0,20333.4,0,0,2857
36081055300,"Queens County, NY",40.6989501,-73.9065464,44.244123926105644,51.83471074380165,37.76508972267536,0.0,0.0,0,0,38,0.0,20333.4,0,0,2858
36081036300,"Queens County, NY",40.7596839,-73.8694173,35.33548724952989,39.37190082644628,31.712887438825447,0.0,0.0,0,0,38,0.0,20333.4,0,0,2859
36081094203,"Queens County, NY",40.5850662,-73.8101695,78.71250382496997,77.6198347107438,79.8205546492659,0.0,0.0,0,0,38,0.0,20333.4,0,0,2860
36081026502,"Queens County, NY",40.7439354,-73.8941788,14.60070331841287,7.900826446280992,26.982055464926592,0.0,0.0,0,0,38,0.0,20333.4,0,0,2861
36081058700,"Queens County, NY",40.7071439,-73.9002784,48.217842086984,56.06611570247934,41.468189233278956,0.0,0.0,0,0,38,0.0,20333.4,0,0,2862
36081048302,"Queens County, NY",40.7414691,-73.8946849,25.096182927491157,23.00826446280992,27.373572593800976,0.0,0.0,0,0,38,0.0,20333.4,0,0,2863
36081103202,"Queens County, NY",40.6066697,-73.7475132,76.01688183997946,89.58677685950414,64.50244698205546,0.0,0.0,0,0,38,0.0,20333.4,0,0,2864
36081028500,"Queens County, NY",40.7514661,-73.8871163,28.340879998381933,29.553719008264462,27.177814029363784,0.0,0.0,0,0,38,0.0,20333.4,0,0,2865
36081028900,"Queens County, NY",40.7512785,-73.8919022,25.319699604465008,25.25619834710744,25.38336052202284,0.0,0.0,0,0,38,0.0,20333.4,0,0,2866
36081056500,"Queens County, NY",40.6942629,-73.8968742,20.49373706776297,7.305785123966942,57.48776508972268,0.0,0.0,0,0,38,0.0,20333.4,0,0,2867
36081093402,"Queens County, NY",40.5756304,-73.8402862,55.29923574236706,37.22314049586777,82.15334420880913,0.0,0.0,0,0,38,0.0,20333.4,0,0,2868
36081037502,"Queens County, NY",40.7536998,-73.8712017,40.46306858578167,50.84297520661158,32.20228384991843,0.0,0.0,0,0,38,0.0,20333.4,0,0,2869
36081027701,"Queens County, NY",40.7503811,-73.877801,39.51228151054972,50.743801652892564,30.766721044045674,0.0,0.0,0,0,38,0.0,20333.4,0,0,2870
36081097206,"Queens County, NY",40.5975334,-73.7759111,79.08854815692725,88.42975206611571,70.73409461663948,0.0,0.0,0,0,38,0.0,20333.4,0,0,2871
36081046902,"Queens County, NY",40.7469804,-73.8758195,45.33786596486951,63.70247933884298,32.26753670473083,0.0,0.0,0,0,38,0.0,20333.4,0,0,2872
36081029700,"Queens County, NY",40.7586829,-73.9030015,28.809442140142053,22.512396694214875,36.8678629690049,0.0,0.0,0,0,38,0.0,20333.4,0,0,2873
36081093401,"Queens County, NY",40.5813729,-73.8465839,57.75305457592429,41.35537190082645,80.65252854812398,0.0,0.0,0,0,38,0.0,20333.4,0,0,2874
36081097300,"Queens County, NY",40.7949673,-73.823537,22.796779373377376,20.958677685950413,24.79608482871126,0.0,0.0,0,0,38,0.0,20333.4,0,0,2875
36081055900,"Queens County, NY",40.6944037,-73.9017315,47.123047580302966,39.80165289256198,55.791190864600324,0.0,0.0,0,0,38,0.0,20333.4,0,0,2876
36081060300,"Queens County, NY",40.7139219,-73.8990012,36.38615645536611,33.6198347107438,39.38009787928222,0.0,0.0,0,0,38,0.0,20333.4,0,0,2877
36081091900,"Queens County, NY",40.7764062,-73.8484646,41.35590356865688,50.11570247933884,34.127243066884176,0.0,0.0,0,0,38,0.0,20333.4,0,0,2878
36081099704,"Queens County, NY",40.7817296,-73.7806843,51.025375128603244,38.18181818181819,68.18923327895595,0.0,0.0,0,0,38,0.0,20333.4,0,0,2879
36081027301,"Queens County, NY",40.7503289,-73.8722567,49.209243242320305,73.85123966942149,32.78955954323002,0.0,0.0,0,0,38,0.0,20333.4,0,0,2880
36081088903,"Queens County, NY",40.7757495,-73.8269712,40.90286504934432,47.83471074380165,34.97553017944535,0.0,0.0,0,0,38,0.0,20333.4,0,0,2881
36081052500,"Queens County, NY",40.7189703,-73.9066375,31.571736847456094,29.719008264462808,33.539967373572594,0.0,0.0,0,0,38,0.0,20333.4,0,0,2882
36081058300,"Queens County, NY",40.701938,-73.8976203,48.373995204275225,55.10743801652892,42.46329526916803,0.0,0.0,0,0,38,0.0,20333.4,0,0,2883
36081097204,"Queens County, NY",40.593907,-73.7811283,59.23035600147328,48.132231404958674,72.88743882544861,0.0,0.0,0,0,38,0.0,20333.4,0,0,2884
36081059300,"Queens County, NY",40.710208,-73.9026508,59.1046402554285,88.56198347107438,39.44535073409462,0.0,0.0,0,0,38,0.0,20333.4,0,0,2885
36081059501,"Queens County, NY",40.7117089,-73.9078222,46.942296492379114,60.62809917355372,36.34584013050571,0.0,0.0,0,0,38,0.0,20333.4,0,0,2886
36081100803,"Queens County, NY",40.603148,-73.7575401,75.95779957410099,88.26446280991735,65.36704730831974,0.0,0.0,0,0,38,0.0,20333.4,0,0,2887
36081025900,"Queens County, NY",40.7485778,-73.9035261,30.258348589949247,21.65289256198347,42.28384991843393,0.0,0.0,0,0,38,0.0,20333.4,0,0,2888
36081034700,"Queens County, NY",40.7668848,-73.8786774,36.617414910909005,50.61157024793388,26.492659053833606,0.0,0.0,0,0,38,0.0,20333.4,0,0,2889
36081095400,"Queens County, NY",40.5916392,-73.7993734,64.40672669515656,53.421487603305785,77.65089722675367,0.0,0.0,0,0,38,0.0,20333.4,0,0,2890
36081091603,"Queens County, NY",40.5646391,-73.9108833,51.4512769436067,38.71074380165289,68.38499184339315,0.0,0.0,0,0,38,0.0,20333.4,0,0,2891
36081048500,"Queens County, NY",40.7397517,-73.8843383,40.235524632662454,51.20661157024793,31.615008156606848,0.0,0.0,0,0,38,0.0,20333.4,0,0,2892
36081024900,"Queens County, NY",40.7431151,-73.9042554,48.15140668595908,52.56198347107438,44.11092985318108,0.0,0.0,0,0,38,0.0,20333.4,0,0,2893
36081023502,"Queens County, NY",40.7413362,-73.9170317,29.989288890002463,57.48760330578513,15.64437194127243,0.0,0.0,0,0,38,0.0,20333.4,0,0,2894
36081053501,"Queens County, NY",40.7164749,-73.9126019,49.101838276765754,75.40495867768595,31.97389885807504,0.0,0.0,0,0,38,0.0,20333.4,0,0,2895
36081036500,"Queens County, NY",40.7595246,-73.8656054,44.29187798633745,59.239669421487605,33.115823817292004,0.0,0.0,0,0,38,0.0,20333.4,0,0,2896
36081097202,"Queens County, NY",40.5910232,-73.7800977,79.37637291565476,85.75206611570248,73.4747145187602,0.0,0.0,0,0,38,0.0,20333.4,0,0,2897
36081054500,"Queens County, NY",40.7055479,-73.9126214,52.41709458339906,78.77685950413223,34.87765089722675,0.0,0.0,0,0,38,0.0,20333.4,0,0,2898
36081092500,"Queens County, NY",40.7824818,-73.844768,35.826795092864934,41.586776859504134,30.864600326264274,0.0,0.0,0,0,38,0.0,20333.4,0,0,2899
36081053100,"Queens County, NY",40.7230578,-73.9083341,39.495422128179484,67.33884297520662,23.164763458401303,0.0,0.0,0,0,38,0.0,20333.4,0,0,2900
36081059900,"Queens County, NY",40.7172449,-73.902132,22.816523553136083,14.214876033057852,36.6231647634584,0.0,0.0,0,0,38,0.0,20333.4,0,0,2901
36081046901,"Queens County, NY",40.7433641,-73.8785865,42.550075737929625,55.60330578512397,32.56117455138662,0.0,0.0,0,0,38,0.0,20333.4,0,0,2902
36081037100,"Queens County, NY",40.7641434,-73.8636241,8.279167751759667,2.115702479338843,32.39804241435563,0.0,0.0,0,0,38,0.0,20333.4,0,0,2903
36081025302,"Queens County, NY",40.7441688,-73.9131355,51.47311548080314,70.24793388429752,37.71615008156607,0.0,0.0,0,0,38,0.0,20333.4,0,0,2904
36081027101,"Queens County, NY",40.7441729,-73.8802681,48.603764398883726,74.64462809917354,31.64763458401305,0.0,0.0,0,0,38,0.0,20333.4,0,0,2905
36081033700,"Queens County, NY",40.7587306,-73.882628,22.028449450029434,18.115702479338843,26.786296900489397,0.0,0.0,0,0,38,0.0,20333.4,0,0,2906
36081093900,"Queens County, NY",40.7938731,-73.8429655,20.99458949209781,17.917355371900825,24.60032626427406,0.0,0.0,0,0,38,0.0,20333.4,0,0,2907
36081060100,"Queens County, NY",40.7152135,-73.9024125,39.85209195611889,42.34710743801653,37.50407830342578,0.0,0.0,0,0,38,0.0,20333.4,0,0,2908
36081025301,"Queens County, NY",40.7445685,-73.9165163,47.82596449935295,64.79338842975207,35.30179445350734,0.0,0.0,0,0,38,0.0,20333.4,0,0,2909
36081090700,"Queens County, NY",40.773539,-73.8387968,9.7622499872525,2.644628099173554,36.03588907014682,0.0,0.0,0,0,38,0.0,20333.4,0,0,2910
36081029300,"Queens County, NY",40.7519327,-73.899483,24.543361751044415,26.413223140495866,22.805872756933116,0.0,0.0,0,0,38,0.0,20333.4,0,0,2911
36081049301,"Queens County, NY",40.7323708,-73.8942499,24.433825952425575,24.49586776859504,24.371941272430668,0.0,0.0,0,0,38,0.0,20333.4,0,0,2912
36081026700,"Queens County, NY",40.7453276,-73.8880321,43.28172913670481,65.02479338842974,28.809135399673735,0.0,0.0,0,0,38,0.0,20333.4,0,0,2913
36081032700,"Queens County, NY",40.7584364,-73.8854176,25.45683343883441,24.859504132231404,26.06851549755302,0.0,0.0,0,0,38,0.0,20333.4,0,0,2914
36081036100,"Queens County, NY",40.7612829,-73.8724157,23.70889747889677,18.545454545454547,30.30995106035889,0.0,0.0,0,0,38,0.0,20333.4,0,0,2915
36081059100,"Queens County, NY",40.7081118,-73.9097807,59.598764475474546,96.4297520661157,36.83523654159869,0.0,0.0,0,0,38,0.0,20333.4,0,0,2916
36081035700,"Queens County, NY",40.7680154,-73.8712399,35.05310092693833,42.94214876033058,28.613376835236544,0.0,0.0,0,0,38,0.0,20333.4,0,0,2917
36081107201,"Queens County, NY",40.6035045,-73.8214155,50.42910525763334,31.801652892561982,79.9673735725938,0.0,0.0,0,0,38,0.0,20333.4,0,0,2918
36081099701,"Queens County, NY",40.7809101,-73.789904,20.359038484336317,6.049586776859504,68.51549755301795,0.0,0.0,0,0,38,0.0,20333.4,0,0,2919
36081049700,"Queens County, NY",40.731751,-73.8903723,27.011712564030635,28.165289256198346,25.905383360522023,0.0,0.0,0,0,38,0.0,20333.4,0,0,2920
36081051500,"Queens County, NY",40.7309757,-73.9014977,19.660472618881904,16.363636363636363,23.62153344208809,0.0,0.0,0,0,38,0.0,20333.4,0,0,2921
36081027102,"Queens County, NY",40.7471215,-73.878051,40.160222702599825,51.17355371900827,31.517128874388256,0.0,0.0,0,0,38,0.0,20333.4,0,0,2922
36081031700,"Queens County, NY",40.7709218,-73.8930421,41.58282848382482,84.66115702479338,20.424143556280587,0.0,0.0,0,0,38,0.0,20333.4,0,0,2923
36081028700,"Queens County, NY",40.7509654,-73.8894359,35.98228029789586,48.99173553719008,26.42740619902121,0.0,0.0,0,0,38,0.0,20333.4,0,0,2924
36081025700,"Queens County, NY",40.7501044,-73.9051748,31.539471255413215,24.727272727272727,40.22838499184339,0.0,0.0,0,0,38,0.0,20333.4,0,0,2925
36081026901,"Queens County, NY",40.7468744,-73.8822114,46.313986786236036,71.07438016528926,30.179445350734095,0.0,0.0,0,0,38,0.0,20333.4,0,0,2926
36081098100,"Queens County, NY",40.7982603,-73.8158489,13.268750966120951,7.371900826446281,23.882544861337685,0.0,0.0,0,0,38,0.0,20333.4,0,0,2927
36081092900,"Queens County, NY",40.7895942,-73.8534303,29.845290665259558,32.46280991735537,27.438825448613375,0.0,0.0,0,0,38,0.0,20333.4,0,0,2928
36081055100,"Queens County, NY",40.7015951,-73.9039117,60.8150324817087,94.34710743801654,39.200652528548126,0.0,0.0,0,0,38,0.0,20333.4,0,0,2929
36081048100,"Queens County, NY",40.7422192,-73.8850516,47.331669068914714,72.89256198347107,30.734094616639478,0.0,0.0,0,0,38,0.0,20333.4,0,0,2930
36081053901,"Queens County, NY",40.7102102,-73.9178042,45.35614441647993,63.30578512396694,32.49592169657423,0.0,0.0,0,0,38,0.0,20333.4,0,0,2931
36081036700,"Queens County, NY",40.7632227,-73.8679395,27.071181731138598,23.471074380165287,31.223491027732464,0.0,0.0,0,0,38,0.0,20333.4,0,0,2932
36081024300,"Queens County, NY",40.7366667,-73.9020404,34.1741876684759,51.50413223140495,22.67536704730832,0.0,0.0,0,0,38,0.0,20333.4,0,0,2933
36081026100,"Queens County, NY",40.7472116,-73.900601,37.53792791629463,59.735537190082646,23.588907014681894,0.0,0.0,0,0,38,0.0,20333.4,0,0,2934
36081052100,"Queens County, NY",40.7208648,-73.9015157,43.60038558334618,54.049586776859506,35.17128874388254,0.0,0.0,0,0,38,0.0,20333.4,0,0,2935
36081030905,"Queens County, NY",40.7600116,-73.8960739,23.50400431328346,26.049586776859506,21.20717781402936,0.0,0.0,0,0,38,0.0,20333.4,0,0,2936
36081023501,"Queens County, NY",40.7376585,-73.9180728,32.12704480140143,64.82644628099173,15.921696574225122,0.0,0.0,0,0,38,0.0,20333.4,0,0,2937
36081054900,"Queens County, NY",40.702191,-73.9078131,50.303220891511344,67.73553719008264,37.35725938009788,0.0,0.0,0,0,38,0.0,20333.4,0,0,2938
36081094700,"Queens County, NY",40.7855766,-73.8413716,31.945378267352286,34.909090909090914,29.233278955954322,0.0,0.0,0,0,38,0.0,20333.4,0,0,2939
36081058500,"Queens County, NY",40.704371,-73.8994203,50.49178556006632,61.1900826446281,41.66394779771615,0.0,0.0,0,0,38,0.0,20333.4,0,0,2940
36081026501,"Queens County, NY",40.7456048,-73.8926876,36.52197471567098,49.256198347107436,27.07993474714519,0.0,0.0,0,0,38,0.0,20333.4,0,0,2941
36081030906,"Queens County, NY",40.7563165,-73.8962348,20.183778077194308,18.14876033057851,22.446982055464925,0.0,0.0,0,0,38,0.0,20333.4,0,0,2942
36081026902,"Queens County, NY",40.7446146,-73.8829538,41.24862803100928,55.53719008264463,30.63621533442088,0.0,0.0,0,0,38,0.0,20333.4,0,0,2943
36081025100,"Queens County, NY",40.7448223,-73.9096562,48.0187767461862,58.21487603305785,39.60848287112561,0.0,0.0,0,0,38,0.0,20333.4,0,0,2944
36081101004,"Queens County, NY",40.5958448,-73.7490073,80.24084383294517,89.6198347107438,71.84339314845025,0.0,0.0,0,0,38,0.0,20333.4,0,0,2945
36081035100,"Queens County, NY",40.7590997,-73.8770465,23.677327921923094,19.371900826446282,28.93964110929853,0.0,0.0,0,0,38,0.0,20333.4,0,0,2946
36081094500,"Queens County, NY",40.792754,-73.8288779,35.23236605240454,48.09917355371901,25.807504078303428,0.0,0.0,0,0,38,0.0,20333.4,0,0,2947
36081103300,"Queens County, NY",40.7791778,-73.8096597,30.56715188794339,27.66942148760331,33.768352365415986,0.0,0.0,0,0,38,0.0,20333.4,0,0,2948
36081155101,"Queens County, NY",40.7566433,-73.7142398,11.945932239710526,2.84297520661157,50.1957585644372,0.0,0.0,0,0,38,0.0,20333.4,0,0,2949
36085027702,"Richmond County, NY",40.5801048,-74.1636581,59.79653528398202,57.6198347107438,62.055464926590545,0.0,0.0,0,0,38,0.0,20333.4,0,0,2950
36085017005,"Richmond County, NY",40.5385208,-74.1819957,40.34510639194229,36.49586776859504,44.60032626427406,0.0,0.0,0,0,38,0.0,20333.4,0,0,2951
36085002001,"Richmond County, NY",40.6068893,-74.0709805,40.62775706512418,22.082644628099175,74.74714518760196,0.0,0.0,0,0,38,0.0,20333.4,0,0,2952
36085027301,"Richmond County, NY",40.5996828,-74.1521427,36.01081992184081,31.17355371900826,41.598694942903755,0.0,0.0,0,0,38,0.0,20333.4,0,0,2953
36085024401,"Richmond County, NY",40.5086733,-74.2386183,53.556993534890466,36.892561983471076,77.74877650897227,0.0,0.0,0,0,38,0.0,20333.4,0,0,2954
36085011201,"Richmond County, NY",40.5769871,-74.0867381,55.00784779953456,41.421487603305785,73.05057096247961,0.0,0.0,0,0,38,0.0,20333.4,0,0,2955
36085013203,"Richmond County, NY",40.5490558,-74.1423045,49.49350734683888,38.94214876033058,62.90375203915172,0.0,0.0,0,0,38,0.0,20333.4,0,0,2956
36085015601,"Richmond County, NY",40.5421524,-74.1545777,50.08456036957108,45.5206611570248,55.10603588907015,0.0,0.0,0,0,38,0.0,20333.4,0,0,2957
36085014605,"Richmond County, NY",40.5588899,-74.1495429,40.67741010271483,26.876033057851238,61.56606851549755,0.0,0.0,0,0,38,0.0,20333.4,0,0,2958
36081150702,"Queens County, NY",40.7663718,-73.730825,9.85141660770379,1.5537190082644627,62.46329526916803,0.0,0.0,0,0,38,0.0,20333.4,0,0,2959
36085027900,"Richmond County, NY",40.5735249,-74.157448,11.399335885975312,1.9834710743801653,65.51386623164763,0.0,0.0,0,0,38,0.0,20333.4,0,0,2960
36085017012,"Richmond County, NY",40.5529791,-74.1734596,35.441191962374205,27.140495867768593,46.280587275693314,0.0,0.0,0,0,38,0.0,20333.4,0,0,2961
36085020805,"Richmond County, NY",40.5477446,-74.2142526,53.318667400528746,45.88429752066116,61.95758564437194,0.0,0.0,0,0,38,0.0,20333.4,0,0,2962
36085000800,"Richmond County, NY",40.6119514,-74.0677131,43.71304252073501,25.1900826446281,75.85644371941272,0.0,0.0,0,0,38,0.0,20333.4,0,0,2963
36085027704,"Richmond County, NY",40.5854221,-74.1515103,53.841640477756734,53.15702479338843,54.53507340946167,0.0,0.0,0,0,38,0.0,20333.4,0,0,2964
36085005000,"Richmond County, NY",40.6049549,-74.08666,48.52992368127887,33.65289256198347,69.9836867862969,0.0,0.0,0,0,38,0.0,20333.4,0,0,2965
36085017016,"Richmond County, NY",40.5586998,-74.17761,44.09678497274821,39.10743801652893,49.72267536704731,0.0,0.0,0,0,38,0.0,20333.4,0,0,2966
36085013400,"Richmond County, NY",40.5698839,-74.1174466,56.665564568963084,47.63636363636364,67.40619902120719,0.0,0.0,0,0,38,0.0,20333.4,0,0,2967
36085002002,"Richmond County, NY",40.6014736,-74.070295,44.12866787392318,25.950413223140494,75.04078303425776,0.0,0.0,0,0,38,0.0,20333.4,0,0,2968
36085014606,"Richmond County, NY",40.5612628,-74.1398995,53.28959103919565,44.72727272727273,63.49102773246329,0.0,0.0,0,0,38,0.0,20333.4,0,0,2969
36085013201,"Richmond County, NY",40.5647779,-74.1225721,34.009327467904136,16.793388429752063,68.87438825448613,0.0,0.0,0,0,38,0.0,20333.4,0,0,2970
36085017013,"Richmond County, NY",40.5505833,-74.1969608,47.723639191362444,45.123966942148755,50.47308319738989,0.0,0.0,0,0,38,0.0,20333.4,0,0,2971
36085014604,"Richmond County, NY",40.5500383,-74.1597547,46.951451649194176,42.77685950413223,51.533442088091356,0.0,0.0,0,0,38,0.0,20333.4,0,0,2972
36085018704,"Richmond County, NY",40.6043769,-74.1237416,13.421260599128864,3.768595041322314,47.79771615008156,0.0,0.0,0,0,38,0.0,20333.4,0,0,2973
36085015602,"Richmond County, NY",40.5360199,-74.1618034,35.895248290700316,24.52892561983471,52.52854812398042,0.0,0.0,0,0,38,0.0,20333.4,0,0,2974
36085027302,"Richmond County, NY",40.595528,-74.1387179,34.64848782559153,28.09917355371901,42.72430668841762,0.0,0.0,0,0,38,0.0,20333.4,0,0,2975
36085024800,"Richmond County, NY",40.5174031,-74.243356,59.7487899011494,47.80165289256198,74.68189233278956,0.0,0.0,0,0,38,0.0,20333.4,0,0,2976
36085007001,"Richmond County, NY",40.5899525,-74.0868322,27.8012945032417,10.942148760330578,70.63621533442088,0.0,0.0,0,0,38,0.0,20333.4,0,0,2977
36085012806,"Richmond County, NY",40.557671,-74.1076715,73.97379036875857,73.98347107438016,73.96411092985318,0.0,0.0,0,0,38,0.0,20333.4,0,0,2978
36085004003,"Richmond County, NY",40.6143281,-74.0833879,81.90199869121734,93.75206611570248,71.54975530179445,0.0,0.0,0,0,38,0.0,20333.4,0,0,2979
36085027706,"Richmond County, NY",40.5909369,-74.1619016,57.8130460523709,62.8099173553719,53.2137030995106,0.0,0.0,0,0,38,0.0,20333.4,0,0,2980
36085013800,"Richmond County, NY",40.5704889,-74.1318818,48.82058483046359,37.52066115702479,63.523654159869494,0.0,0.0,0,0,38,0.0,20333.4,0,0,2981
36085017009,"Richmond County, NY",40.5429309,-74.1895874,35.3563590980768,27.173553719008265,46.00326264274062,0.0,0.0,0,0,38,0.0,20333.4,0,0,2982
36085013204,"Richmond County, NY",40.5594209,-74.1302418,57.552946820090014,48.72727272727273,67.97716150081567,0.0,0.0,0,0,38,0.0,20333.4,0,0,2983
36085017007,"Richmond County, NY",40.5578991,-74.1890985,47.83038443970704,45.35537190082645,50.44045676998369,0.0,0.0,0,0,38,0.0,20333.4,0,0,2984
36085003600,"Richmond County, NY",40.6110687,-74.0759,56.134195954475814,42.74380165289256,73.7194127243067,0.0,0.0,0,0,38,0.0,20333.4,0,0,2985
36085020806,"Richmond County, NY",40.5495653,-74.205791,35.90215853203697,22.8099173553719,56.508972267536706,0.0,0.0,0,0,38,0.0,20333.4,0,0,2986
36081147900,"Queens County, NY",40.7695769,-73.74228600000001,41.97720731819626,24.66115702479339,71.45187601957585,0.0,0.0,0,0,38,0.0,20333.4,0,0,2987
36085012805,"Richmond County, NY",40.5528682,-74.1153369,24.895775897877378,8.694214876033058,71.28874388254486,0.0,0.0,0,0,38,0.0,20333.4,0,0,2988
36085017300,"Richmond County, NY",40.6052791,-74.1182769,48.11645103221513,45.48760330578512,50.89722675367048,0.0,0.0,0,0,38,0.0,20333.4,0,0,2989
36085004001,"Richmond County, NY",40.6188936,-74.0757005,24.446998808542535,8.066115702479339,74.09461663947798,0.0,0.0,0,0,38,0.0,20333.4,0,0,2990
36085007400,"Richmond County, NY",40.5915459,-74.0629365,67.91048884400617,59.768595041322314,77.16150081566069,0.0,0.0,0,0,38,0.0,20333.4,0,0,2991
36085027705,"Richmond County, NY",40.5882479,-74.156982,44.37661210160698,36.82644628099174,53.474714518760194,0.0,0.0,0,0,38,0.0,20333.4,0,0,2992
36081155104,"Queens County, NY",40.7504354,-73.710439,18.614255341932598,7.966942148760331,43.491027732463294,0.0,0.0,0,0,38,0.0,20333.4,0,0,2993
36085017701,"Richmond County, NY",40.6028548,-74.1067914,32.826238225862866,18.181818181818183,59.26590538336052,0.0,0.0,0,0,38,0.0,20333.4,0,0,2994
36085018703,"Richmond County, NY",40.6033616,-74.128907,26.508141556225976,16.528925619834713,42.51223491027732,0.0,0.0,0,0,38,0.0,20333.4,0,0,2995
36085001800,"Richmond County, NY",40.6014236,-74.0540856,55.606031982835404,39.570247933884296,78.14029363784665,0.0,0.0,0,0,38,0.0,20333.4,0,0,2996
36081157901,"Queens County, NY",40.7447191,-73.7046105,21.895680247564037,10.016528925619834,47.86296900489396,0.0,0.0,0,0,38,0.0,20333.4,0,0,2997
36085011203,"Richmond County, NY",40.5737677,-74.0973899,77.57718805839149,84.92561983471074,70.86460032626427,0.0,0.0,0,0,38,0.0,20333.4,0,0,2998
36085012200,"Richmond County, NY",40.5759718,-74.1114581,46.76878056668711,33.057851239669425,66.16639477977162,0.0,0.0,0,0,38,0.0,20333.4,0,0,2999
36085007002,"Richmond County, NY",40.5864329,-74.0802094,58.71234100156756,47.04132231404959,73.278955954323,0.0,0.0,0,0,38,0.0,20333.4,0,0,3000
36085014608,"Richmond County, NY",40.5584655,-74.156518,46.83192652682008,38.34710743801653,57.19412724306688,0.0,0.0,0,0,38,0.0,20333.4,0,0,3001
36085004002,"Richmond County, NY",40.6129115,-74.0794206,12.873799023847052,2.28099173553719,72.65905383360523,0.0,0.0,0,0,38,0.0,20333.4,0,0,3002
36085009601,"Richmond County, NY",40.5969283,-74.0886024,46.2518243603075,30.71074380165289,69.65742251223492,0.0,0.0,0,0,38,0.0,20333.4,0,0,3003
36085024402,"Richmond County, NY",40.4997874,-74.2384712,62.868883089938585,49.88429752066116,79.23327895595432,0.0,0.0,0,0,38,0.0,20333.4,0,0,3004
36085006400,"Richmond County, NY",40.5972427,-74.0785031,67.84426005449806,63.20661157024794,72.82218597063621,0.0,0.0,0,0,38,0.0,20333.4,0,0,3005
36085000600,"Richmond County, NY",40.6104075,-74.060977,69.18569487306675,61.85123966942149,77.38988580750407,0.0,0.0,0,0,38,0.0,20333.4,0,0,3006
36085020804,"Richmond County, NY",40.5358036,-74.1995324,49.37910363562498,44.925619834710744,54.274061990212076,0.0,0.0,0,0,38,0.0,20333.4,0,0,3007
36085014607,"Richmond County, NY",40.556922,-74.1641209,38.894917869222326,28.92561983471074,52.30016313213704,0.0,0.0,0,0,38,0.0,20333.4,0,0,3008
36081148300,"Queens County, NY",40.7758594,-73.7519701,7.797678919379442,0.8264462809917356,73.5725938009788,0.0,0.0,0,0,38,0.0,20333.4,0,0,3009
36085011401,"Richmond County, NY",40.5857439,-74.0990981,57.42479852122697,49.52066115702479,66.5905383360522,0.0,0.0,0,0,38,0.0,20333.4,0,0,3010
36085017015,"Richmond County, NY",40.5512814,-74.1824317,25.098353174024183,14.909090909090908,42.25122349102774,0.0,0.0,0,0,38,0.0,20333.4,0,0,3011
36085022601,"Richmond County, NY",40.5313464,-74.219857,56.16940888214008,46.942148760330575,67.21044045676999,0.0,0.0,0,0,38,0.0,20333.4,0,0,3012
36085012804,"Richmond County, NY",40.5626143,-74.1008025,49.86971012090041,33.81818181818182,73.5399673735726,0.0,0.0,0,0,38,0.0,20333.4,0,0,3013
36085009602,"Richmond County, NY",40.5907821,-74.0951596,47.0431688847482,32.59504132231405,67.89559543230015,0.0,0.0,0,0,38,0.0,20333.4,0,0,3014
36085020803,"Richmond County, NY",40.5328231,-74.2106656,51.76267936188446,43.04132231404959,62.25122349102773,0.0,0.0,0,0,38,0.0,20333.4,0,0,3015
36085017600,"Richmond County, NY",40.5252077,-74.1711061,38.33142304338537,25.71900826446281,57.12887438825449,0.0,0.0,0,0,38,0.0,20333.4,0,0,3016
36085017014,"Richmond County, NY",40.5484415,-74.1942561,40.83593901254713,33.98347107438017,49.07014681892333,0.0,0.0,0,0,38,0.0,20333.4,0,0,3017
36085017011,"Richmond County, NY",40.5456376,-74.1702297,37.24018430087461,31.76859504132231,43.65415986949429,0.0,0.0,0,0,38,0.0,20333.4,0,0,3018
36085017702,"Richmond County, NY",40.5981757,-74.097294,28.67615506206783,12.49586776859504,65.80750407830342,0.0,0.0,0,0,38,0.0,20333.4,0,0,3019
36085019800,"Richmond County, NY",40.5135721,-74.2021256,54.107450951787854,42.446280991735534,68.97226753670473,0.0,0.0,0,0,38,0.0,20333.4,0,0,3020
36085018100,"Richmond County, NY",40.5903001,-74.1218647,42.30468383029353,34.049586776859506,52.56117455138663,0.0,0.0,0,0,38,0.0,20333.4,0,0,3021
36081152902,"Queens County, NY",40.759314,-73.7240159,22.698347305630456,9.388429752066116,54.87765089722675,0.0,0.0,0,0,38,0.0,20333.4,0,0,3022
36085004004,"Richmond County, NY",40.6092915,-74.0852715,27.12010287179988,10.446280991735538,70.4078303425775,0.0,0.0,0,0,38,0.0,20333.4,0,0,3023
36085015603,"Richmond County, NY",40.5314236,-74.1553663,49.63851641238715,42.049586776859506,58.597063621533444,0.0,0.0,0,0,38,0.0,20333.4,0,0,3024
36085011402,"Richmond County, NY",40.5811925,-74.1049524,38.89983964884374,23.074380165289256,65.57911908646004,0.0,0.0,0,0,38,0.0,20333.4,0,0,3025
